{
"type": "FeatureCollection",
"name": "lakes_region",
"crs": { "type": "name", "properties": { "name": "urn:ogc:def:crs:OGC:1.3:CRS84" } },
"features": [
{ "type": "Feature", "properties": { "name": "Eğirdir" }, "geometry": { "type": "Polygon", "coordinates": [ [ [ 30.809773, 38.270688 ], [ 30.860109, 38.280991 ], [ 30.893078, 38.274809 ], [ 30.882775, 38.240369 ], [ 30.86894, 38.208283 ], [ 30.855105, 38.175903 ], [ 30.856282, 38.150293 ], [ 30.8919, 38.143523 ], [ 30.92428, 38.122034 ], [ 30.93841, 38.092304 ], [ 30.944003, 38.067871 ], [ 30.947535, 38.050798 ], [ 30.958132, 38.022834 ], [ 30.966669, 37.990159 ], [ 30.948124, 37.963667 ], [ 30.918099, 37.928048 ], [ 30.905147, 37.894785 ], [ 30.898376, 37.868293 ], [ 30.876593, 37.852397 ], [ 30.855693, 37.861522 ], [ 30.84804, 37.877123 ], [ 30.834499, 37.88566 ], [ 30.811833, 37.910387 ], [ 30.79476, 37.931875 ], [ 30.77857, 37.940117 ], [ 30.7718, 37.959251 ], [ 30.777098, 37.980151 ], [ 30.796821, 37.996341 ], [ 30.812716, 38.016652 ], [ 30.831556, 38.049915 ], [ 30.852161, 38.076997 ], [ 30.843624, 38.111143 ], [ 30.813894, 38.138224 ], [ 30.774155, 38.148527 ], [ 30.755021, 38.171193 ], [ 30.751194, 38.195331 ], [ 30.752077, 38.223001 ], [ 30.773271, 38.25126 ], [ 30.809773, 38.270688 ] ] ] } },
{ "type": "Feature", "properties": { "name": "Beyşehir" }, "geometry": { "type": "Polygon", "coordinates": [ [ [ 31.485633, 37.61043 ], [ 31.465027, 37.60778 ], [ 31.456491, 37.628091 ], [ 31.459434, 37.669891 ], [ 31.451781, 37.687553 ], [ 31.452664, 37.699328 ], [ 31.45914, 37.717872 ], [ 31.436474, 37.757317 ], [ 31.41263, 37.800883 ], [ 31.388787, 37.832969 ], [ 31.353757, 37.869176 ], [ 31.339334, 37.894785 ], [ 31.324027, 37.91804 ], [ 31.318728, 37.95042 ], [ 31.357879, 37.962195 ], [ 31.394674, 37.966316 ], [ 31.418518, 37.977207 ], [ 31.447954, 37.957191 ], [ 31.474152, 37.932464 ], [ 31.498879, 37.910387 ], [ 31.527727, 37.886837 ], [ 31.561579, 37.86947 ], [ 31.575708, 37.847687 ], [ 31.580712, 37.834146 ], [ 31.593076, 37.817662 ], [ 31.594842, 37.794407 ], [ 31.602201, 37.781161 ], [ 31.613092, 37.784693 ], [ 31.626633, 37.79529 ], [ 31.646355, 37.795879 ], [ 31.654892, 37.77233 ], [ 31.673143, 37.743777 ], [ 31.686095, 37.727586 ], [ 31.702285, 37.70492 ], [ 31.706406, 37.676367 ], [ 31.674909, 37.66577 ], [ 31.644295, 37.658117 ], [ 31.582478, 37.641338 ], [ 31.526255, 37.635745 ], [ 31.515658, 37.628386 ], [ 31.520073, 37.6172 ], [ 31.5239, 37.604837 ], [ 31.508299, 37.60101 ], [ 31.485633, 37.61043 ] ] ] } },
{ "type": "Feature", "properties": { "name": "Lake Ladoga" }, "geometry": { "type": "MultiPolygon", "coordinates": [ [ [ [ 30.077983, 61.242865 ], [ 30.088286, 61.25199 ], [ 30.110658, 61.259349 ], [ 30.082399, 61.274362 ], [ 30.077395, 61.292318 ], [ 30.092407, 61.307625 ], [ 30.124199, 61.314101 ], [ 30.19779, 61.300855 ], [ 30.237529, 61.301149 ], [ 30.261372, 61.320871 ], [ 30.244005, 61.324698 ], [ 30.208387, 61.32823 ], [ 30.19308, 61.334412 ], [ 30.226048, 61.333235 ], [ 30.239884, 61.336767 ], [ 30.24842, 61.348247 ], [ 30.223105, 61.355312 ], [ 30.144804, 61.355018 ], [ 30.163643, 61.369736 ], [ 30.196906, 61.383571 ], [ 30.219572, 61.40035 ], [ 30.206915, 61.423899 ], [ 30.221927, 61.432435 ], [ 30.247243, 61.453924 ], [ 30.264905, 61.458045 ], [ 30.311414, 61.445976 ], [ 30.338496, 61.442444 ], [ 30.350859, 61.451275 ], [ 30.264905, 61.479239 ], [ 30.237234, 61.4813 ], [ 30.226637, 61.488659 ], [ 30.22546, 61.503377 ], [ 30.227226, 61.526926 ], [ 30.253719, 61.517212 ], [ 30.268731, 61.514563 ], [ 30.29699, 61.519861 ], [ 30.316124, 61.519861 ], [ 30.334669, 61.516329 ], [ 30.373819, 61.496312 ], [ 30.415913, 61.487776 ], [ 30.458891, 61.485715 ], [ 30.488033, 61.491602 ], [ 30.472431, 61.513385 ], [ 30.452415, 61.533697 ], [ 30.474492, 61.531047 ], [ 30.498041, 61.524571 ], [ 30.520118, 61.521922 ], [ 30.561329, 61.540467 ], [ 30.619908, 61.540761 ], [ 30.645812, 61.546943 ], [ 30.583407, 61.57844 ], [ 30.575753, 61.5805 ], [ 30.566628, 61.581972 ], [ 30.559269, 61.584916 ], [ 30.556031, 61.591981 ], [ 30.557503, 61.601989 ], [ 30.561624, 61.60611 ], [ 30.5681, 61.606404 ], [ 30.587528, 61.601106 ], [ 30.59577, 61.601989 ], [ 30.601951, 61.606699 ], [ 30.604012, 61.61553 ], [ 30.607544, 61.624949 ], [ 30.616375, 61.629659 ], [ 30.638158, 61.636135 ], [ 30.650522, 61.644672 ], [ 30.703507, 61.699718 ], [ 30.82037, 61.775958 ], [ 30.83391, 61.780079 ], [ 30.84127, 61.778608 ], [ 30.849512, 61.770365 ], [ 30.858048, 61.766539 ], [ 30.893666, 61.759179 ], [ 30.906324, 61.759768 ], [ 30.896316, 61.752703 ], [ 30.864819, 61.738574 ], [ 30.88513, 61.738574 ], [ 30.925752, 61.732981 ], [ 30.926046, 61.732392 ], [ 30.990512, 61.729449 ], [ 31.023775, 61.723267 ], [ 31.049679, 61.711198 ], [ 31.062631, 61.695008 ], [ 31.066164, 61.677052 ], [ 31.06322, 61.639373 ], [ 31.078233, 61.622889 ], [ 31.111201, 61.613469 ], [ 31.143876, 61.610231 ], [ 31.158888, 61.612292 ], [ 31.165953, 61.638196 ], [ 31.184204, 61.637607 ], [ 31.208636, 61.630542 ], [ 31.23454, 61.636135 ], [ 31.228653, 61.647027 ], [ 31.228947, 61.656152 ], [ 31.236012, 61.662039 ], [ 31.248964, 61.663511 ], [ 31.260444, 61.660567 ], [ 31.261033, 61.654975 ], [ 31.258972, 61.647027 ], [ 31.261916, 61.636135 ], [ 31.271924, 61.621417 ], [ 31.283404, 61.608465 ], [ 31.298123, 61.59934 ], [ 31.317256, 61.595219 ], [ 31.316373, 61.606404 ], [ 31.319317, 61.614352 ], [ 31.326382, 61.619945 ], [ 31.337567, 61.622595 ], [ 31.333152, 61.627304 ], [ 31.323438, 61.642317 ], [ 31.337862, 61.635252 ], [ 31.378484, 61.622595 ], [ 31.411158, 61.593747 ], [ 31.434413, 61.58521 ], [ 31.483866, 61.54812 ], [ 31.510065, 61.534874 ], [ 31.522134, 61.526926 ], [ 31.534497, 61.514269 ], [ 31.537735, 61.505732 ], [ 31.538029, 61.497195 ], [ 31.542445, 61.485421 ], [ 31.55157, 61.474529 ], [ 31.56305, 61.464521 ], [ 31.57247, 61.453924 ], [ 31.576591, 61.440677 ], [ 31.592192, 61.424487 ], [ 31.625161, 61.405943 ], [ 31.652243, 61.398878 ], [ 31.652243, 61.416245 ], [ 31.641351, 61.428314 ], [ 31.616036, 61.440972 ], [ 31.604556, 61.451275 ], [ 31.596608, 61.464815 ], [ 31.59337, 61.478356 ], [ 31.598963, 61.48601 ], [ 31.617802, 61.482183 ], [ 31.639879, 61.468348 ], [ 31.700813, 61.410358 ], [ 31.730838, 61.391813 ], [ 31.766456, 61.376506 ], [ 31.804429, 61.365909 ], [ 31.856826, 61.359139 ], [ 31.865951, 61.352074 ], [ 31.882435, 61.331468 ], [ 31.897448, 61.319694 ], [ 31.912461, 61.312335 ], [ 32.210504, 61.224467 ], [ 32.508548, 61.136599 ], [ 32.533569, 61.118349 ], [ 32.569481, 61.081259 ], [ 32.58155, 61.060359 ], [ 32.585083, 61.032689 ], [ 32.582433, 61.016793 ], [ 32.578901, 61.005902 ], [ 32.580373, 60.998248 ], [ 32.591559, 60.991772 ], [ 32.608632, 60.991772 ], [ 32.621584, 60.997071 ], [ 32.629532, 60.995599 ], [ 32.632475, 60.974699 ], [ 32.64425, 60.960275 ], [ 32.721079, 60.90258 ], [ 32.77848, 60.878442 ], [ 32.805856, 60.861369 ], [ 32.817336, 60.83782 ], [ 32.80615, 60.777181 ], [ 32.803501, 60.745978 ], [ 32.814098, 60.721546 ], [ 32.847361, 60.70565 ], [ 32.89181, 60.696819 ], [ 32.932727, 60.684162 ], [ 32.95451, 60.656786 ], [ 32.948328, 60.628821 ], [ 32.925662, 60.600857 ], [ 32.862079, 60.544339 ], [ 32.821163, 60.515491 ], [ 32.809388, 60.500773 ], [ 32.794081, 60.471042 ], [ 32.78319, 60.457501 ], [ 32.772887, 60.470453 ], [ 32.775242, 60.482228 ], [ 32.779657, 60.493708 ], [ 32.776419, 60.505777 ], [ 32.76229, 60.51343 ], [ 32.720784, 60.520201 ], [ 32.677219, 60.544044 ], [ 32.637774, 60.551109 ], [ 32.601567, 60.544633 ], [ 32.585083, 60.519023 ], [ 32.594797, 60.49989 ], [ 32.617463, 60.474869 ], [ 32.642778, 60.453086 ], [ 32.659557, 60.443666 ], [ 32.67192, 60.439545 ], [ 32.680457, 60.429242 ], [ 32.685461, 60.415702 ], [ 32.686933, 60.40275 ], [ 32.682223, 60.393919 ], [ 32.670743, 60.381555 ], [ 32.645427, 60.361244 ], [ 32.629532, 60.355357 ], [ 32.618346, 60.356534 ], [ 32.60716, 60.360067 ], [ 32.591559, 60.361244 ], [ 32.582433, 60.358595 ], [ 32.578018, 60.352413 ], [ 32.57949, 60.342994 ], [ 32.622467, 60.289419 ], [ 32.626588, 60.278528 ], [ 32.626588, 60.263515 ], [ 32.62335, 60.248797 ], [ 32.619523, 60.2382 ], [ 32.569776, 60.190807 ], [ 32.497951, 60.165492 ], [ 32.29219, 60.133995 ], [ 32.263931, 60.138116 ], [ 32.238616, 60.152834 ], [ 32.1768, 60.207586 ], [ 32.164142, 60.215828 ], [ 32.152073, 60.214945 ], [ 32.13971, 60.211119 ], [ 32.125286, 60.211119 ], [ 32.112628, 60.215534 ], [ 32.095555, 60.22672 ], [ 32.083781, 60.232313 ], [ 32.050223, 60.239966 ], [ 31.778231, 60.246442 ], [ 31.762924, 60.249386 ], [ 31.7485, 60.254979 ], [ 31.736431, 60.258511 ], [ 31.731427, 60.252918 ], [ 31.729072, 60.243499 ], [ 31.724362, 60.235256 ], [ 31.588954, 60.166964 ], [ 31.570409, 60.135173 ], [ 31.580123, 60.140471 ], [ 31.593664, 60.14577 ], [ 31.605733, 60.146653 ], [ 31.610737, 60.138705 ], [ 31.606616, 60.129285 ], [ 31.596902, 60.123104 ], [ 31.576591, 60.114861 ], [ 31.545977, 60.091018 ], [ 31.540973, 60.081893 ], [ 31.539796, 60.072179 ], [ 31.537146, 60.06217 ], [ 31.528904, 60.052751 ], [ 31.549215, 60.036561 ], [ 31.56776, 60.010068 ], [ 31.57718, 59.979748 ], [ 31.570409, 59.950901 ], [ 31.537146, 59.927057 ], [ 31.483572, 59.908807 ], [ 31.427348, 59.900564 ], [ 31.385843, 59.905863 ], [ 31.371125, 59.917343 ], [ 31.362, 59.930001 ], [ 31.349342, 59.939715 ], [ 31.323438, 59.943542 ], [ 31.271336, 59.941187 ], [ 31.243665, 59.936182 ], [ 31.224237, 59.926468 ], [ 31.186853, 59.91646 ], [ 31.127391, 59.919992 ], [ 31.071168, 59.93265 ], [ 31.042615, 59.950901 ], [ 31.085592, 59.958554 ], [ 31.097366, 59.964147 ], [ 31.102371, 59.969446 ], [ 31.104137, 59.982103 ], [ 31.107375, 59.987991 ], [ 31.113556, 59.991817 ], [ 31.128275, 59.996527 ], [ 31.146231, 60.008596 ], [ 31.155945, 60.013011 ], [ 31.161243, 60.019487 ], [ 31.158888, 60.032145 ], [ 31.150646, 60.040976 ], [ 31.135634, 60.050101 ], [ 31.118561, 60.057166 ], [ 31.104137, 60.06011 ], [ 31.087652, 60.068646 ], [ 31.094717, 60.088074 ], [ 31.110024, 60.111035 ], [ 31.117972, 60.128991 ], [ 31.105903, 60.152246 ], [ 31.081176, 60.164609 ], [ 31.028485, 60.179916 ], [ 30.989923, 60.206409 ], [ 30.961959, 60.236728 ], [ 30.882186, 60.396862 ], [ 30.85746, 60.43513 ], [ 30.823608, 60.46486 ], [ 30.809773, 60.450731 ], [ 30.796526, 60.440428 ], [ 30.78328, 60.438956 ], [ 30.76915, 60.450731 ], [ 30.76238, 60.464272 ], [ 30.762086, 60.47899 ], [ 30.766795, 60.493119 ], [ 30.775921, 60.505777 ], [ 30.759142, 60.52079 ], [ 30.727939, 60.537274 ], [ 30.714399, 60.55317 ], [ 30.713515, 60.557879 ], [ 30.713515, 60.56465 ], [ 30.712044, 60.572303 ], [ 30.706156, 60.580251 ], [ 30.695854, 60.586727 ], [ 30.533953, 60.629999 ], [ 30.5263, 60.639713 ], [ 30.52836, 60.67327 ], [ 30.523062, 60.686222 ], [ 30.499513, 60.713304 ], [ 30.494214, 60.728022 ], [ 30.497747, 60.737442 ], [ 30.507166, 60.740091 ], [ 30.531893, 60.738619 ], [ 30.536014, 60.742446 ], [ 30.529832, 60.761579 ], [ 30.536603, 60.783362 ], [ 30.536308, 60.80544 ], [ 30.532187, 60.825751 ], [ 30.525122, 60.834876 ], [ 30.516586, 60.83782 ], [ 30.499513, 60.851655 ], [ 30.490976, 60.854599 ], [ 30.477435, 60.855776 ], [ 30.445644, 60.862841 ], [ 30.432692, 60.868434 ], [ 30.448882, 60.881091 ], [ 30.457713, 60.885801 ], [ 30.466838, 60.889333 ], [ 30.448588, 60.897281 ], [ 30.379412, 60.952622 ], [ 30.363222, 60.962336 ], [ 30.300817, 60.989712 ], [ 30.254602, 61.032689 ], [ 30.234585, 61.04358 ], [ 29.895772, 61.165447 ], [ 29.816588, 61.209602 ], [ 29.795688, 61.218433 ], [ 29.80864, 61.223437 ], [ 29.825419, 61.22432 ], [ 29.842198, 61.221376 ], [ 29.871045, 61.205186 ], [ 29.912551, 61.206952 ], [ 29.929035, 61.200771 ], [ 29.936983, 61.191645 ], [ 29.941987, 61.184286 ], [ 29.948169, 61.17781 ], [ 29.959649, 61.169862 ], [ 29.976722, 61.16162 ], [ 29.993795, 61.155733 ], [ 30.011163, 61.153378 ], [ 30.02853, 61.155733 ], [ 30.012635, 61.188113 ], [ 30.001449, 61.201654 ], [ 29.987025, 61.211073 ], [ 29.95906, 61.217255 ], [ 29.902542, 61.221671 ], [ 29.877227, 61.231973 ], [ 29.886352, 61.235506 ], [ 29.893711, 61.236978 ], [ 29.901659, 61.236094 ], [ 29.911373, 61.231973 ], [ 29.898716, 61.243748 ], [ 29.878699, 61.250813 ], [ 29.836899, 61.259349 ], [ 29.86192, 61.264942 ], [ 29.872517, 61.278483 ], [ 29.878699, 61.294673 ], [ 29.890768, 61.307331 ], [ 29.909607, 61.306742 ], [ 30.030002, 61.245808 ], [ 30.049136, 61.239038 ], [ 30.068858, 61.236978 ], [ 30.077983, 61.242865 ] ], [ [ 30.796821, 61.704133 ], [ 30.800942, 61.71738 ], [ 30.802708, 61.732392 ], [ 30.780336, 61.724445 ], [ 30.762674, 61.715025 ], [ 30.746779, 61.702956 ], [ 30.730883, 61.68706 ], [ 30.714987, 61.661156 ], [ 30.725584, 61.651148 ], [ 30.775921, 61.64997 ], [ 30.792111, 61.645849 ], [ 30.801825, 61.639079 ], [ 30.810361, 61.630837 ], [ 30.823608, 61.622595 ], [ 30.828906, 61.620828 ], [ 30.836265, 61.62024 ], [ 30.839798, 61.623183 ], [ 30.810361, 61.667338 ], [ 30.795937, 61.680584 ], [ 30.775921, 61.683234 ], [ 30.810067, 61.683234 ], [ 30.804768, 61.687943 ], [ 30.796821, 61.704133 ] ], [ [ 30.85746, 61.711787 ], [ 30.850984, 61.697657 ], [ 30.85746, 61.68029 ], [ 30.874238, 61.666455 ], [ 30.912506, 61.64997 ], [ 30.904852, 61.667043 ], [ 30.907501, 61.685 ], [ 30.907501, 61.700601 ], [ 30.8919, 61.711198 ], [ 30.899554, 61.705016 ], [ 30.887485, 61.712964 ], [ 30.871589, 61.715908 ], [ 30.85746, 61.711787 ] ], [ [ 30.631682, 61.575791 ], [ 30.650522, 61.564899 ], [ 30.670538, 61.558718 ], [ 30.686434, 61.561072 ], [ 30.679369, 61.567548 ], [ 30.65582, 61.582561 ], [ 30.617553, 61.589037 ], [ 30.631682, 61.575791 ] ], [ [ 30.565156, 61.518978 ], [ 30.54926, 61.519567 ], [ 30.563979, 61.505732 ], [ 30.582229, 61.499845 ], [ 30.601363, 61.503966 ], [ 30.617553, 61.519567 ], [ 30.610782, 61.526926 ], [ 30.565156, 61.518978 ] ], [ [ 30.337024, 61.485421 ], [ 30.351742, 61.475707 ], [ 30.368815, 61.468348 ], [ 30.387066, 61.464227 ], [ 30.404728, 61.464815 ], [ 30.395308, 61.472763 ], [ 30.384416, 61.479239 ], [ 30.35969, 61.486598 ], [ 30.348504, 61.487776 ], [ 30.337024, 61.485421 ] ], [ [ 30.960193, 61.412419 ], [ 30.885719, 61.389164 ], [ 30.911328, 61.366203 ], [ 30.955188, 61.357078 ], [ 30.988157, 61.365615 ], [ 30.980798, 61.395934 ], [ 30.987863, 61.395345 ], [ 30.992573, 61.397406 ], [ 30.996399, 61.40035 ], [ 31.001109, 61.402705 ], [ 31.008174, 61.402705 ], [ 31.012589, 61.406826 ], [ 31.018182, 61.409769 ], [ 31.025247, 61.411241 ], [ 30.99846, 61.419189 ], [ 30.960193, 61.412419 ] ], [ [ 31.537441, 61.394462 ], [ 31.528904, 61.375623 ], [ 31.53332, 61.361199 ], [ 31.545977, 61.348247 ], [ 31.576591, 61.32823 ], [ 31.619568, 61.306447 ], [ 31.644884, 61.301738 ], [ 31.659307, 61.314101 ], [ 31.651065, 61.327642 ], [ 31.633403, 61.338239 ], [ 31.625161, 61.348542 ], [ 31.646061, 61.361788 ], [ 31.596902, 61.389164 ], [ 31.578357, 61.395345 ], [ 31.55628, 61.399172 ], [ 31.537441, 61.394462 ] ], [ [ 31.67903, 61.382099 ], [ 31.666078, 61.375623 ], [ 31.69522, 61.371208 ], [ 31.7067, 61.365909 ], [ 31.714354, 61.355018 ], [ 31.700813, 61.355018 ], [ 31.713765, 61.349425 ], [ 31.741729, 61.342949 ], [ 31.75527, 61.337944 ], [ 31.819736, 61.302915 ], [ 31.83887, 61.299971 ], [ 31.885673, 61.300855 ], [ 31.873899, 61.308214 ], [ 31.849172, 61.310569 ], [ 31.837986, 61.314101 ], [ 31.832688, 61.320283 ], [ 31.827684, 61.336178 ], [ 31.824151, 61.341182 ], [ 31.801191, 61.351485 ], [ 31.750855, 61.362377 ], [ 31.728189, 61.375623 ], [ 31.720535, 61.375623 ], [ 31.707289, 61.380922 ], [ 31.693159, 61.383276 ], [ 31.67903, 61.382099 ] ], [ [ 30.260783, 61.375329 ], [ 30.321717, 61.387103 ], [ 30.350859, 61.389164 ], [ 30.335846, 61.395345 ], [ 30.304644, 61.393579 ], [ 30.288748, 61.395934 ], [ 30.296107, 61.395934 ], [ 30.26255, 61.397995 ], [ 30.251069, 61.394168 ], [ 30.234585, 61.382982 ], [ 30.260783, 61.375329 ] ], [ [ 29.95906, 61.239038 ], [ 29.980254, 61.239038 ], [ 29.970835, 61.246692 ], [ 29.932567, 61.261998 ], [ 29.918732, 61.264942 ], [ 29.911373, 61.265531 ], [ 29.923442, 61.249341 ], [ 29.939632, 61.241687 ], [ 29.95906, 61.239038 ] ], [ [ 30.621968, 60.896693 ], [ 30.608722, 60.898459 ], [ 30.591943, 60.892277 ], [ 30.575164, 60.881091 ], [ 30.562212, 60.868434 ], [ 30.59106, 60.856953 ], [ 30.605778, 60.860191 ], [ 30.613726, 60.874615 ], [ 30.621968, 60.896693 ] ] ], [ [ [ 30.796821, 61.704133 ], [ 30.796526, 61.704722 ], [ 30.796526, 61.705016 ], [ 30.796821, 61.704133 ] ] ] ] } },
{ "type": "Feature", "properties": { "name": "Lake Balkhash" }, "geometry": { "type": "Polygon", "coordinates": [ [ [ 79.052521, 46.464019 ], [ 79.025733, 46.4337 ], [ 78.992176, 46.407207 ], [ 78.953026, 46.38513 ], [ 78.908577, 46.368351 ], [ 78.884144, 46.365113 ], [ 78.794658, 46.377771 ], [ 78.731075, 46.396316 ], [ 78.711353, 46.394549 ], [ 78.67544, 46.379831 ], [ 78.655129, 46.374827 ], [ 78.638939, 46.37365 ], [ 78.622749, 46.374533 ], [ 78.607736, 46.377476 ], [ 78.593901, 46.382186 ], [ 78.546803, 46.40603 ], [ 78.525314, 46.409268 ], [ 78.472035, 46.406913 ], [ 78.456139, 46.402497 ], [ 78.440832, 46.395138 ], [ 78.426114, 46.383364 ], [ 78.417872, 46.367468 ], [ 78.421698, 46.34804 ], [ 78.434356, 46.338032 ], [ 78.467619, 46.329201 ], [ 78.477039, 46.320075 ], [ 78.471151, 46.294466 ], [ 78.440832, 46.287401 ], [ 78.404625, 46.295054 ], [ 78.380193, 46.313305 ], [ 78.387846, 46.313305 ], [ 78.366947, 46.339798 ], [ 78.338099, 46.356577 ], [ 78.306896, 46.362169 ], [ 78.278932, 46.354222 ], [ 78.292178, 46.34804 ], [ 78.261859, 46.330967 ], [ 78.14794, 46.345979 ], [ 78.107317, 46.34127 ], [ 78.107317, 46.333616 ], [ 78.117031, 46.332439 ], [ 78.126157, 46.333027 ], [ 78.134988, 46.335971 ], [ 78.142641, 46.34127 ], [ 78.150589, 46.33391 ], [ 78.160303, 46.329495 ], [ 78.170606, 46.327434 ], [ 78.18238, 46.327434 ], [ 78.164424, 46.312422 ], [ 78.132044, 46.311539 ], [ 78.042852, 46.324785 ], [ 78.02048, 46.336854 ], [ 77.976914, 46.368351 ], [ 77.871237, 46.425752 ], [ 77.811481, 46.438704 ], [ 77.757613, 46.423103 ], [ 77.757613, 46.415449 ], [ 77.777335, 46.421631 ], [ 77.799118, 46.423986 ], [ 77.820607, 46.42222 ], [ 77.839152, 46.415449 ], [ 77.822667, 46.409562 ], [ 77.800884, 46.405441 ], [ 77.76144, 46.402497 ], [ 77.743778, 46.396021 ], [ 77.728765, 46.383658 ], [ 77.713753, 46.375416 ], [ 77.695502, 46.382186 ], [ 77.705216, 46.390723 ], [ 77.737302, 46.409268 ], [ 77.595124, 46.41957 ], [ 77.485032, 46.460487 ], [ 77.451474, 46.488157 ], [ 77.433224, 46.499343 ], [ 77.411735, 46.506113 ], [ 77.387303, 46.506408 ], [ 77.364342, 46.499049 ], [ 77.316067, 46.475794 ], [ 77.283098, 46.467846 ], [ 77.264553, 46.454011 ], [ 77.253661, 46.451067 ], [ 77.243947, 46.453422 ], [ 77.236883, 46.458721 ], [ 77.230701, 46.465491 ], [ 77.222753, 46.47079 ], [ 77.203325, 46.478149 ], [ 77.179776, 46.483742 ], [ 77.156521, 46.483742 ], [ 77.137682, 46.474617 ], [ 77.118254, 46.459604 ], [ 77.09706, 46.45195 ], [ 77.073216, 46.449596 ], [ 77.044663, 46.451067 ], [ 76.928978, 46.478443 ], [ 76.9278, 46.457249 ], [ 76.912493, 46.457838 ], [ 76.792098, 46.51936 ], [ 76.752065, 46.532606 ], [ 76.397356, 46.540848 ], [ 76.3794, 46.545264 ], [ 76.304043, 46.575583 ], [ 76.281082, 46.579116 ], [ 76.263126, 46.573817 ], [ 76.27755, 46.567636 ], [ 76.28432, 46.566458 ], [ 76.28432, 46.560276 ], [ 76.264009, 46.56322 ], [ 76.256945, 46.566458 ], [ 76.257828, 46.545264 ], [ 76.246347, 46.544381 ], [ 76.228097, 46.551151 ], [ 76.208374, 46.553506 ], [ 76.214556, 46.532312 ], [ 76.199249, 46.527308 ], [ 76.124186, 46.535256 ], [ 76.084741, 46.54497 ], [ 76.061781, 46.547324 ], [ 76.057366, 46.542909 ], [ 76.061781, 46.533195 ], [ 76.069435, 46.523775 ], [ 76.075616, 46.51936 ], [ 76.079737, 46.517299 ], [ 76.078265, 46.512884 ], [ 76.07385, 46.508174 ], [ 76.068551, 46.506408 ], [ 76.062075, 46.507291 ], [ 76.049418, 46.511412 ], [ 76.044708, 46.512295 ], [ 75.941681, 46.506408 ], [ 75.941681, 46.512295 ], [ 75.949334, 46.513178 ], [ 75.969351, 46.51936 ], [ 75.960814, 46.531429 ], [ 75.951983, 46.534961 ], [ 75.924607, 46.532901 ], [ 75.892227, 46.54497 ], [ 75.873977, 46.547619 ], [ 75.859553, 46.52613 ], [ 75.843952, 46.521126 ], [ 75.808039, 46.51936 ], [ 75.800974, 46.517299 ], [ 75.783901, 46.50788 ], [ 75.777131, 46.506408 ], [ 75.771244, 46.509646 ], [ 75.767417, 46.516416 ], [ 75.762707, 46.522598 ], [ 75.752993, 46.525542 ], [ 75.724734, 46.530251 ], [ 75.710016, 46.53084 ], [ 75.695298, 46.525542 ], [ 75.686172, 46.51465 ], [ 75.67793, 46.490807 ], [ 75.667333, 46.484625 ], [ 75.657619, 46.485214 ], [ 75.654381, 46.490512 ], [ 75.651732, 46.496105 ], [ 75.643195, 46.498754 ], [ 75.636131, 46.496988 ], [ 75.611993, 46.484625 ], [ 75.594036, 46.478149 ], [ 75.576669, 46.474028 ], [ 75.537519, 46.47079 ], [ 75.548116, 46.484625 ], [ 75.579024, 46.501992 ], [ 75.585206, 46.515828 ], [ 75.576375, 46.52613 ], [ 75.52074, 46.556744 ], [ 75.475996, 46.603842 ], [ 75.468637, 46.615028 ], [ 75.470698, 46.626803 ], [ 75.478351, 46.632396 ], [ 75.486005, 46.635339 ], [ 75.489537, 46.638872 ], [ 75.490715, 46.648586 ], [ 75.493953, 46.655356 ], [ 75.500429, 46.660066 ], [ 75.510143, 46.662715 ], [ 75.513969, 46.649763 ], [ 75.516913, 46.64211 ], [ 75.515736, 46.626803 ], [ 75.533103, 46.620916 ], [ 75.556358, 46.624154 ], [ 75.571665, 46.635339 ], [ 75.561068, 46.641521 ], [ 75.563423, 46.647997 ], [ 75.573137, 46.653001 ], [ 75.585206, 46.655945 ], [ 75.573137, 46.670957 ], [ 75.552531, 46.676845 ], [ 75.491598, 46.675667 ], [ 75.479234, 46.673312 ], [ 75.468049, 46.668897 ], [ 75.455685, 46.662715 ], [ 75.427132, 46.638872 ], [ 75.417418, 46.635339 ], [ 75.401522, 46.626214 ], [ 75.402405, 46.60502 ], [ 75.411531, 46.581765 ], [ 75.42095, 46.566458 ], [ 75.427721, 46.560571 ], [ 75.434491, 46.55645 ], [ 75.43979, 46.549679 ], [ 75.44185, 46.536433 ], [ 75.445088, 46.524953 ], [ 75.45333, 46.517299 ], [ 75.475996, 46.506408 ], [ 75.475702, 46.503464 ], [ 75.475113, 46.501404 ], [ 75.47423, 46.499932 ], [ 75.472464, 46.499343 ], [ 75.460101, 46.494045 ], [ 75.445971, 46.496694 ], [ 75.435669, 46.495222 ], [ 75.434491, 46.478443 ], [ 75.430076, 46.483742 ], [ 75.41889, 46.493456 ], [ 75.41418, 46.498754 ], [ 75.4027, 46.48227 ], [ 75.38857, 46.46608 ], [ 75.371497, 46.455483 ], [ 75.352658, 46.457249 ], [ 75.354718, 46.460487 ], [ 75.356779, 46.467552 ], [ 75.35884, 46.47079 ], [ 75.340883, 46.474617 ], [ 75.332641, 46.489335 ], [ 75.332936, 46.504936 ], [ 75.342061, 46.512295 ], [ 75.356779, 46.515828 ], [ 75.352364, 46.522892 ], [ 75.336762, 46.529957 ], [ 75.318217, 46.532901 ], [ 75.278478, 46.529074 ], [ 75.262582, 46.522304 ], [ 75.256401, 46.509352 ], [ 75.260816, 46.50523 ], [ 75.27995, 46.496399 ], [ 75.283482, 46.491984 ], [ 75.277301, 46.486391 ], [ 75.242566, 46.478443 ], [ 75.266998, 46.460487 ], [ 75.276123, 46.449007 ], [ 75.266704, 46.443414 ], [ 75.251691, 46.438704 ], [ 75.227259, 46.418687 ], [ 75.208419, 46.415449 ], [ 75.214601, 46.423103 ], [ 75.200472, 46.422808 ], [ 75.176923, 46.417216 ], [ 75.163382, 46.415449 ], [ 75.153373, 46.419865 ], [ 75.146309, 46.426635 ], [ 75.139833, 46.428107 ], [ 75.132768, 46.415449 ], [ 75.12276, 46.42428 ], [ 75.111574, 46.430756 ], [ 75.09921, 46.434877 ], [ 75.084492, 46.437527 ], [ 75.084492, 46.443414 ], [ 75.10186, 46.454011 ], [ 75.127175, 46.479032 ], [ 75.146603, 46.484625 ], [ 75.132768, 46.49846 ], [ 75.110985, 46.490807 ], [ 75.074484, 46.460781 ], [ 75.058588, 46.439882 ], [ 75.049463, 46.41957 ], [ 75.037983, 46.401909 ], [ 75.0162, 46.388957 ], [ 74.995005, 46.38513 ], [ 74.972045, 46.386896 ], [ 74.949673, 46.393666 ], [ 74.931128, 46.40603 ], [ 74.910229, 46.415155 ], [ 74.896394, 46.403969 ], [ 74.866074, 46.331556 ], [ 74.86107, 46.313599 ], [ 74.859009, 46.29005 ], [ 74.853416, 46.267679 ], [ 74.839581, 46.249134 ], [ 74.792777, 46.204979 ], [ 74.785124, 46.191438 ], [ 74.786301, 46.17672 ], [ 74.800725, 46.159353 ], [ 74.811617, 46.139041 ], [ 74.801314, 46.120496 ], [ 74.781297, 46.105484 ], [ 74.763047, 46.094592 ], [ 74.708295, 46.073693 ], [ 74.691222, 46.090766 ], [ 74.655898, 46.082524 ], [ 74.628228, 46.059563 ], [ 74.632643, 46.032776 ], [ 74.560524, 46.008638 ], [ 74.551104, 46.013348 ], [ 74.543745, 46.009227 ], [ 74.533148, 45.994803 ], [ 74.521079, 45.98921 ], [ 74.511365, 45.992154 ], [ 74.49547, 46.0054 ], [ 74.459263, 46.028949 ], [ 74.443661, 46.036014 ], [ 74.423939, 46.038663 ], [ 74.398624, 46.03572 ], [ 74.353292, 46.021296 ], [ 74.331509, 46.018352 ], [ 74.302367, 46.020413 ], [ 74.290003, 46.018352 ], [ 74.279995, 46.013937 ], [ 74.258506, 46.00069 ], [ 74.231425, 45.988621 ], [ 74.230247, 45.967722 ], [ 74.239667, 45.944761 ], [ 74.249676, 45.929749 ], [ 74.26616, 45.909732 ], [ 74.279112, 45.890304 ], [ 74.28706, 45.86911 ], [ 74.290003, 45.843794 ], [ 74.293241, 45.834375 ], [ 74.308254, 45.815241 ], [ 74.311786, 45.809942 ], [ 74.313553, 45.804055 ], [ 74.322089, 45.79493 ], [ 74.32415, 45.789042 ], [ 74.322383, 45.785804 ], [ 74.318262, 45.783155 ], [ 74.314141, 45.7808 ], [ 74.311786, 45.77874 ], [ 74.30531, 45.767848 ], [ 74.296774, 45.759312 ], [ 74.28706, 45.753424 ], [ 74.276168, 45.751658 ], [ 74.281467, 45.762255 ], [ 74.27764, 45.769909 ], [ 74.26822, 45.774913 ], [ 74.256446, 45.77874 ], [ 74.245849, 45.774619 ], [ 74.237312, 45.767554 ], [ 74.231719, 45.759312 ], [ 74.228481, 45.751658 ], [ 74.230542, 45.731641 ], [ 74.239667, 45.721044 ], [ 74.255268, 45.72075 ], [ 74.276168, 45.731641 ], [ 74.327388, 45.701911 ], [ 74.339162, 45.690725 ], [ 74.331509, 45.683071 ], [ 74.339162, 45.676301 ], [ 74.322972, 45.660111 ], [ 74.299717, 45.662466 ], [ 74.249676, 45.683071 ], [ 74.26145, 45.666881 ], [ 74.27087, 45.650103 ], [ 74.27087, 45.630675 ], [ 74.256446, 45.608009 ], [ 74.23584, 45.595351 ], [ 74.1596, 45.580927 ], [ 74.12045, 45.562088 ], [ 74.084537, 45.539127 ], [ 74.071585, 45.520877 ], [ 74.070408, 45.504687 ], [ 74.079827, 45.489969 ], [ 74.098078, 45.477017 ], [ 74.070113, 45.426386 ], [ 74.07394, 45.411668 ], [ 74.089541, 45.390473 ], [ 74.091308, 45.374872 ], [ 74.08542, 45.363392 ], [ 74.076589, 45.356916 ], [ 74.072763, 45.349851 ], [ 74.081005, 45.337194 ], [ 74.095134, 45.328363 ], [ 74.113091, 45.32483 ], [ 74.131047, 45.326302 ], [ 74.145765, 45.333956 ], [ 74.140761, 45.340432 ], [ 74.142233, 45.346319 ], [ 74.148709, 45.351323 ], [ 74.1596, 45.354267 ], [ 74.167842, 45.318649 ], [ 74.160778, 45.287446 ], [ 74.14812, 45.256538 ], [ 74.139583, 45.223863 ], [ 74.139878, 45.205024 ], [ 74.148709, 45.133788 ], [ 74.17373, 45.087278 ], [ 74.159306, 45.073149 ], [ 74.140172, 45.062552 ], [ 74.116917, 45.055487 ], [ 74.087775, 45.053132 ], [ 74.074823, 45.050189 ], [ 74.069819, 45.042829 ], [ 74.072174, 45.032527 ], [ 74.081005, 45.021635 ], [ 74.118978, 45.036353 ], [ 74.132224, 45.039003 ], [ 74.116329, 45.015454 ], [ 74.111913, 45.004856 ], [ 74.127809, 44.998969 ], [ 74.140172, 44.98484 ], [ 74.144293, 44.970416 ], [ 74.136051, 44.96394 ], [ 74.126043, 44.966589 ], [ 74.098078, 44.991021 ], [ 74.080711, 44.986017 ], [ 74.001821, 44.998086 ], [ 74.006531, 45.007211 ], [ 74.009474, 45.011038 ], [ 74.004176, 45.013982 ], [ 73.993873, 45.02193 ], [ 73.98828, 45.024579 ], [ 73.999172, 45.031938 ], [ 74.029197, 45.045773 ], [ 74.035967, 45.053132 ], [ 74.031552, 45.060491 ], [ 73.998877, 45.083746 ], [ 73.991813, 45.094638 ], [ 73.988575, 45.105529 ], [ 73.98828, 45.131433 ], [ 73.994167, 45.137615 ], [ 74.024487, 45.13997 ], [ 74.035967, 45.14203 ], [ 74.025664, 45.145562 ], [ 74.015656, 45.15145 ], [ 74.007414, 45.159398 ], [ 74.001821, 45.169112 ], [ 74.008003, 45.177943 ], [ 74.00447, 45.186479 ], [ 73.994462, 45.193249 ], [ 73.98151, 45.196487 ], [ 73.98151, 45.202964 ], [ 73.99976, 45.201492 ], [ 74.007119, 45.207085 ], [ 74.003293, 45.215916 ], [ 73.98828, 45.223863 ], [ 73.957666, 45.213855 ], [ 73.925875, 45.212678 ], [ 73.896144, 45.220625 ], [ 73.872301, 45.237404 ], [ 73.868768, 45.242703 ], [ 73.86347, 45.252711 ], [ 73.858466, 45.25801 ], [ 73.853756, 45.260659 ], [ 73.84463, 45.262425 ], [ 73.838154, 45.26478 ], [ 73.824319, 45.272139 ], [ 73.813134, 45.281264 ], [ 73.811367, 45.29245 ], [ 73.824319, 45.30658 ], [ 73.801948, 45.320415 ], [ 73.728357, 45.354267 ], [ 73.742486, 45.358388 ], [ 73.747785, 45.357799 ], [ 73.756027, 45.354267 ], [ 73.762503, 45.361037 ], [ 73.739542, 45.368102 ], [ 73.717465, 45.380465 ], [ 73.697448, 45.396655 ], [ 73.680375, 45.415789 ], [ 73.668601, 45.436394 ], [ 73.648878, 45.482609 ], [ 73.635632, 45.501449 ], [ 73.617087, 45.514989 ], [ 73.537903, 45.557084 ], [ 73.519064, 45.56356 ], [ 73.471082, 45.566503 ], [ 73.455187, 45.572685 ], [ 73.436642, 45.588286 ], [ 73.425162, 45.60742 ], [ 73.429871, 45.624787 ], [ 73.433698, 45.632735 ], [ 73.434287, 45.643921 ], [ 73.433404, 45.665704 ], [ 73.437231, 45.676301 ], [ 73.44665, 45.67895 ], [ 73.491394, 45.674829 ], [ 73.506112, 45.675418 ], [ 73.513765, 45.685721 ], [ 73.516709, 45.724871 ], [ 73.52083, 45.73223 ], [ 73.527895, 45.736057 ], [ 73.539669, 45.737234 ], [ 73.552327, 45.74165 ], [ 73.559392, 45.750186 ], [ 73.55792, 45.755779 ], [ 73.543202, 45.751658 ], [ 73.523185, 45.76726 ], [ 73.466373, 45.772264 ], [ 73.443707, 45.782272 ], [ 73.424279, 45.795518 ], [ 73.423101, 45.8017 ], [ 73.433404, 45.813475 ], [ 73.439291, 45.816418 ], [ 73.468139, 45.826721 ], [ 73.471377, 45.831431 ], [ 73.472554, 45.837318 ], [ 73.476381, 45.842911 ], [ 73.487861, 45.847032 ], [ 73.514943, 45.819362 ], [ 73.522596, 45.813475 ], [ 73.567339, 45.811414 ], [ 73.57411, 45.809942 ], [ 73.587356, 45.822306 ], [ 73.590006, 45.829665 ], [ 73.591183, 45.857335 ], [ 73.593538, 45.867638 ], [ 73.59972, 45.873819 ], [ 73.612083, 45.874997 ], [ 73.609728, 45.879707 ], [ 73.606784, 45.890892 ], [ 73.604724, 45.895602 ], [ 73.62739, 45.897368 ], [ 73.645935, 45.908554 ], [ 73.652116, 45.925627 ], [ 73.63887, 45.943878 ], [ 73.664774, 45.962717 ], [ 73.672722, 45.973314 ], [ 73.663302, 45.978024 ], [ 73.653588, 45.981557 ], [ 73.665657, 45.988621 ], [ 73.688029, 45.995686 ], [ 73.707457, 45.998041 ], [ 73.705691, 45.993331 ], [ 73.702747, 45.98244 ], [ 73.700981, 45.978024 ], [ 73.729828, 45.97302 ], [ 73.742781, 45.972726 ], [ 73.756027, 45.978024 ], [ 73.738071, 45.985678 ], [ 73.735421, 45.994214 ], [ 73.737776, 46.004811 ], [ 73.735127, 46.018352 ], [ 73.727179, 46.026594 ], [ 73.714522, 46.034248 ], [ 73.660653, 46.058386 ], [ 73.640636, 46.073104 ], [ 73.637398, 46.091649 ], [ 73.65977, 46.115198 ], [ 73.649761, 46.117847 ], [ 73.641225, 46.122263 ], [ 73.635043, 46.129033 ], [ 73.632688, 46.138747 ], [ 73.636809, 46.141691 ], [ 73.646229, 46.143163 ], [ 73.655649, 46.147578 ], [ 73.668601, 46.179369 ], [ 73.689206, 46.188495 ], [ 73.714227, 46.189083 ], [ 73.735127, 46.18349 ], [ 73.739248, 46.207334 ], [ 73.753672, 46.224701 ], [ 73.769273, 46.230883 ], [ 73.776632, 46.220875 ], [ 73.783403, 46.204685 ], [ 73.83109, 46.162296 ], [ 73.847574, 46.192321 ], [ 73.858171, 46.199386 ], [ 73.879071, 46.204685 ], [ 73.897616, 46.20704 ], [ 73.913806, 46.206745 ], [ 73.929996, 46.203507 ], [ 73.973562, 46.184668 ], [ 73.984748, 46.184374 ], [ 74.001821, 46.190261 ], [ 74.03214, 46.207923 ], [ 74.045092, 46.219403 ], [ 74.050391, 46.231177 ], [ 74.040971, 46.222935 ], [ 74.030963, 46.221169 ], [ 74.005648, 46.223818 ], [ 73.995934, 46.227351 ], [ 73.995345, 46.236182 ], [ 74.001821, 46.25561 ], [ 73.997111, 46.265029 ], [ 73.985631, 46.263852 ], [ 73.971796, 46.259436 ], [ 73.960904, 46.259142 ], [ 73.954723, 46.266795 ], [ 73.948835, 46.288873 ], [ 73.940593, 46.29947 ], [ 73.955606, 46.310067 ], [ 73.972973, 46.315071 ], [ 73.982393, 46.322725 ], [ 73.974739, 46.34127 ], [ 74.070113, 46.415449 ], [ 74.101316, 46.433406 ], [ 74.13399, 46.441353 ], [ 74.167254, 46.440176 ], [ 74.2014, 46.429873 ], [ 74.218473, 46.440176 ], [ 74.232897, 46.456366 ], [ 74.249381, 46.471673 ], [ 74.27293, 46.478443 ], [ 74.299717, 46.48227 ], [ 74.351231, 46.497577 ], [ 74.379196, 46.498754 ], [ 74.377724, 46.50994 ], [ 74.390676, 46.533784 ], [ 74.394208, 46.550268 ], [ 74.399801, 46.56322 ], [ 74.413931, 46.571462 ], [ 74.499885, 46.591479 ], [ 74.512543, 46.597955 ], [ 74.519902, 46.600016 ], [ 74.52785, 46.597661 ], [ 74.534326, 46.597072 ], [ 74.536975, 46.604431 ], [ 74.536092, 46.62798 ], [ 74.559935, 46.722177 ], [ 74.571121, 46.738956 ], [ 74.587606, 46.748081 ], [ 74.59732, 46.746903 ], [ 74.606739, 46.742194 ], [ 74.622341, 46.738956 ], [ 74.637942, 46.743077 ], [ 74.633232, 46.752791 ], [ 74.611449, 46.772513 ], [ 74.763047, 46.779872 ], [ 74.80779, 46.772513 ], [ 74.849001, 46.772513 ], [ 74.86107, 46.778695 ], [ 74.875199, 46.809014 ], [ 74.886385, 46.821083 ], [ 74.928185, 46.804599 ], [ 74.947024, 46.80401 ], [ 74.964686, 46.830503 ], [ 74.983231, 46.834918 ], [ 74.998244, 46.827853 ], [ 74.995594, 46.806659 ], [ 74.987058, 46.800772 ], [ 74.976166, 46.798123 ], [ 74.969985, 46.793119 ], [ 74.975283, 46.779872 ], [ 74.986175, 46.771924 ], [ 74.998832, 46.772219 ], [ 75.010607, 46.776928 ], [ 75.019438, 46.78311 ], [ 75.033567, 46.7993 ], [ 75.041221, 46.804599 ], [ 75.069774, 46.81078 ], [ 75.069774, 46.820494 ], [ 75.064181, 46.831975 ], [ 75.064475, 46.840806 ], [ 75.084787, 46.849931 ], [ 75.093029, 46.831975 ], [ 75.098033, 46.806365 ], [ 75.108924, 46.793707 ], [ 75.12276, 46.788703 ], [ 75.180455, 46.758972 ], [ 75.246392, 46.741899 ], [ 75.266704, 46.728064 ], [ 75.285837, 46.721294 ], [ 75.312624, 46.723354 ], [ 75.35884, 46.731596 ], [ 75.489537, 46.734246 ], [ 75.589621, 46.763682 ], [ 75.609049, 46.765743 ], [ 75.628477, 46.770158 ], [ 75.669982, 46.789292 ], [ 75.684701, 46.793707 ], [ 75.692943, 46.79253 ], [ 75.707072, 46.787231 ], [ 75.712077, 46.786348 ], [ 75.722379, 46.788114 ], [ 75.740041, 46.79724 ], [ 75.749755, 46.800478 ], [ 75.769772, 46.799889 ], [ 75.804801, 46.788997 ], [ 75.821874, 46.786348 ], [ 75.854254, 46.798123 ], [ 75.888401, 46.821083 ], [ 75.924607, 46.835213 ], [ 75.961992, 46.821083 ], [ 75.93962, 46.810192 ], [ 75.946096, 46.796945 ], [ 75.957282, 46.783405 ], [ 75.94904, 46.772513 ], [ 75.94904, 46.765743 ], [ 75.970234, 46.766626 ], [ 75.987896, 46.769275 ], [ 76.003203, 46.77369 ], [ 76.017332, 46.779872 ], [ 76.028518, 46.787526 ], [ 76.035583, 46.794002 ], [ 76.043825, 46.798711 ], [ 76.058249, 46.800478 ], [ 76.069435, 46.786054 ], [ 76.076499, 46.781344 ], [ 76.079443, 46.789881 ], [ 76.100637, 46.803716 ], [ 76.148619, 46.801949 ], [ 76.22898, 46.786348 ], [ 76.328769, 46.744548 ], [ 76.362916, 46.738956 ], [ 76.371452, 46.730419 ], [ 76.374101, 46.710697 ], [ 76.372924, 46.673312 ], [ 76.378517, 46.658888 ], [ 76.390291, 46.646231 ], [ 76.402066, 46.644759 ], [ 76.40707, 46.662715 ], [ 76.490375, 46.629158 ], [ 76.510392, 46.615323 ], [ 76.5204, 46.613556 ], [ 76.524522, 46.625331 ], [ 76.524522, 46.63946 ], [ 76.525993, 46.646231 ], [ 76.530114, 46.650352 ], [ 76.538062, 46.655945 ], [ 76.548071, 46.660949 ], [ 76.597229, 46.675667 ], [ 76.609593, 46.675079 ], [ 76.660518, 46.665953 ], [ 76.682006, 46.665953 ], [ 76.701729, 46.671252 ], [ 76.722334, 46.683909 ], [ 76.728221, 46.675373 ], [ 76.729988, 46.665659 ], [ 76.726455, 46.656239 ], [ 76.715564, 46.649469 ], [ 76.729988, 46.631513 ], [ 76.757364, 46.617972 ], [ 76.850677, 46.591479 ], [ 76.907489, 46.56793 ], [ 76.935454, 46.560276 ], [ 76.909844, 46.585297 ], [ 76.868339, 46.617972 ], [ 76.832721, 46.652707 ], [ 76.825362, 46.683909 ], [ 76.84008, 46.690974 ], [ 76.861568, 46.681849 ], [ 76.911316, 46.640638 ], [ 76.920441, 46.636811 ], [ 76.932216, 46.635339 ], [ 76.94399, 46.635928 ], [ 76.969306, 46.64211 ], [ 77.019348, 46.64682 ], [ 77.062619, 46.635634 ], [ 77.100886, 46.610613 ], [ 77.133855, 46.573817 ], [ 77.135621, 46.566164 ], [ 77.132678, 46.559982 ], [ 77.13415, 46.554095 ], [ 77.148279, 46.547324 ], [ 77.159759, 46.546736 ], [ 77.227757, 46.55851 ], [ 77.240415, 46.571168 ], [ 77.250423, 46.586769 ], [ 77.26367, 46.601193 ], [ 77.283392, 46.61179 ], [ 77.306941, 46.617972 ], [ 77.389069, 46.623565 ], [ 77.462954, 46.64211 ], [ 77.619262, 46.631807 ], [ 77.647815, 46.64211 ], [ 77.628093, 46.64682 ], [ 77.614552, 46.656534 ], [ 77.614258, 46.665953 ], [ 77.634863, 46.670074 ], [ 77.642222, 46.668014 ], [ 77.660178, 46.6583 ], [ 77.669009, 46.655945 ], [ 77.678429, 46.657417 ], [ 77.709926, 46.670074 ], [ 77.729943, 46.655356 ], [ 77.767032, 46.648586 ], [ 77.839152, 46.649469 ], [ 77.87683, 46.658005 ], [ 77.893609, 46.657711 ], [ 77.958958, 46.627097 ], [ 78.038436, 46.601193 ], [ 78.058453, 46.597072 ], [ 78.072288, 46.598249 ], [ 78.118503, 46.611201 ], [ 78.134399, 46.61179 ], [ 78.149117, 46.606786 ], [ 78.162364, 46.594423 ], [ 78.18238, 46.560276 ], [ 78.19651, 46.551151 ], [ 78.217115, 46.560276 ], [ 78.231833, 46.545264 ], [ 78.244197, 46.499049 ], [ 78.258032, 46.478443 ], [ 78.267452, 46.472556 ], [ 78.29836, 46.459604 ], [ 78.309546, 46.457249 ], [ 78.326619, 46.461665 ], [ 78.331034, 46.47285 ], [ 78.326619, 46.502581 ], [ 78.332506, 46.509057 ], [ 78.359293, 46.522892 ], [ 78.367241, 46.532901 ], [ 78.365475, 46.544086 ], [ 78.349873, 46.567341 ], [ 78.346047, 46.57735 ], [ 78.347813, 46.63269 ], [ 78.3537, 46.66301 ], [ 78.367241, 46.683909 ], [ 78.380487, 46.670957 ], [ 78.387846, 46.653001 ], [ 78.388141, 46.632984 ], [ 78.380193, 46.615028 ], [ 78.402565, 46.604137 ], [ 78.410807, 46.617972 ], [ 78.413456, 46.641227 ], [ 78.418755, 46.659183 ], [ 78.42788, 46.667425 ], [ 78.4373, 46.672724 ], [ 78.447602, 46.675373 ], [ 78.459671, 46.676256 ], [ 78.464087, 46.67184 ], [ 78.455256, 46.660949 ], [ 78.435533, 46.64211 ], [ 78.436417, 46.632984 ], [ 78.441421, 46.620032 ], [ 78.448485, 46.607669 ], [ 78.456139, 46.601193 ], [ 78.461437, 46.60502 ], [ 78.475273, 46.624448 ], [ 78.480571, 46.629158 ], [ 78.488519, 46.633868 ], [ 78.49058, 46.644759 ], [ 78.49058, 46.657122 ], [ 78.493818, 46.666542 ], [ 78.510891, 46.681849 ], [ 78.531496, 46.69745 ], [ 78.573296, 46.717173 ], [ 78.580949, 46.72777 ], [ 78.58507, 46.738956 ], [ 78.590958, 46.748375 ], [ 78.60391, 46.751908 ], [ 78.627459, 46.748964 ], [ 78.68957, 46.731596 ], [ 78.703699, 46.732185 ], [ 78.730486, 46.738367 ], [ 78.744027, 46.738956 ], [ 78.755213, 46.73454 ], [ 78.771992, 46.720411 ], [ 78.782589, 46.717173 ], [ 78.792891, 46.708342 ], [ 78.807021, 46.686853 ], [ 78.817912, 46.662126 ], [ 78.819679, 46.64211 ], [ 78.815852, 46.638577 ], [ 78.808493, 46.634751 ], [ 78.792597, 46.629158 ], [ 78.792597, 46.621799 ], [ 78.923, 46.630041 ], [ 78.93242, 46.635928 ], [ 78.919174, 46.652707 ], [ 78.903278, 46.660949 ], [ 78.864128, 46.670074 ], [ 78.847643, 46.676256 ], [ 78.798484, 46.730419 ], [ 78.768459, 46.747492 ], [ 78.769048, 46.766331 ], [ 78.779645, 46.785171 ], [ 78.795835, 46.793707 ], [ 78.819973, 46.796062 ], [ 78.866188, 46.805776 ], [ 78.887971, 46.806659 ], [ 78.924178, 46.793119 ], [ 78.954203, 46.769864 ], [ 78.987172, 46.749553 ], [ 79.031915, 46.745137 ], [ 79.0275, 46.753674 ], [ 79.026617, 46.763093 ], [ 79.026617, 46.77369 ], [ 79.025145, 46.786348 ], [ 79.016608, 46.804893 ], [ 79.018669, 46.811958 ], [ 79.031915, 46.821083 ], [ 79.049577, 46.821672 ], [ 79.118753, 46.816079 ], [ 79.138475, 46.809897 ], [ 79.169383, 46.786348 ], [ 79.179686, 46.77634 ], [ 79.191166, 46.757206 ], [ 79.197937, 46.74867 ], [ 79.225607, 46.736012 ], [ 79.237676, 46.713935 ], [ 79.258576, 46.662715 ], [ 79.240031, 46.622976 ], [ 79.222074, 46.604137 ], [ 79.199997, 46.611201 ], [ 79.183218, 46.612673 ], [ 79.093437, 46.601193 ], [ 79.079013, 46.596483 ], [ 79.075481, 46.593834 ], [ 79.075775, 46.587947 ], [ 79.068122, 46.554978 ], [ 79.065473, 46.494928 ], [ 79.061352, 46.479621 ], [ 79.052521, 46.464019 ] ] ] } },
{ "type": "Feature", "properties": { "name": "Lake Albert" }, "geometry": { "type": "Polygon", "coordinates": [ [ [ 31.366121, 2.271427 ], [ 31.360528, 2.262302 ], [ 31.358173, 2.253471 ], [ 31.359645, 2.208139 ], [ 31.361705, 2.199308 ], [ 31.374657, 2.184296 ], [ 31.389376, 2.161041 ], [ 31.394674, 2.137492 ], [ 31.378484, 2.120713 ], [ 31.403799, 2.058308 ], [ 31.405271, 2.02475 ], [ 31.385549, 1.997374 ], [ 31.403799, 1.95322 ], [ 31.406154, 1.938796 ], [ 31.406154, 1.914658 ], [ 31.404388, 1.909065 ], [ 31.402033, 1.904944 ], [ 31.399973, 1.89994 ], [ 31.394674, 1.863144 ], [ 31.381133, 1.837829 ], [ 31.359645, 1.824288 ], [ 31.330797, 1.832825 ], [ 31.321966, 1.812219 ], [ 31.315784, 1.759823 ], [ 31.309603, 1.737156 ], [ 31.295768, 1.711841 ], [ 31.281933, 1.695651 ], [ 31.24131, 1.668275 ], [ 31.183909, 1.614407 ], [ 31.123565, 1.582027 ], [ 31.111201, 1.578789 ], [ 31.097955, 1.580555 ], [ 31.086475, 1.584676 ], [ 31.075583, 1.586148 ], [ 31.06322, 1.578789 ], [ 31.05645, 1.583498 ], [ 31.049679, 1.586442 ], [ 31.036727, 1.556123 ], [ 31.008174, 1.541993 ], [ 30.974322, 1.532868 ], [ 30.946652, 1.517561 ], [ 30.928696, 1.49254 ], [ 30.898376, 1.433373 ], [ 30.730883, 1.239681 ], [ 30.72058, 1.22408 ], [ 30.718814, 1.208773 ], [ 30.718814, 1.192877 ], [ 30.714399, 1.174921 ], [ 30.604012, 1.058058 ], [ 30.60725, 1.052171 ], [ 30.606661, 1.048344 ], [ 30.601363, 1.04599 ], [ 30.590471, 1.044518 ], [ 30.599891, 1.038925 ], [ 30.604012, 1.037747 ], [ 30.604012, 1.031566 ], [ 30.59106, 1.027445 ], [ 30.577519, 1.028033 ], [ 30.56545, 1.033626 ], [ 30.556031, 1.044518 ], [ 30.546611, 1.038042 ], [ 30.542196, 1.029799 ], [ 30.539546, 1.021557 ], [ 30.533659, 1.013904 ], [ 30.530421, 1.024207 ], [ 30.531304, 1.034509 ], [ 30.533953, 1.045695 ], [ 30.53572, 1.058058 ], [ 30.517469, 1.041574 ], [ 30.506283, 1.034509 ], [ 30.497747, 1.034509 ], [ 30.491859, 1.044812 ], [ 30.495686, 1.054526 ], [ 30.503045, 1.063946 ], [ 30.507755, 1.072482 ], [ 30.509816, 1.09456 ], [ 30.5054, 1.108395 ], [ 30.497158, 1.121052 ], [ 30.488033, 1.140775 ], [ 30.494214, 1.159908 ], [ 30.487444, 1.181103 ], [ 30.486266, 1.199059 ], [ 30.507755, 1.209067 ], [ 30.507755, 1.215838 ], [ 30.493331, 1.223491 ], [ 30.466838, 1.250573 ], [ 30.465661, 1.255577 ], [ 30.460657, 1.266174 ], [ 30.455064, 1.271472 ], [ 30.452415, 1.260581 ], [ 30.452415, 1.229673 ], [ 30.447999, 1.230261 ], [ 30.44741, 1.231145 ], [ 30.447705, 1.232911 ], [ 30.446233, 1.236443 ], [ 30.436224, 1.225552 ], [ 30.432692, 1.222608 ], [ 30.430337, 1.239681 ], [ 30.421212, 1.254105 ], [ 30.407671, 1.26117 ], [ 30.392364, 1.256754 ], [ 30.391481, 1.26794 ], [ 30.39207, 1.278537 ], [ 30.394425, 1.288546 ], [ 30.398546, 1.297671 ], [ 30.385888, 1.310329 ], [ 30.392953, 1.323869 ], [ 30.408849, 1.334761 ], [ 30.422095, 1.339471 ], [ 30.452415, 1.401287 ], [ 30.465661, 1.420715 ], [ 30.476847, 1.441615 ], [ 30.484795, 1.463987 ], [ 30.488033, 1.486358 ], [ 30.490976, 1.496661 ], [ 30.49863, 1.509024 ], [ 30.508638, 1.519327 ], [ 30.518352, 1.523743 ], [ 30.526006, 1.529041 ], [ 30.541901, 1.555239 ], [ 30.54926, 1.565248 ], [ 30.596359, 1.587325 ], [ 30.62138, 1.602926 ], [ 30.631977, 1.623826 ], [ 30.638453, 1.645609 ], [ 30.654054, 1.662977 ], [ 30.724996, 1.706837 ], [ 30.734415, 1.715668 ], [ 30.745012, 1.745693 ], [ 30.751488, 1.750109 ], [ 30.765912, 1.756879 ], [ 30.816249, 1.798679 ], [ 30.912506, 1.90671 ], [ 30.954011, 1.929082 ], [ 30.983742, 1.93232 ], [ 30.994928, 1.935264 ], [ 31.004936, 1.940856 ], [ 31.012001, 1.948804 ], [ 31.017888, 1.95793 ], [ 31.025247, 1.966466 ], [ 31.067047, 2.002673 ], [ 31.111201, 2.031521 ], [ 31.120915, 2.035053 ], [ 31.142698, 2.040352 ], [ 31.152118, 2.045061 ], [ 31.160655, 2.054775 ], [ 31.175373, 2.079502 ], [ 31.183026, 2.08951 ], [ 31.201571, 2.106583 ], [ 31.211285, 2.111588 ], [ 31.224237, 2.113354 ], [ 31.236895, 2.116886 ], [ 31.239544, 2.126012 ], [ 31.238661, 2.137197 ], [ 31.24131, 2.1475 ], [ 31.294296, 2.190772 ], [ 31.303421, 2.205784 ], [ 31.306365, 2.22639 ], [ 31.314313, 2.245229 ], [ 31.325204, 2.262302 ], [ 31.367593, 2.309989 ], [ 31.386432, 2.322647 ], [ 31.439123, 2.341192 ], [ 31.450898, 2.348256 ], [ 31.4612, 2.359737 ], [ 31.465616, 2.371511 ], [ 31.469443, 2.39771 ], [ 31.474741, 2.408307 ], [ 31.474447, 2.358854 ], [ 31.467971, 2.335893 ], [ 31.450603, 2.326179 ], [ 31.432353, 2.321175 ], [ 31.412042, 2.3094 ], [ 31.378484, 2.284674 ], [ 31.372597, 2.279375 ], [ 31.366121, 2.271427 ] ] ] } },
{ "type": "Feature", "properties": { "name": "Lake Malawi" }, "geometry": { "type": "Polygon", "coordinates": [ [ [ 35.224646, -14.384578 ], [ 35.222585, -14.380751 ], [ 35.174604, -14.339835 ], [ 35.155765, -14.310693 ], [ 35.143696, -14.297152 ], [ 35.126917, -14.291559 ], [ 35.122796, -14.285377 ], [ 35.098069, -14.256824 ], [ 35.092182, -14.24711 ], [ 35.084234, -14.218557 ], [ 35.0651, -14.186177 ], [ 35.040668, -14.164982 ], [ 35.017708, -14.168515 ], [ 35.012998, -14.162922 ], [ 35.001223, -14.153208 ], [ 34.996514, -14.147321 ], [ 34.964133, -14.155268 ], [ 34.941762, -14.127598 ], [ 34.933225, -14.086093 ], [ 34.942056, -14.051652 ], [ 34.928515, -14.043704 ], [ 34.906438, -14.021333 ], [ 34.893486, -14.01103 ], [ 34.863167, -14.002493 ], [ 34.844033, -14.015445 ], [ 34.840206, -14.041055 ], [ 34.856102, -14.069608 ], [ 34.862578, -14.093452 ], [ 34.844916, -14.117001 ], [ 34.821956, -14.141433 ], [ 34.812242, -14.168515 ], [ 34.816657, -14.17764 ], [ 34.824605, -14.187943 ], [ 34.830787, -14.197951 ], [ 34.82902, -14.206193 ], [ 34.817835, -14.213258 ], [ 34.813713, -14.217968 ], [ 34.812242, -14.226504 ], [ 34.805766, -14.237985 ], [ 34.790164, -14.247699 ], [ 34.771914, -14.254469 ], [ 34.75749, -14.257118 ], [ 34.741594, -14.262123 ], [ 34.72511, -14.270953 ], [ 34.709214, -14.27478 ], [ 34.69479, -14.264772 ], [ 34.69273, -14.250054 ], [ 34.698028, -14.237102 ], [ 34.698617, -14.22415 ], [ 34.681838, -14.209431 ], [ 34.664176, -14.20325 ], [ 34.64887, -14.201778 ], [ 34.634151, -14.197657 ], [ 34.616784, -14.185294 ], [ 34.60913, -14.174696 ], [ 34.601183, -14.159684 ], [ 34.595001, -14.143494 ], [ 34.592646, -14.130247 ], [ 34.586759, -14.11965 ], [ 34.551141, -14.079028 ], [ 34.546136, -14.064899 ], [ 34.529063, -13.97865 ], [ 34.534067, -13.95304 ], [ 34.549963, -13.931552 ], [ 34.575867, -13.90447 ], [ 34.582638, -13.89299 ], [ 34.600005, -13.84648 ], [ 34.598828, -13.838533 ], [ 34.591763, -13.822048 ], [ 34.592646, -13.812334 ], [ 34.598239, -13.804975 ], [ 34.615312, -13.792023 ], [ 34.620316, -13.78437 ], [ 34.622377, -13.765825 ], [ 34.618844, -13.751695 ], [ 34.618844, -13.73786 ], [ 34.63003, -13.719609 ], [ 34.63474, -13.703419 ], [ 34.62326, -13.689879 ], [ 34.607659, -13.678398 ], [ 34.600005, -13.668096 ], [ 34.594118, -13.654261 ], [ 34.564681, -13.628357 ], [ 34.551141, -13.613638 ], [ 34.538189, -13.585674 ], [ 34.530535, -13.573899 ], [ 34.517289, -13.565068 ], [ 34.501687, -13.563596 ], [ 34.470485, -13.575077 ], [ 34.45194, -13.578315 ], [ 34.438105, -13.574194 ], [ 34.428391, -13.564185 ], [ 34.420149, -13.551822 ], [ 34.400721, -13.529156 ], [ 34.379526, -13.483824 ], [ 34.325069, -13.395809 ], [ 34.312411, -13.363135 ], [ 34.308879, -13.329871 ], [ 34.321537, -13.301612 ], [ 34.343025, -13.271882 ], [ 34.348029, -13.243917 ], [ 34.33861, -13.174741 ], [ 34.336844, -13.012252 ], [ 34.325069, -12.961916 ], [ 34.326541, -12.944843 ], [ 34.334194, -12.915112 ], [ 34.331251, -12.900983 ], [ 34.328307, -12.910991 ], [ 34.323008, -12.922471 ], [ 34.315649, -12.928359 ], [ 34.307996, -12.921588 ], [ 34.305641, -12.909519 ], [ 34.311823, -12.886265 ], [ 34.311234, -12.873313 ], [ 34.300048, -12.855651 ], [ 34.269729, -12.829158 ], [ 34.263547, -12.808258 ], [ 34.277088, -12.759688 ], [ 34.27591, -12.738199 ], [ 34.238232, -12.722009 ], [ 34.222925, -12.704642 ], [ 34.202025, -12.667552 ], [ 34.186423, -12.621631 ], [ 34.182008, -12.596316 ], [ 34.181714, -12.571589 ], [ 34.184657, -12.546863 ], [ 34.189073, -12.537737 ], [ 34.198492, -12.52714 ], [ 34.204968, -12.517721 ], [ 34.205557, -12.508595 ], [ 34.202025, -12.486224 ], [ 34.171117, -12.397031 ], [ 34.147862, -12.382313 ], [ 34.128139, -12.382313 ], [ 34.108417, -12.385551 ], [ 34.085457, -12.380253 ], [ 34.087517, -12.372599 ], [ 34.086045, -12.36318 ], [ 34.080747, -12.355526 ], [ 34.062791, -12.348461 ], [ 34.059553, -12.339336 ], [ 34.058964, -12.32815 ], [ 34.057492, -12.318436 ], [ 34.039536, -12.270455 ], [ 34.03041, -12.205695 ], [ 34.030116, -12.188033 ], [ 34.041891, -12.139463 ], [ 34.045717, -12.107377 ], [ 34.057492, -12.05763 ], [ 34.062496, -12.019362 ], [ 34.068972, -12.001995 ], [ 34.08163, -11.985805 ], [ 34.195254, -11.89985 ], [ 34.182891, -11.879539 ], [ 34.182891, -11.850397 ], [ 34.190839, -11.820372 ], [ 34.202025, -11.798 ], [ 34.211739, -11.788875 ], [ 34.235288, -11.775334 ], [ 34.246474, -11.766798 ], [ 34.250006, -11.761499 ], [ 34.253538, -11.749136 ], [ 34.257365, -11.742954 ], [ 34.263841, -11.736773 ], [ 34.274733, -11.730591 ], [ 34.315649, -11.692324 ], [ 34.324186, -11.672307 ], [ 34.325069, -11.639927 ], [ 34.31977, -11.61314 ], [ 34.314766, -11.59901 ], [ 34.307996, -11.589002 ], [ 34.303286, -11.578699 ], [ 34.30358, -11.549557 ], [ 34.284152, -11.478615 ], [ 34.277382, -11.353511 ], [ 34.257365, -11.296698 ], [ 34.248534, -11.286984 ], [ 34.239409, -11.280803 ], [ 34.232344, -11.272266 ], [ 34.229401, -11.25637 ], [ 34.23205, -11.231349 ], [ 34.231756, -11.221047 ], [ 34.226163, -11.211627 ], [ 34.214977, -11.185723 ], [ 34.222042, -11.160408 ], [ 34.249712, -11.112132 ], [ 34.235582, -11.093293 ], [ 34.229106, -11.060324 ], [ 34.232933, -10.934336 ], [ 34.21586, -10.741822 ], [ 34.202025, -10.687659 ], [ 34.202613, -10.672058 ], [ 34.208795, -10.637617 ], [ 34.20909, -10.625548 ], [ 34.200847, -10.608769 ], [ 34.189073, -10.593462 ], [ 34.183185, -10.577861 ], [ 34.191428, -10.560494 ], [ 34.198492, -10.554018 ], [ 34.22263, -10.539888 ], [ 34.229401, -10.532823 ], [ 34.228812, -10.525464 ], [ 34.224985, -10.517516 ], [ 34.22263, -10.50898 ], [ 34.220864, -10.477483 ], [ 34.226457, -10.468358 ], [ 34.243236, -10.454228 ], [ 34.251772, -10.45099 ], [ 34.258543, -10.452462 ], [ 34.264724, -10.451285 ], [ 34.270906, -10.440687 ], [ 34.268845, -10.437744 ], [ 34.257365, -10.412723 ], [ 34.247062, -10.377988 ], [ 34.239115, -10.364153 ], [ 34.203497, -10.323825 ], [ 34.192605, -10.308224 ], [ 34.187895, -10.293211 ], [ 34.181125, -10.279082 ], [ 34.164935, -10.264952 ], [ 34.133438, -10.241992 ], [ 34.077803, -10.186651 ], [ 33.995381, -10.068906 ], [ 33.966239, -10.001791 ], [ 33.955053, -9.933498 ], [ 33.955053, -9.899352 ], [ 33.952698, -9.889638 ], [ 33.946517, -9.886694 ], [ 33.938569, -9.885811 ], [ 33.930915, -9.881984 ], [ 33.907366, -9.827233 ], [ 33.899713, -9.758057 ], [ 33.904423, -9.725383 ], [ 33.911862, -9.717959 ], [ 33.928296, -9.700285 ], [ 33.928296, -9.693464 ], [ 33.943075, -9.683852 ], [ 33.951343, -9.67362 ], [ 33.954857, -9.660598 ], [ 33.955581, -9.642304 ], [ 33.962609, -9.612125 ], [ 33.964469, -9.594659 ], [ 33.945866, -9.55001 ], [ 33.960748, -9.524896 ], [ 33.984313, -9.505569 ], [ 33.996508, -9.491823 ], [ 34.012735, -9.477457 ], [ 34.047461, -9.489962 ], [ 34.078491, -9.510186 ], [ 34.089319, -9.522208 ], [ 34.103169, -9.529856 ], [ 34.137068, -9.570577 ], [ 34.144613, -9.574918 ], [ 34.161873, -9.593625 ], [ 34.19025, -9.60646 ], [ 34.288067, -9.70845 ], [ 34.317936, -9.719199 ], [ 34.32424, -9.732428 ], [ 34.326721, -9.750308 ], [ 34.331682, -9.769222 ], [ 34.33747, -9.77718 ], [ 34.35969, -9.799918 ], [ 34.364238, -9.802398 ], [ 34.382325, -9.819658 ], [ 34.383462, -9.823792 ], [ 34.4833, -9.946162 ], [ 34.494669, -9.966729 ], [ 34.524745, -10.008794 ], [ 34.536424, -10.043003 ], [ 34.537767, -10.053855 ], [ 34.5357, -10.065328 ], [ 34.526812, -10.084861 ], [ 34.524745, -10.094783 ], [ 34.532393, -10.12889 ], [ 34.565569, -10.202684 ], [ 34.575078, -10.255807 ], [ 34.583449, -10.277614 ], [ 34.58562, -10.290017 ], [ 34.58531, -10.300662 ], [ 34.565053, -10.409803 ], [ 34.569497, -10.431404 ], [ 34.58872, -10.463133 ], [ 34.592958, -10.481736 ], [ 34.590787, -10.491245 ], [ 34.581486, -10.513672 ], [ 34.579419, -10.526488 ], [ 34.581072, -10.539717 ], [ 34.585723, -10.553567 ], [ 34.592338, -10.566692 ], [ 34.600399, -10.578061 ], [ 34.608874, -10.581989 ], [ 34.617556, -10.581472 ], [ 34.624377, -10.583436 ], [ 34.627168, -10.595114 ], [ 34.626341, -10.614338 ], [ 34.629028, -10.620229 ], [ 34.650525, -10.645344 ], [ 34.660034, -10.665498 ], [ 34.660861, -10.687305 ], [ 34.647631, -10.708389 ], [ 34.653936, -10.717588 ], [ 34.655693, -10.722032 ], [ 34.65993, -10.727716 ], [ 34.666442, -10.732367 ], [ 34.672436, -10.739498 ], [ 34.67502, -10.752418 ], [ 34.662824, -10.761409 ], [ 34.656727, -10.769884 ], [ 34.660551, -10.796032 ], [ 34.647631, -10.858561 ], [ 34.647631, -10.902899 ], [ 34.645461, -10.913235 ], [ 34.627064, -10.954059 ], [ 34.597919, -10.990956 ], [ 34.592958, -11.016174 ], [ 34.597299, -11.036638 ], [ 34.610631, -11.077669 ], [ 34.613525, -11.102164 ], [ 34.62107, -11.119734 ], [ 34.668715, -11.160145 ], [ 34.673986, -11.169963 ], [ 34.677087, -11.178748 ], [ 34.681841, -11.185053 ], [ 34.699928, -11.189497 ], [ 34.707886, -11.194974 ], [ 34.714087, -11.202726 ], [ 34.716568, -11.211718 ], [ 34.719772, -11.234559 ], [ 34.728348, -11.253721 ], [ 34.7413, -11.268439 ], [ 34.757496, -11.277553 ], [ 34.757496, -11.283755 ], [ 34.751604, -11.287062 ], [ 34.743026, -11.293676 ], [ 34.737032, -11.296777 ], [ 34.759149, -11.337498 ], [ 34.765557, -11.345146 ], [ 34.772172, -11.344423 ], [ 34.784884, -11.333467 ], [ 34.792325, -11.330883 ], [ 34.80049, -11.331917 ], [ 34.843692, -11.346283 ], [ 34.867876, -11.358789 ], [ 34.886583, -11.375429 ], [ 34.894128, -11.395996 ], [ 34.897902, -11.403258 ], [ 34.917072, -11.418837 ], [ 34.925651, -11.445915 ], [ 34.935056, -11.456457 ], [ 34.944461, -11.464415 ], [ 34.948698, -11.471753 ], [ 34.950972, -11.477748 ], [ 34.955726, -11.48674 ], [ 34.960687, -11.498522 ], [ 34.962961, -11.513095 ], [ 34.962961, -11.564874 ], [ 34.964615, -11.573556 ], [ 34.966783, -11.670541 ], [ 34.957657, -11.715284 ], [ 34.955597, -11.739422 ], [ 34.958541, -11.788875 ], [ 34.955891, -11.813602 ], [ 34.90791, -11.913686 ], [ 34.887599, -12.005822 ], [ 34.869348, -12.042617 ], [ 34.826077, -12.05763 ], [ 34.819306, -12.062634 ], [ 34.810475, -12.088243 ], [ 34.804882, -12.098546 ], [ 34.796935, -12.102962 ], [ 34.775446, -12.110321 ], [ 34.767793, -12.115914 ], [ 34.750131, -12.135342 ], [ 34.711275, -12.168899 ], [ 34.69479, -12.188033 ], [ 34.710392, -12.20805 ], [ 34.715985, -12.236603 ], [ 34.71363, -12.266628 ], [ 34.700089, -12.318142 ], [ 34.708331, -12.379075 ], [ 34.709214, -12.40704 ], [ 34.705682, -12.412338 ], [ 34.691847, -12.421758 ], [ 34.688609, -12.427351 ], [ 34.690669, -12.435004 ], [ 34.700089, -12.447368 ], [ 34.705682, -12.469739 ], [ 34.719811, -12.492994 ], [ 34.723049, -12.502119 ], [ 34.726876, -12.509184 ], [ 34.753663, -12.544213 ], [ 34.765438, -12.566585 ], [ 34.769264, -12.578065 ], [ 34.77368, -12.607796 ], [ 34.781628, -12.618393 ], [ 34.790459, -12.627813 ], [ 34.798701, -12.639882 ], [ 34.812242, -12.694928 ], [ 34.818718, -12.70111 ], [ 34.823133, -12.706702 ], [ 34.825488, -12.714945 ], [ 34.824016, -12.720243 ], [ 34.818129, -12.737611 ], [ 34.796346, -12.778233 ], [ 34.788104, -12.787653 ], [ 34.783983, -12.797955 ], [ 34.777507, -12.845937 ], [ 34.760434, -12.881849 ], [ 34.756901, -12.893624 ], [ 34.754841, -12.921883 ], [ 34.756607, -12.943077 ], [ 34.763377, -12.963388 ], [ 34.806354, -13.048459 ], [ 34.815774, -13.084666 ], [ 34.808709, -13.109687 ], [ 34.797229, -13.136474 ], [ 34.801056, -13.172681 ], [ 34.809298, -13.209182 ], [ 34.812242, -13.236264 ], [ 34.79458, -13.280713 ], [ 34.791636, -13.29808 ], [ 34.79458, -13.315742 ], [ 34.801939, -13.328694 ], [ 34.826077, -13.353126 ], [ 34.85934, -13.374026 ], [ 34.862872, -13.382857 ], [ 34.862283, -13.389039 ], [ 34.860223, -13.394337 ], [ 34.85934, -13.400519 ], [ 34.86611, -13.470283 ], [ 34.864638, -13.488828 ], [ 34.854924, -13.521502 ], [ 34.852569, -13.537398 ], [ 34.85934, -13.602747 ], [ 34.852275, -13.666918 ], [ 34.857279, -13.693117 ], [ 34.879945, -13.716077 ], [ 34.898785, -13.724908 ], [ 34.913503, -13.726674 ], [ 35.017119, -13.723436 ], [ 35.054798, -13.730501 ], [ 35.068927, -13.74934 ], [ 35.074226, -13.777599 ], [ 35.086, -13.812334 ], [ 35.097186, -13.82823 ], [ 35.109844, -13.842948 ], [ 35.113376, -13.849424 ], [ 35.114554, -13.866203 ], [ 35.121618, -13.888869 ], [ 35.124856, -13.908003 ], [ 35.126917, -13.942443 ], [ 35.13457, -13.970996 ], [ 35.170188, -14.024865 ], [ 35.181374, -14.051652 ], [ 35.180785, -14.067253 ], [ 35.177547, -14.083738 ], [ 35.176664, -14.100517 ], [ 35.184907, -14.117001 ], [ 35.216404, -14.164688 ], [ 35.220525, -14.2006 ], [ 35.230533, -14.230626 ], [ 35.271744, -14.312459 ], [ 35.287934, -14.336302 ], [ 35.287934, -14.346311 ], [ 35.282341, -14.363678 ], [ 35.274688, -14.380163 ], [ 35.267623, -14.387522 ], [ 35.259969, -14.390171 ], [ 35.245251, -14.400474 ], [ 35.236126, -14.401357 ], [ 35.231122, -14.39753 ], [ 35.227295, -14.391054 ], [ 35.224646, -14.384578 ] ], [ [ 34.710686, -12.066166 ], [ 34.702444, -12.077941 ], [ 34.708331, -12.083828 ], [ 34.717751, -12.090598 ], [ 34.728937, -12.093542 ], [ 34.739828, -12.088832 ], [ 34.744243, -12.076175 ], [ 34.740417, -12.063517 ], [ 34.741005, -12.052331 ], [ 34.756901, -12.043794 ], [ 34.728937, -12.030254 ], [ 34.718339, -12.03879 ], [ 34.710686, -12.066166 ] ] ] } },
{ "type": "Feature", "properties": { "name": "Lake Tanganyika" }, "geometry": { "type": "Polygon", "coordinates": [ [ [ 30.809773, -8.584722 ], [ 30.802708, -8.572947 ], [ 30.795054, -8.559701 ], [ 30.776509, -8.55764 ], [ 30.753843, -8.559112 ], [ 30.734415, -8.556463 ], [ 30.725879, -8.549692 ], [ 30.722052, -8.542333 ], [ 30.719403, -8.534974 ], [ 30.714399, -8.528204 ], [ 30.703213, -8.525554 ], [ 30.692027, -8.527026 ], [ 30.683196, -8.524966 ], [ 30.679664, -8.511131 ], [ 30.684668, -8.491997 ], [ 30.684373, -8.484343 ], [ 30.676131, -8.481105 ], [ 30.654348, -8.4814 ], [ 30.645223, -8.483166 ], [ 30.638158, -8.486698 ], [ 30.637864, -8.488465 ], [ 30.631977, -8.501122 ], [ 30.64434, -8.504949 ], [ 30.649638, -8.50436 ], [ 30.657881, -8.501122 ], [ 30.643457, -8.524083 ], [ 30.624323, -8.543216 ], [ 30.603423, -8.558229 ], [ 30.583407, -8.569415 ], [ 30.561329, -8.578246 ], [ 30.548083, -8.581778 ], [ 30.531893, -8.582955 ], [ 30.529538, -8.577951 ], [ 30.541018, -8.566765 ], [ 30.557503, -8.554991 ], [ 30.569866, -8.548809 ], [ 30.565156, -8.539095 ], [ 30.562212, -8.535268 ], [ 30.573987, -8.51584 ], [ 30.566922, -8.5023 ], [ 30.549849, -8.49759 ], [ 30.51217, -8.514074 ], [ 30.487444, -8.516724 ], [ 30.470371, -8.508481 ], [ 30.473609, -8.486698 ], [ 30.446233, -8.466682 ], [ 30.442112, -8.433418 ], [ 30.451826, -8.396034 ], [ 30.466838, -8.364537 ], [ 30.486855, -8.341282 ], [ 30.514525, -8.323326 ], [ 30.543962, -8.310374 ], [ 30.569866, -8.303015 ], [ 30.560741, -8.290652 ], [ 30.561329, -8.280055 ], [ 30.566039, -8.268575 ], [ 30.569866, -8.254739 ], [ 30.569866, -8.202931 ], [ 30.574576, -8.177616 ], [ 30.582523, -8.158482 ], [ 30.58429, -8.140232 ], [ 30.569866, -8.117566 ], [ 30.548966, -8.098138 ], [ 30.54249, -8.089601 ], [ 30.51482, -8.038971 ], [ 30.497452, -8.026902 ], [ 30.474492, -8.018365 ], [ 30.452415, -8.015127 ], [ 30.45683, -8.004824 ], [ 30.460068, -8.000703 ], [ 30.418563, -7.959787 ], [ 30.414442, -7.952427 ], [ 30.41297, -7.945951 ], [ 30.41032, -7.941242 ], [ 30.40149, -7.939181 ], [ 30.393542, -7.938887 ], [ 30.386183, -7.937415 ], [ 30.380884, -7.934471 ], [ 30.371464, -7.906801 ], [ 30.353214, -7.890022 ], [ 30.328782, -7.88178 ], [ 30.302878, -7.884724 ], [ 30.276385, -7.8494 ], [ 30.268731, -7.836154 ], [ 30.266082, -7.82379 ], [ 30.265788, -7.796414 ], [ 30.261372, -7.781696 ], [ 30.266965, -7.765212 ], [ 30.263727, -7.745195 ], [ 30.255485, -7.727533 ], [ 30.23223, -7.711049 ], [ 30.199556, -7.600957 ], [ 30.198673, -7.577996 ], [ 30.218395, -7.542967 ], [ 30.216629, -7.522361 ], [ 30.206915, -7.479384 ], [ 30.205737, -7.460251 ], [ 30.203971, -7.450831 ], [ 30.187781, -7.40491 ], [ 30.183071, -7.368998 ], [ 30.175124, -7.348981 ], [ 30.152163, -7.309242 ], [ 30.128025, -7.248603 ], [ 30.113896, -7.230058 ], [ 29.974662, -7.11084 ], [ 29.956411, -7.103187 ], [ 29.946697, -7.101126 ], [ 29.92668, -7.091707 ], [ 29.914906, -7.089646 ], [ 29.902542, -7.088763 ], [ 29.881348, -7.085231 ], [ 29.825125, -7.068158 ], [ 29.789506, -7.047258 ], [ 29.762131, -7.020176 ], [ 29.722097, -6.958065 ], [ 29.677648, -6.910673 ], [ 29.648212, -6.853861 ], [ 29.638203, -6.839142 ], [ 29.625546, -6.827368 ], [ 29.549011, -6.771144 ], [ 29.498675, -6.702852 ], [ 29.493671, -6.689017 ], [ 29.49161, -6.666056 ], [ 29.473654, -6.609833 ], [ 29.490433, -6.568916 ], [ 29.485723, -6.545661 ], [ 29.484251, -6.527411 ], [ 29.487195, -6.513576 ], [ 29.442451, -6.517991 ], [ 29.418019, -6.482373 ], [ 29.391821, -6.389943 ], [ 29.365917, -6.332542 ], [ 29.3668, -6.321356 ], [ 29.351198, -6.310464 ], [ 29.340012, -6.286327 ], [ 29.332948, -6.258656 ], [ 29.326177, -6.208614 ], [ 29.322351, -6.1989 ], [ 29.313814, -6.189481 ], [ 29.3041, -6.185065 ], [ 29.294092, -6.181533 ], [ 29.284966, -6.175057 ], [ 29.27849, -6.167992 ], [ 29.275547, -6.161222 ], [ 29.274664, -6.153274 ], [ 29.274664, -6.140911 ], [ 29.272603, -6.125898 ], [ 29.266716, -6.119422 ], [ 29.258179, -6.11589 ], [ 29.211375, -6.09028 ], [ 29.197835, -6.078211 ], [ 29.192536, -6.058194 ], [ 29.185766, -5.979599 ], [ 29.187826, -5.944864 ], [ 29.186354, -5.930146 ], [ 29.178995, -5.917783 ], [ 29.235513, -5.890112 ], [ 29.311754, -5.826824 ], [ 29.320584, -5.815933 ], [ 29.329121, -5.80092 ], [ 29.346194, -5.759415 ], [ 29.356791, -5.746463 ], [ 29.350021, -5.747935 ], [ 29.345017, -5.74764 ], [ 29.340601, -5.746757 ], [ 29.335303, -5.746463 ], [ 29.349432, -5.727329 ], [ 29.344428, -5.707901 ], [ 29.336186, -5.690239 ], [ 29.342073, -5.665218 ], [ 29.331182, -5.642847 ], [ 29.332065, -5.633721 ], [ 29.344134, -5.625773 ], [ 29.351493, -5.630189 ], [ 29.358852, -5.636959 ], [ 29.370038, -5.637254 ], [ 29.372687, -5.609583 ], [ 29.257885, -5.410593 ], [ 29.24876, -5.404117 ], [ 29.177229, -5.291964 ], [ 29.144849, -5.211309 ], [ 29.127187, -5.130064 ], [ 29.117768, -5.121822 ], [ 29.107465, -5.102688 ], [ 29.099517, -5.082083 ], [ 29.096279, -5.067953 ], [ 29.101578, -5.052352 ], [ 29.111292, -5.032335 ], [ 29.117768, -5.012024 ], [ 29.113646, -4.996129 ], [ 29.105699, -4.97935 ], [ 29.098928, -4.770351 ], [ 29.112763, -4.614633 ], [ 29.118945, -4.597854 ], [ 29.138079, -4.568417 ], [ 29.143672, -4.550461 ], [ 29.148676, -4.513371 ], [ 29.15839, -4.500125 ], [ 29.173991, -4.500714 ], [ 29.189592, -4.511605 ], [ 29.201367, -4.516021 ], [ 29.206077, -4.496298 ], [ 29.199895, -4.437425 ], [ 29.199895, -4.41682 ], [ 29.204016, -4.398569 ], [ 29.217557, -4.370016 ], [ 29.259357, -4.119218 ], [ 29.240517, -4.047099 ], [ 29.234041, -4.047099 ], [ 29.213436, -4.125694 ], [ 29.19283, -4.16926 ], [ 29.18135, -4.227838 ], [ 29.168398, -4.249327 ], [ 29.158095, -4.27111 ], [ 29.151619, -4.330571 ], [ 29.138079, -4.348527 ], [ 29.126598, -4.347644 ], [ 29.113058, -4.34058 ], [ 29.100694, -4.33116 ], [ 29.093335, -4.32439 ], [ 29.083916, -4.319385 ], [ 29.041822, -4.307022 ], [ 29.048592, -4.307022 ], [ 29.053596, -4.284062 ], [ 29.068314, -4.25963 ], [ 29.085976, -4.239907 ], [ 29.100106, -4.231959 ], [ 29.104816, -4.224011 ], [ 29.106287, -4.206644 ], [ 29.103638, -4.176619 ], [ 29.099517, -4.169554 ], [ 29.086271, -4.158074 ], [ 29.082738, -4.149832 ], [ 29.083916, -4.141884 ], [ 29.093924, -4.126871 ], [ 29.096279, -4.118629 ], [ 29.088626, -4.040917 ], [ 29.090097, -4.019723 ], [ 29.102166, -3.987048 ], [ 29.104816, -3.938773 ], [ 29.102755, -3.925526 ], [ 29.096279, -3.917284 ], [ 29.104816, -3.898445 ], [ 29.10511, -3.867536 ], [ 29.124244, -3.830447 ], [ 29.117768, -3.812785 ], [ 29.104816, -3.795123 ], [ 29.096279, -3.77334 ], [ 29.1004, -3.755384 ], [ 29.124832, -3.721532 ], [ 29.130425, -3.700338 ], [ 29.133663, -3.695039 ], [ 29.151619, -3.680027 ], [ 29.134546, -3.426873 ], [ 29.142494, -3.383896 ], [ 29.16516, -3.350633 ], [ 29.206077, -3.334443 ], [ 29.253175, -3.332971 ], [ 29.296741, -3.340625 ], [ 29.329121, -3.362113 ], [ 29.34325, -3.403324 ], [ 29.336774, -3.762743 ], [ 29.370038, -3.855173 ], [ 29.373276, -3.887259 ], [ 29.377397, -3.897267 ], [ 29.386816, -3.906687 ], [ 29.398002, -3.913457 ], [ 29.407422, -3.921405 ], [ 29.415958, -3.945837 ], [ 29.434798, -3.964971 ], [ 29.438919, -3.975274 ], [ 29.437153, -3.985871 ], [ 29.433326, -3.993819 ], [ 29.430677, -4.002061 ], [ 29.432148, -4.012952 ], [ 29.437153, -4.022078 ], [ 29.459524, -4.05328 ], [ 29.469533, -4.073297 ], [ 29.474831, -4.081834 ], [ 29.483662, -4.091253 ], [ 29.493965, -4.10656 ], [ 29.496909, -4.123339 ], [ 29.497203, -4.142178 ], [ 29.50103, -4.163078 ], [ 29.510449, -4.176324 ], [ 29.524284, -4.187216 ], [ 29.536353, -4.200757 ], [ 29.541946, -4.221657 ], [ 29.545184, -4.243734 ], [ 29.553721, -4.2664 ], [ 29.591399, -4.329394 ], [ 29.606118, -4.346173 ], [ 29.641441, -4.379436 ], [ 29.654393, -4.399158 ], [ 29.656748, -4.420352 ], [ 29.649684, -4.509545 ], [ 29.602585, -4.760637 ], [ 29.601997, -4.832168 ], [ 29.603468, -4.842176 ], [ 29.608473, -4.850418 ], [ 29.615832, -4.858661 ], [ 29.621425, -4.866314 ], [ 29.620836, -4.87279 ], [ 29.593166, -4.897517 ], [ 29.593166, -4.904287 ], [ 29.611122, -4.910469 ], [ 29.641736, -4.913412 ], [ 29.651744, -4.91665 ], [ 29.664402, -4.923715 ], [ 29.670583, -4.931074 ], [ 29.674999, -4.939022 ], [ 29.682652, -4.948442 ], [ 29.689717, -4.952268 ], [ 29.71621, -4.963454 ], [ 29.735932, -4.969047 ], [ 29.745646, -4.977584 ], [ 29.761836, -4.999072 ], [ 29.765663, -5.000838 ], [ 29.771256, -5.000544 ], [ 29.776849, -5.001133 ], [ 29.781559, -5.006431 ], [ 29.781853, -5.012319 ], [ 29.779498, -5.0185 ], [ 29.775377, -5.026448 ], [ 29.781559, -5.044699 ], [ 29.805697, -5.075901 ], [ 29.816294, -5.097095 ], [ 29.822475, -5.12035 ], [ 29.823064, -5.143605 ], [ 29.820709, -5.155085 ], [ 29.816882, -5.160972 ], [ 29.813056, -5.164799 ], [ 29.809523, -5.170392 ], [ 29.807168, -5.171864 ], [ 29.803342, -5.171864 ], [ 29.799221, -5.172747 ], [ 29.795688, -5.177162 ], [ 29.795688, -5.183639 ], [ 29.800692, -5.184522 ], [ 29.80658, -5.184227 ], [ 29.809523, -5.18776 ], [ 29.811289, -5.198945 ], [ 29.813939, -5.206305 ], [ 29.813644, -5.212781 ], [ 29.805991, -5.221906 ], [ 29.799809, -5.233386 ], [ 29.80658, -5.253697 ], [ 29.802459, -5.266649 ], [ 29.795099, -5.262528 ], [ 29.791861, -5.261939 ], [ 29.788918, -5.264 ], [ 29.781559, -5.266649 ], [ 29.784208, -5.279012 ], [ 29.78568, -5.30315 ], [ 29.784208, -5.32876 ], [ 29.778321, -5.345833 ], [ 29.765369, -5.363201 ], [ 29.7533, -5.385572 ], [ 29.744763, -5.409121 ], [ 29.741231, -5.431199 ], [ 29.750062, -5.463579 ], [ 29.770373, -5.491543 ], [ 29.816294, -5.534226 ], [ 29.836016, -5.559836 ], [ 29.943165, -5.79621 ], [ 29.952879, -5.841837 ], [ 29.95229, -5.861853 ], [ 29.945814, -5.898649 ], [ 29.946108, -5.917783 ], [ 29.922265, -5.922787 ], [ 29.899599, -5.935444 ], [ 29.83425, -5.996378 ], [ 29.826596, -6.000205 ], [ 29.815705, -5.997555 ], [ 29.798632, -5.986664 ], [ 29.788918, -5.986075 ], [ 29.771256, -5.997555 ], [ 29.751239, -6.019927 ], [ 29.73446, -6.044948 ], [ 29.72769, -6.064965 ], [ 29.725335, -6.128547 ], [ 29.732105, -6.195662 ], [ 29.728279, -6.218623 ], [ 29.716799, -6.236579 ], [ 29.711794, -6.246587 ], [ 29.716504, -6.25689 ], [ 29.726807, -6.264544 ], [ 29.750356, -6.271314 ], [ 29.757421, -6.280145 ], [ 29.768018, -6.301339 ], [ 29.856622, -6.411137 ], [ 29.904897, -6.452054 ], [ 29.940221, -6.47001 ], [ 29.95229, -6.483845 ], [ 29.952879, -6.507394 ], [ 30.029708, -6.4653 ], [ 30.072096, -6.453231 ], [ 30.117428, -6.452054 ], [ 30.138622, -6.457646 ], [ 30.158639, -6.468832 ], [ 30.173652, -6.484434 ], [ 30.179539, -6.503567 ], [ 30.190136, -6.523584 ], [ 30.29228, -6.620724 ], [ 30.309648, -6.632793 ], [ 30.327015, -6.637797 ], [ 30.335846, -6.646334 ], [ 30.358218, -6.699025 ], [ 30.395602, -6.747006 ], [ 30.39413, -6.757898 ], [ 30.40149, -6.782919 ], [ 30.418563, -6.822069 ], [ 30.484206, -6.89566 ], [ 30.507755, -6.910967 ], [ 30.514525, -6.924508 ], [ 30.564567, -6.956299 ], [ 30.576636, -6.97661 ], [ 30.576636, -7.017527 ], [ 30.573693, -7.022826 ], [ 30.560446, -7.034306 ], [ 30.556031, -7.041076 ], [ 30.557208, -7.059327 ], [ 30.561035, -7.082287 ], [ 30.559857, -7.101715 ], [ 30.546022, -7.109957 ], [ 30.518352, -7.109957 ], [ 30.511582, -7.105836 ], [ 30.506283, -7.09936 ], [ 30.500985, -7.098183 ], [ 30.494214, -7.109957 ], [ 30.508049, -7.1182 ], [ 30.52159, -7.132623 ], [ 30.531893, -7.150285 ], [ 30.53572, -7.168241 ], [ 30.533365, -7.173834 ], [ 30.530421, -7.184431 ], [ 30.532482, -7.194734 ], [ 30.546022, -7.199444 ], [ 30.551321, -7.204743 ], [ 30.562212, -7.240361 ], [ 30.604306, -7.331908 ], [ 30.610782, -7.370764 ], [ 30.607544, -7.389309 ], [ 30.594298, -7.436407 ], [ 30.593709, -7.445827 ], [ 30.604895, -7.454363 ], [ 30.599597, -7.473497 ], [ 30.583407, -7.507938 ], [ 30.623146, -7.577113 ], [ 30.62815, -7.589182 ], [ 30.644929, -7.595953 ], [ 30.653465, -7.611259 ], [ 30.658764, -7.62951 ], [ 30.666123, -7.643934 ], [ 30.677014, -7.651293 ], [ 30.704096, -7.663951 ], [ 30.714399, -7.671898 ], [ 30.720286, -7.683967 ], [ 30.726173, -7.700157 ], [ 30.733532, -7.713993 ], [ 30.744718, -7.720174 ], [ 30.79947, -7.874421 ], [ 30.823608, -7.896498 ], [ 30.833616, -7.910039 ], [ 30.840975, -7.945068 ], [ 30.849806, -7.955665 ], [ 30.871589, -7.973327 ], [ 30.882186, -7.986868 ], [ 30.902792, -8.018954 ], [ 30.906324, -8.031611 ], [ 30.909562, -8.073706 ], [ 30.915744, -8.093722 ], [ 30.926046, -8.110501 ], [ 30.930462, -8.106674 ], [ 30.946652, -8.09696 ], [ 30.954894, -8.111384 ], [ 30.961959, -8.129046 ], [ 30.964608, -8.14818 ], [ 30.959604, -8.165253 ], [ 30.955188, -8.155539 ], [ 30.954011, -8.151418 ], [ 30.946652, -8.151418 ], [ 30.942825, -8.165841 ], [ 30.945769, -8.176439 ], [ 30.951362, -8.185858 ], [ 30.955777, -8.205286 ], [ 30.960193, -8.212057 ], [ 30.964608, -8.217061 ], [ 30.967257, -8.220593 ], [ 30.969024, -8.227952 ], [ 30.968729, -8.231485 ], [ 30.967846, -8.235311 ], [ 30.967257, -8.244437 ], [ 30.971084, -8.262099 ], [ 30.980798, -8.270341 ], [ 30.994045, -8.275051 ], [ 31.008174, -8.281821 ], [ 31.01936, -8.294773 ], [ 31.031134, -8.324209 ], [ 31.042615, -8.337161 ], [ 31.044381, -8.332452 ], [ 31.044969, -8.331568 ], [ 31.046147, -8.331568 ], [ 31.049679, -8.329802 ], [ 31.067341, -8.356884 ], [ 31.127097, -8.393974 ], [ 31.145348, -8.426059 ], [ 31.134456, -8.48817 ], [ 31.135339, -8.52526 ], [ 31.155356, -8.542039 ], [ 31.165953, -8.546454 ], [ 31.168602, -8.557934 ], [ 31.165659, -8.586782 ], [ 31.170957, -8.598557 ], [ 31.194506, -8.612097 ], [ 31.199805, -8.627993 ], [ 31.197744, -8.63653 ], [ 31.188914, -8.651837 ], [ 31.186853, -8.658607 ], [ 31.188914, -8.665377 ], [ 31.197744, -8.681862 ], [ 31.199805, -8.689221 ], [ 31.198628, -8.705411 ], [ 31.194212, -8.723661 ], [ 31.18597, -8.739557 ], [ 31.173312, -8.748094 ], [ 31.16978, -8.738085 ], [ 31.155356, -8.726605 ], [ 31.149174, -8.70806 ], [ 31.142993, -8.710121 ], [ 31.131513, -8.720718 ], [ 31.128275, -8.725133 ], [ 31.125331, -8.731609 ], [ 31.12121, -8.738085 ], [ 31.107375, -8.743384 ], [ 31.103254, -8.750154 ], [ 31.102076, -8.75928 ], [ 31.103548, -8.768699 ], [ 31.087358, -8.775764 ], [ 31.065575, -8.789893 ], [ 31.043498, -8.801079 ], [ 31.025247, -8.799019 ], [ 30.858048, -8.61769 ], [ 30.809773, -8.584722 ] ] ] } },
{ "type": "Feature", "properties": { "name": "Lake Victoria" }, "geometry": { "type": "Polygon", "coordinates": [ [ [ 33.913548, -1.532052 ], [ 33.904717, -1.529402 ], [ 33.888821, -1.52116 ], [ 33.879402, -1.518216 ], [ 33.870276, -1.517333 ], [ 33.841723, -1.518216 ], [ 33.82465, -1.512329 ], [ 33.816702, -1.4982 ], [ 33.810226, -1.482304 ], [ 33.797568, -1.470529 ], [ 33.793153, -1.481715 ], [ 33.784322, -1.48201 ], [ 33.771664, -1.478183 ], [ 33.755769, -1.476711 ], [ 33.747821, -1.47936 ], [ 33.734575, -1.489074 ], [ 33.725744, -1.491135 ], [ 33.716618, -1.489074 ], [ 33.710437, -1.484659 ], [ 33.705727, -1.479949 ], [ 33.7019, -1.476711 ], [ 33.681, -1.466408 ], [ 33.66746, -1.464348 ], [ 33.653919, -1.470529 ], [ 33.647443, -1.482304 ], [ 33.652741, -1.492018 ], [ 33.661867, -1.500849 ], [ 33.667754, -1.511446 ], [ 33.682472, -1.508797 ], [ 33.686004, -1.519099 ], [ 33.681295, -1.534995 ], [ 33.671286, -1.549125 ], [ 33.657157, -1.555012 ], [ 33.64185, -1.554423 ], [ 33.626543, -1.555601 ], [ 33.612413, -1.566198 ], [ 33.619184, -1.571202 ], [ 33.627426, -1.572674 ], [ 33.636846, -1.570908 ], [ 33.64656, -1.566198 ], [ 33.648326, -1.577972 ], [ 33.653919, -1.584154 ], [ 33.66275, -1.584743 ], [ 33.674524, -1.580327 ], [ 33.686888, -1.597695 ], [ 33.688359, -1.604171 ], [ 33.687771, -1.615357 ], [ 33.685416, -1.617711 ], [ 33.679234, -1.619478 ], [ 33.667754, -1.628014 ], [ 33.67629, -1.632135 ], [ 33.684238, -1.633901 ], [ 33.692775, -1.633018 ], [ 33.7019, -1.628014 ], [ 33.709259, -1.636845 ], [ 33.71132, -1.648325 ], [ 33.70867, -1.6601 ], [ 33.7019, -1.669814 ], [ 33.695424, -1.673641 ], [ 33.687771, -1.675407 ], [ 33.585332, -1.675996 ], [ 33.549125, -1.672169 ], [ 33.543238, -1.675407 ], [ 33.550597, -1.690125 ], [ 33.556779, -1.696307 ], [ 33.578267, -1.710142 ], [ 33.584154, -1.716029 ], [ 33.589747, -1.723094 ], [ 33.598873, -1.738106 ], [ 33.605643, -1.730453 ], [ 33.614768, -1.738695 ], [ 33.641261, -1.756946 ], [ 33.64656, -1.76195 ], [ 33.641261, -1.775196 ], [ 33.629487, -1.778434 ], [ 33.617712, -1.775491 ], [ 33.612413, -1.76872 ], [ 33.580622, -1.761067 ], [ 33.578267, -1.758418 ], [ 33.567376, -1.765482 ], [ 33.567081, -1.771664 ], [ 33.568848, -1.779906 ], [ 33.564726, -1.792564 ], [ 33.557073, -1.803455 ], [ 33.550008, -1.809637 ], [ 33.540883, -1.812581 ], [ 33.527048, -1.813169 ], [ 33.522632, -1.81729 ], [ 33.515273, -1.826416 ], [ 33.505265, -1.835541 ], [ 33.492607, -1.839662 ], [ 33.470824, -1.840251 ], [ 33.450808, -1.837307 ], [ 33.440505, -1.825533 ], [ 33.447864, -1.799628 ], [ 33.388402, -1.798745 ], [ 33.365148, -1.804338 ], [ 33.338066, -1.826121 ], [ 33.331296, -1.837307 ], [ 33.321287, -1.86586 ], [ 33.311279, -1.883522 ], [ 33.310396, -1.890881 ], [ 33.31069, -1.9056 ], [ 33.307158, -1.907366 ], [ 33.28302, -1.922378 ], [ 33.314223, -1.944456 ], [ 33.352784, -1.924733 ], [ 33.392523, -1.897063 ], [ 33.427553, -1.895002 ], [ 33.430202, -1.884994 ], [ 33.437855, -1.880284 ], [ 33.449041, -1.879696 ], [ 33.461699, -1.881462 ], [ 33.455223, -1.893531 ], [ 33.460816, -1.901478 ], [ 33.482304, -1.915608 ], [ 33.490252, -1.926794 ], [ 33.488486, -1.932387 ], [ 33.461699, -1.949754 ], [ 33.504382, -1.953581 ], [ 33.544121, -1.963295 ], [ 33.542355, -1.967416 ], [ 33.541766, -1.968299 ], [ 33.540589, -1.968299 ], [ 33.536762, -1.970065 ], [ 33.544415, -1.973303 ], [ 33.547065, -1.975364 ], [ 33.550008, -1.974481 ], [ 33.557956, -1.970065 ], [ 33.573263, -1.987138 ], [ 33.569142, -2.001562 ], [ 33.557073, -2.014809 ], [ 33.550597, -2.028938 ], [ 33.542649, -2.0257 ], [ 33.496434, -2.025406 ], [ 33.431379, -1.981251 ], [ 33.399883, -1.972126 ], [ 33.372212, -1.99803 ], [ 33.400177, -2.038947 ], [ 33.386047, -2.042773 ], [ 33.382515, -2.046011 ], [ 33.379571, -2.05337 ], [ 33.340421, -2.01893 ], [ 33.324231, -2.016575 ], [ 33.324525, -2.045717 ], [ 33.317755, -2.045717 ], [ 33.310396, -2.030999 ], [ 33.296855, -2.011276 ], [ 33.281548, -2.000385 ], [ 33.269774, -2.011571 ], [ 33.284786, -2.01893 ], [ 33.29244, -2.031587 ], [ 33.292734, -2.045423 ], [ 33.285964, -2.056314 ], [ 33.280959, -2.052487 ], [ 33.256233, -2.045717 ], [ 33.256233, -2.047189 ], [ 33.228268, -2.045717 ], [ 33.223264, -2.044539 ], [ 33.220909, -2.041596 ], [ 33.218849, -2.042773 ], [ 33.214727, -2.05337 ], [ 33.217082, -2.05337 ], [ 33.219143, -2.061907 ], [ 33.221203, -2.072504 ], [ 33.221498, -2.079863 ], [ 33.217671, -2.09046 ], [ 33.20884, -2.104295 ], [ 33.207663, -2.114892 ], [ 33.210018, -2.123135 ], [ 33.21355, -2.130199 ], [ 33.221498, -2.141974 ], [ 33.239454, -2.121663 ], [ 33.259471, -2.111066 ], [ 33.282431, -2.111066 ], [ 33.31069, -2.121663 ], [ 33.336594, -2.135792 ], [ 33.347486, -2.146095 ], [ 33.351901, -2.159047 ], [ 33.358083, -2.167584 ], [ 33.372507, -2.166112 ], [ 33.400177, -2.155809 ], [ 33.449336, -2.151099 ], [ 33.509386, -2.15316 ], [ 33.566198, -2.163168 ], [ 33.605643, -2.182891 ], [ 33.628898, -2.158164 ], [ 33.642144, -2.146684 ], [ 33.657157, -2.141974 ], [ 33.666576, -2.137559 ], [ 33.712203, -2.10459 ], [ 33.749293, -2.08575 ], [ 33.786383, -2.094876 ], [ 33.815819, -2.123135 ], [ 33.83142, -2.162579 ], [ 33.831126, -2.171999 ], [ 33.825533, -2.187895 ], [ 33.82465, -2.197314 ], [ 33.827005, -2.200552 ], [ 33.831715, -2.204674 ], [ 33.836425, -2.210561 ], [ 33.838485, -2.220569 ], [ 33.780495, -2.258837 ], [ 33.770193, -2.260603 ], [ 33.75989, -2.269728 ], [ 33.715441, -2.279148 ], [ 33.7019, -2.286801 ], [ 33.667754, -2.313294 ], [ 33.64862, -2.30829 ], [ 33.633902, -2.318887 ], [ 33.612413, -2.34744 ], [ 33.597401, -2.356565 ], [ 33.557367, -2.372167 ], [ 33.540589, -2.374816 ], [ 33.532346, -2.378643 ], [ 33.522338, -2.387179 ], [ 33.513801, -2.397482 ], [ 33.509975, -2.40543 ], [ 33.511447, -2.414261 ], [ 33.514979, -2.418382 ], [ 33.520572, -2.421031 ], [ 33.527048, -2.426035 ], [ 33.529991, -2.440165 ], [ 33.515273, -2.448701 ], [ 33.49349, -2.448407 ], [ 33.475828, -2.435749 ], [ 33.465526, -2.444286 ], [ 33.442565, -2.452234 ], [ 33.416956, -2.467246 ], [ 33.407536, -2.467246 ], [ 33.407536, -2.467835 ], [ 33.420782, -2.477255 ], [ 33.4564, -2.493739 ], [ 33.461699, -2.501687 ], [ 33.458755, -2.516111 ], [ 33.450808, -2.527002 ], [ 33.439916, -2.531123 ], [ 33.427553, -2.524942 ], [ 33.42196, -2.532301 ], [ 33.420782, -2.539071 ], [ 33.422843, -2.545547 ], [ 33.427553, -2.552906 ], [ 33.41048, -2.554378 ], [ 33.399883, -2.552023 ], [ 33.39429, -2.544075 ], [ 33.392818, -2.528768 ], [ 33.38693, -2.530829 ], [ 33.373095, -2.532595 ], [ 33.3572, -2.531418 ], [ 33.344836, -2.524942 ], [ 33.347486, -2.522292 ], [ 33.351018, -2.513756 ], [ 33.353373, -2.504336 ], [ 33.351901, -2.498449 ], [ 33.344542, -2.495505 ], [ 33.33836, -2.497566 ], [ 33.334239, -2.502276 ], [ 33.329824, -2.5167 ], [ 33.323053, -2.514345 ], [ 33.315694, -2.508457 ], [ 33.31069, -2.505219 ], [ 33.286258, -2.511107 ], [ 33.233861, -2.517877 ], [ 33.221498, -2.518171 ], [ 33.207663, -2.512873 ], [ 33.185585, -2.495211 ], [ 33.177343, -2.491384 ], [ 33.173222, -2.488146 ], [ 33.174105, -2.473722 ], [ 33.170573, -2.470484 ], [ 33.169984, -2.469013 ], [ 33.151145, -2.46342 ], [ 33.147024, -2.462831 ], [ 33.138487, -2.452528 ], [ 33.127007, -2.428979 ], [ 33.119059, -2.416321 ], [ 33.119354, -2.400131 ], [ 33.080497, -2.388945 ], [ 32.999253, -2.380409 ], [ 32.962752, -2.388357 ], [ 32.926545, -2.409257 ], [ 32.902996, -2.438399 ], [ 32.906823, -2.470484 ], [ 32.892399, -2.465186 ], [ 32.881507, -2.467246 ], [ 32.874737, -2.477255 ], [ 32.872676, -2.494917 ], [ 32.877975, -2.507574 ], [ 32.901524, -2.532595 ], [ 32.906823, -2.549668 ], [ 32.900641, -2.554084 ], [ 32.877092, -2.586758 ], [ 32.876209, -2.594412 ], [ 32.865612, -2.601476 ], [ 32.865023, -2.617372 ], [ 32.869733, -2.634445 ], [ 32.876209, -2.645631 ], [ 32.895048, -2.658877 ], [ 32.899169, -2.662704 ], [ 32.907706, -2.675362 ], [ 32.909472, -2.679189 ], [ 32.906234, -2.681543 ], [ 32.899169, -2.69008 ], [ 32.895637, -2.688314 ], [ 32.888278, -2.687136 ], [ 32.880919, -2.690963 ], [ 32.879447, -2.704504 ], [ 32.883273, -2.708625 ], [ 32.900347, -2.724226 ], [ 32.906823, -2.730997 ], [ 32.910944, -2.73865 ], [ 32.916537, -2.753368 ], [ 32.920363, -2.758961 ], [ 32.925956, -2.762494 ], [ 32.942441, -2.769558 ], [ 32.947739, -2.772502 ], [ 32.954804, -2.786337 ], [ 32.948034, -2.793696 ], [ 32.93567, -2.802233 ], [ 32.927134, -2.820483 ], [ 32.960103, -2.818717 ], [ 32.968639, -2.820483 ], [ 32.969522, -2.824016 ], [ 32.96805, -2.837262 ], [ 32.968639, -2.841089 ], [ 32.982474, -2.848448 ], [ 32.991894, -2.849625 ], [ 33.00043, -2.846093 ], [ 33.010144, -2.845504 ], [ 33.023391, -2.85463 ], [ 33.027806, -2.861106 ], [ 33.029278, -2.868759 ], [ 33.028101, -2.876118 ], [ 33.023391, -2.882594 ], [ 33.011322, -2.883772 ], [ 32.991599, -2.878179 ], [ 32.933904, -2.851686 ], [ 32.917714, -2.8405 ], [ 32.908, -2.824604 ], [ 32.906823, -2.799878 ], [ 32.899169, -2.799878 ], [ 32.890927, -2.821955 ], [ 32.877681, -2.831963 ], [ 32.860607, -2.839028 ], [ 32.841179, -2.851392 ], [ 32.832348, -2.866404 ], [ 32.825284, -2.888481 ], [ 32.822046, -2.90997 ], [ 32.824989, -2.922922 ], [ 32.809388, -2.960895 ], [ 32.803795, -2.970609 ], [ 32.770826, -2.999457 ], [ 32.762879, -3.012114 ], [ 32.755519, -3.012114 ], [ 32.747866, -3.000045 ], [ 32.745511, -2.985033 ], [ 32.748749, -2.969137 ], [ 32.759052, -2.95383 ], [ 32.762584, -2.941761 ], [ 32.76229, -2.928221 ], [ 32.769649, -2.918212 ], [ 32.79673, -2.91674 ], [ 32.79673, -2.90997 ], [ 32.764939, -2.886126 ], [ 32.745511, -2.877296 ], [ 32.728438, -2.882594 ], [ 32.72049, -2.869642 ], [ 32.725494, -2.862577 ], [ 32.749043, -2.85463 ], [ 32.781718, -2.836673 ], [ 32.793198, -2.834024 ], [ 32.805856, -2.833141 ], [ 32.847361, -2.82431 ], [ 32.84795, -2.816657 ], [ 32.844417, -2.805765 ], [ 32.844712, -2.793107 ], [ 32.865906, -2.754546 ], [ 32.872971, -2.728936 ], [ 32.862079, -2.717456 ], [ 32.834115, -2.714218 ], [ 32.822929, -2.705387 ], [ 32.82705, -2.692435 ], [ 32.844712, -2.676539 ], [ 32.825578, -2.665648 ], [ 32.81763, -2.66447 ], [ 32.810566, -2.668886 ], [ 32.805856, -2.660938 ], [ 32.802029, -2.652696 ], [ 32.79673, -2.635034 ], [ 32.811743, -2.639155 ], [ 32.817336, -2.642393 ], [ 32.821457, -2.623259 ], [ 32.815864, -2.603831 ], [ 32.816158, -2.589702 ], [ 32.837647, -2.587053 ], [ 32.834115, -2.575572 ], [ 32.82911, -2.56733 ], [ 32.821457, -2.563798 ], [ 32.810566, -2.566447 ], [ 32.812332, -2.549963 ], [ 32.820574, -2.539366 ], [ 32.830877, -2.53024 ], [ 32.837647, -2.518171 ], [ 32.837647, -2.51199 ], [ 32.828522, -2.50934 ], [ 32.824401, -2.504336 ], [ 32.820868, -2.497271 ], [ 32.814098, -2.488146 ], [ 32.805267, -2.485203 ], [ 32.787899, -2.495211 ], [ 32.776419, -2.491384 ], [ 32.76229, -2.499626 ], [ 32.746689, -2.522881 ], [ 32.73462, -2.532595 ], [ 32.734914, -2.519349 ], [ 32.732265, -2.498743 ], [ 32.73462, -2.491384 ], [ 32.728438, -2.484614 ], [ 32.687227, -2.511107 ], [ 32.673392, -2.518171 ], [ 32.679868, -2.504336 ], [ 32.690171, -2.489618 ], [ 32.69488, -2.473428 ], [ 32.683989, -2.453706 ], [ 32.669565, -2.433983 ], [ 32.666327, -2.418088 ], [ 32.665738, -2.401603 ], [ 32.659557, -2.380409 ], [ 32.650726, -2.388945 ], [ 32.641895, -2.40543 ], [ 32.635125, -2.422209 ], [ 32.632475, -2.432511 ], [ 32.630415, -2.453411 ], [ 32.624822, -2.467246 ], [ 32.549465, -2.538482 ], [ 32.524738, -2.552906 ], [ 32.502072, -2.546136 ], [ 32.516201, -2.518171 ], [ 32.522972, -2.509635 ], [ 32.540339, -2.494917 ], [ 32.548581, -2.482259 ], [ 32.552997, -2.466658 ], [ 32.553586, -2.450468 ], [ 32.550642, -2.435749 ], [ 32.543577, -2.435749 ], [ 32.537984, -2.446641 ], [ 32.517673, -2.459887 ], [ 32.509431, -2.470484 ], [ 32.5006, -2.461948 ], [ 32.492064, -2.455766 ], [ 32.483233, -2.455472 ], [ 32.475285, -2.462831 ], [ 32.465865, -2.45871 ], [ 32.455562, -2.456355 ], [ 32.444965, -2.45606 ], [ 32.433779, -2.456649 ], [ 32.436134, -2.451939 ], [ 32.439372, -2.440459 ], [ 32.441139, -2.435749 ], [ 32.395218, -2.436632 ], [ 32.371374, -2.432217 ], [ 32.358128, -2.416321 ], [ 32.361072, -2.403664 ], [ 32.338111, -2.378937 ], [ 32.320155, -2.353916 ], [ 32.323982, -2.333899 ], [ 32.330163, -2.333016 ], [ 32.338994, -2.334782 ], [ 32.345176, -2.337726 ], [ 32.344293, -2.341258 ], [ 32.356656, -2.333605 ], [ 32.361072, -2.328895 ], [ 32.35489, -2.32654 ], [ 32.338111, -2.323302 ], [ 32.328691, -2.315649 ], [ 32.309852, -2.271789 ], [ 32.305731, -2.2712 ], [ 32.293073, -2.271789 ], [ 32.28071, -2.274732 ], [ 32.270407, -2.280619 ], [ 32.258633, -2.283857 ], [ 32.241854, -2.279148 ], [ 32.237144, -2.273555 ], [ 32.230963, -2.256482 ], [ 32.227725, -2.252066 ], [ 32.218894, -2.250889 ], [ 32.214184, -2.256187 ], [ 32.213889, -2.262369 ], [ 32.217716, -2.265607 ], [ 32.223898, -2.272672 ], [ 32.225075, -2.289156 ], [ 32.221543, -2.320947 ], [ 32.202998, -2.321536 ], [ 32.177388, -2.370401 ], [ 32.159432, -2.388357 ], [ 32.146186, -2.391006 ], [ 32.132939, -2.388651 ], [ 32.122931, -2.381881 ], [ 32.119104, -2.370989 ], [ 32.082014, -2.369517 ], [ 32.077599, -2.367457 ], [ 32.070534, -2.37511 ], [ 32.066413, -2.385707 ], [ 32.064352, -2.398659 ], [ 32.063764, -2.412789 ], [ 32.067885, -2.424564 ], [ 32.077304, -2.429568 ], [ 32.088785, -2.431923 ], [ 32.09791, -2.435749 ], [ 32.102325, -2.441931 ], [ 32.104386, -2.454294 ], [ 32.107918, -2.459887 ], [ 32.114983, -2.464008 ], [ 32.129996, -2.469896 ], [ 32.146186, -2.482259 ], [ 32.157372, -2.488441 ], [ 32.166791, -2.496388 ], [ 32.173562, -2.51199 ], [ 32.162376, -2.520821 ], [ 32.160904, -2.535833 ], [ 32.156783, -2.550846 ], [ 32.138238, -2.560265 ], [ 32.138532, -2.552023 ], [ 32.132056, -2.532595 ], [ 32.119399, -2.536422 ], [ 32.108213, -2.530829 ], [ 32.101737, -2.521115 ], [ 32.104386, -2.51199 ], [ 32.095555, -2.506397 ], [ 32.086724, -2.503159 ], [ 32.077893, -2.502864 ], [ 32.069945, -2.505219 ], [ 32.074361, -2.513167 ], [ 32.07495, -2.515522 ], [ 32.072889, -2.517583 ], [ 32.069945, -2.524942 ], [ 32.058465, -2.509046 ], [ 32.035505, -2.483142 ], [ 32.029618, -2.470484 ], [ 32.026085, -2.478727 ], [ 32.02373, -2.486674 ], [ 32.022553, -2.494917 ], [ 32.022847, -2.505219 ], [ 32.016077, -2.505219 ], [ 32.007246, -2.486969 ], [ 31.993999, -2.490795 ], [ 31.985757, -2.507869 ], [ 31.991939, -2.528768 ], [ 31.992233, -2.537011 ], [ 31.988407, -2.561443 ], [ 31.991939, -2.566447 ], [ 31.995177, -2.568802 ], [ 31.995471, -2.573806 ], [ 31.994294, -2.579399 ], [ 31.991939, -2.583815 ], [ 31.982814, -2.590879 ], [ 31.977809, -2.590879 ], [ 31.973983, -2.587641 ], [ 31.96839, -2.587053 ], [ 31.95691, -2.588524 ], [ 31.948373, -2.58823 ], [ 31.941014, -2.589113 ], [ 31.934244, -2.594412 ], [ 31.932183, -2.601182 ], [ 31.935715, -2.607952 ], [ 31.942486, -2.612957 ], [ 31.950728, -2.615017 ], [ 31.957793, -2.618549 ], [ 31.965446, -2.627086 ], [ 31.971922, -2.637389 ], [ 31.977221, -2.659466 ], [ 31.983697, -2.66712 ], [ 31.990467, -2.671535 ], [ 31.994883, -2.676539 ], [ 31.995766, -2.683604 ], [ 31.994294, -2.702738 ], [ 31.994883, -2.710685 ], [ 32.00077, -2.717161 ], [ 32.01902, -2.732174 ], [ 32.022847, -2.741594 ], [ 32.015488, -2.760139 ], [ 31.999004, -2.768381 ], [ 31.980753, -2.765732 ], [ 31.96839, -2.752191 ], [ 31.965152, -2.729819 ], [ 31.965446, -2.709802 ], [ 31.959853, -2.695673 ], [ 31.937187, -2.69008 ], [ 31.937187, -2.68066 ], [ 31.938659, -2.661821 ], [ 31.931889, -2.648575 ], [ 31.906279, -2.655934 ], [ 31.906573, -2.641216 ], [ 31.904513, -2.63474 ], [ 31.899509, -2.635034 ], [ 31.893327, -2.640921 ], [ 31.894504, -2.644454 ], [ 31.898037, -2.648575 ], [ 31.899509, -2.655934 ], [ 31.899214, -2.667708 ], [ 31.902452, -2.699794 ], [ 31.906279, -2.710685 ], [ 31.888028, -2.712452 ], [ 31.872133, -2.717456 ], [ 31.874488, -2.702443 ], [ 31.868306, -2.687431 ], [ 31.858003, -2.678011 ], [ 31.847995, -2.679777 ], [ 31.839458, -2.686842 ], [ 31.832099, -2.691257 ], [ 31.826506, -2.697145 ], [ 31.824151, -2.707447 ], [ 31.829156, -2.720988 ], [ 31.830627, -2.728053 ], [ 31.827389, -2.730997 ], [ 31.828861, -2.738061 ], [ 31.842108, -2.773385 ], [ 31.844757, -2.786337 ], [ 31.838281, -2.799878 ], [ 31.825329, -2.814302 ], [ 31.810022, -2.826665 ], [ 31.796481, -2.834024 ], [ 31.78294, -2.81489 ], [ 31.782352, -2.790753 ], [ 31.790299, -2.741594 ], [ 31.789416, -2.725698 ], [ 31.786473, -2.718633 ], [ 31.78088, -2.717161 ], [ 31.762335, -2.717456 ], [ 31.759686, -2.715984 ], [ 31.760863, -2.711274 ], [ 31.763512, -2.692729 ], [ 31.775876, -2.668886 ], [ 31.775581, -2.664765 ], [ 31.773521, -2.660055 ], [ 31.773521, -2.654168 ], [ 31.779408, -2.645631 ], [ 31.785001, -2.642982 ], [ 31.797953, -2.643865 ], [ 31.809139, -2.640038 ], [ 31.81326, -2.641216 ], [ 31.815909, -2.640038 ], [ 31.816792, -2.631796 ], [ 31.816792, -2.624142 ], [ 31.817087, -2.620021 ], [ 31.819147, -2.617961 ], [ 31.824151, -2.615017 ], [ 31.835337, -2.615017 ], [ 31.846817, -2.619138 ], [ 31.855648, -2.617372 ], [ 31.858298, -2.600888 ], [ 31.846229, -2.605597 ], [ 31.829744, -2.607952 ], [ 31.799719, -2.608247 ], [ 31.769105, -2.617961 ], [ 31.754681, -2.620021 ], [ 31.7485, -2.611485 ], [ 31.7485, -2.556733 ], [ 31.743201, -2.547019 ], [ 31.731427, -2.54437 ], [ 31.719652, -2.539071 ], [ 31.714354, -2.521704 ], [ 31.717886, -2.507574 ], [ 31.726717, -2.504925 ], [ 31.739963, -2.506397 ], [ 31.75527, -2.505219 ], [ 31.771166, -2.49786 ], [ 31.78294, -2.487852 ], [ 31.791183, -2.475783 ], [ 31.796481, -2.462831 ], [ 31.795304, -2.455472 ], [ 31.791477, -2.448113 ], [ 31.789416, -2.440754 ], [ 31.796187, -2.424858 ], [ 31.789711, -2.420442 ], [ 31.775876, -2.416321 ], [ 31.759391, -2.393067 ], [ 31.756153, -2.380998 ], [ 31.75527, -2.361275 ], [ 31.771166, -2.36363 ], [ 31.772343, -2.357449 ], [ 31.763512, -2.348029 ], [ 31.7485, -2.341258 ], [ 31.751149, -2.337137 ], [ 31.75527, -2.32654 ], [ 31.725245, -2.320359 ], [ 31.704051, -2.331839 ], [ 31.684917, -2.349206 ], [ 31.659307, -2.361275 ], [ 31.641646, -2.361864 ], [ 31.633698, -2.356271 ], [ 31.631637, -2.343319 ], [ 31.631932, -2.323597 ], [ 31.633992, -2.316238 ], [ 31.638996, -2.308584 ], [ 31.649299, -2.296221 ], [ 31.652831, -2.288273 ], [ 31.652243, -2.258837 ], [ 31.672259, -2.199375 ], [ 31.669316, -2.189955 ], [ 31.674909, -2.182596 ], [ 31.693748, -2.141974 ], [ 31.691687, -2.134909 ], [ 31.681679, -2.123723 ], [ 31.680502, -2.114892 ], [ 31.684328, -2.105473 ], [ 31.697869, -2.087811 ], [ 31.700813, -2.076625 ], [ 31.698458, -2.071621 ], [ 31.688449, -2.063673 ], [ 31.686389, -2.059552 ], [ 31.687861, -2.054548 ], [ 31.692865, -2.047189 ], [ 31.695514, -2.033648 ], [ 31.706994, -2.0048 ], [ 31.689333, -2.005978 ], [ 31.680502, -2.011865 ], [ 31.67432, -2.019518 ], [ 31.666078, -2.025406 ], [ 31.656658, -2.027761 ], [ 31.651065, -2.027466 ], [ 31.645178, -2.026289 ], [ 31.63517, -2.025406 ], [ 31.629282, -2.028644 ], [ 31.626044, -2.035709 ], [ 31.621334, -2.040713 ], [ 31.611032, -2.038947 ], [ 31.612504, -2.003623 ], [ 31.618391, -1.974186 ], [ 31.630754, -1.947988 ], [ 31.673731, -1.895002 ], [ 31.684328, -1.867332 ], [ 31.693748, -1.799628 ], [ 31.698458, -1.783733 ], [ 31.711704, -1.755474 ], [ 31.720535, -1.675996 ], [ 31.736136, -1.643616 ], [ 31.754093, -1.619772 ], [ 31.760863, -1.596517 ], [ 31.741729, -1.566198 ], [ 31.752621, -1.537644 ], [ 31.748794, -1.493784 ], [ 31.75527, -1.46582 ], [ 31.796481, -1.48407 ], [ 31.801191, -1.470824 ], [ 31.802957, -1.456106 ], [ 31.802957, -1.425492 ], [ 31.805312, -1.411951 ], [ 31.814732, -1.389874 ], [ 31.820913, -1.347485 ], [ 31.842108, -1.306863 ], [ 31.850938, -1.278015 ], [ 31.858592, -1.182347 ], [ 31.8686, -1.158798 ], [ 31.870072, -1.149967 ], [ 31.864185, -1.138487 ], [ 31.856237, -1.125829 ], [ 31.850938, -1.113466 ], [ 31.85035, -1.099336 ], [ 31.851527, -1.087267 ], [ 31.851233, -1.075198 ], [ 31.844757, -1.059008 ], [ 31.853882, -1.051944 ], [ 31.867129, -1.038108 ], [ 31.873899, -1.024568 ], [ 31.86183, -1.01868 ], [ 31.853588, -1.021035 ], [ 31.845934, -1.024568 ], [ 31.840047, -1.024273 ], [ 31.837986, -1.014854 ], [ 31.838281, -1.003962 ], [ 31.837398, -0.995131 ], [ 31.833571, -0.988361 ], [ 31.824151, -0.983945 ], [ 31.82474, -1.001607 ], [ 31.821208, -1.02133 ], [ 31.813849, -1.039875 ], [ 31.802957, -1.045468 ], [ 31.781469, -1.055182 ], [ 31.768517, -1.047528 ], [ 31.767045, -1.029572 ], [ 31.785001, -0.998664 ], [ 31.787945, -0.988655 ], [ 31.786473, -0.980413 ], [ 31.772343, -0.973348 ], [ 31.769988, -0.964517 ], [ 31.766162, -0.920068 ], [ 31.769105, -0.863845 ], [ 31.760569, -0.846477 ], [ 31.740846, -0.842651 ], [ 31.71818, -0.843534 ], [ 31.700813, -0.839413 ], [ 31.696986, -0.8244 ], [ 31.699047, -0.799379 ], [ 31.706111, -0.775241 ], [ 31.717592, -0.764644 ], [ 31.717886, -0.756991 ], [ 31.75527, -0.716369 ], [ 31.778819, -0.66927 ], [ 31.786473, -0.661617 ], [ 31.795009, -0.659262 ], [ 31.798247, -0.652491 ], [ 31.79707, -0.644838 ], [ 31.78559, -0.625704 ], [ 31.784707, -0.616285 ], [ 31.792949, -0.575957 ], [ 31.796481, -0.565654 ], [ 31.827684, -0.522677 ], [ 31.834748, -0.508547 ], [ 31.837986, -0.493829 ], [ 31.846817, -0.471458 ], [ 31.868306, -0.456739 ], [ 31.913049, -0.435839 ], [ 31.926296, -0.422299 ], [ 31.961325, -0.37785 ], [ 31.96839, -0.363426 ], [ 31.977515, -0.338111 ], [ 31.997826, -0.314561 ], [ 32.01902, -0.306025 ], [ 32.029618, -0.325747 ], [ 32.037271, -0.325747 ], [ 32.035799, -0.311323 ], [ 32.029618, -0.294545 ], [ 32.020787, -0.278649 ], [ 32.012839, -0.267463 ], [ 32.009895, -0.260987 ], [ 32.008718, -0.253039 ], [ 32.006068, -0.246563 ], [ 31.998709, -0.244208 ], [ 31.990173, -0.244503 ], [ 31.984285, -0.244208 ], [ 31.979576, -0.240382 ], [ 31.974571, -0.230373 ], [ 31.980164, -0.204764 ], [ 31.980459, -0.189457 ], [ 31.971333, -0.182686 ], [ 31.961325, -0.183569 ], [ 31.92659, -0.195638 ], [ 31.935421, -0.15531 ], [ 31.940131, -0.140298 ], [ 31.934538, -0.13912 ], [ 31.91982, -0.134116 ], [ 31.939836, -0.124697 ], [ 31.994883, -0.085841 ], [ 32.011956, -0.092611 ], [ 32.051695, -0.094966 ], [ 32.069945, -0.099381 ], [ 32.061703, -0.075832 ], [ 32.025791, -0.067296 ], [ 32.016077, -0.04463 ], [ 32.031089, -0.048751 ], [ 32.037271, -0.052283 ], [ 32.076716, -0.036387 ], [ 32.104386, -0.045513 ], [ 32.132056, -0.063175 ], [ 32.170029, -0.072594 ], [ 32.18828, -0.068473 ], [ 32.200349, -0.057582 ], [ 32.206236, -0.04198 ], [ 32.208002, -0.024318 ], [ 32.205353, -0.015782 ], [ 32.195933, 0.002469 ], [ 32.193578, 0.013655 ], [ 32.195639, 0.01807 ], [ 32.208002, 0.037204 ], [ 32.206825, 0.031022 ], [ 32.206825, 0.026018 ], [ 32.205353, 0.021602 ], [ 32.200349, 0.016598 ], [ 32.215361, -0.003419 ], [ 32.241265, -0.021375 ], [ 32.26923, -0.029028 ], [ 32.289835, -0.017548 ], [ 32.291602, 0.00188 ], [ 32.279533, 0.018953 ], [ 32.24833, 0.043974 ], [ 32.255689, 0.051333 ], [ 32.286009, 0.037498 ], [ 32.324276, 0.026901 ], [ 32.352241, 0.009533 ], [ 32.351946, -0.024318 ], [ 32.372846, -0.025202 ], [ 32.379028, -0.024318 ], [ 32.368725, -0.003713 ], [ 32.374907, 0.053982 ], [ 32.365487, 0.085479 ], [ 32.386092, 0.091661 ], [ 32.401105, 0.077826 ], [ 32.421122, 0.08283 ], [ 32.439078, 0.099314 ], [ 32.447615, 0.119037 ], [ 32.459095, 0.108734 ], [ 32.457917, 0.095193 ], [ 32.449969, 0.081653 ], [ 32.441139, 0.07135 ], [ 32.41965, 0.05516 ], [ 32.422005, 0.048684 ], [ 32.437606, 0.033671 ], [ 32.45203, 0.030139 ], [ 32.462921, 0.041325 ], [ 32.471752, 0.056337 ], [ 32.481761, 0.067818 ], [ 32.484116, 0.07606 ], [ 32.488237, 0.083419 ], [ 32.49589, 0.085479 ], [ 32.5006, 0.08077 ], [ 32.509431, 0.051333 ], [ 32.517968, 0.056632 ], [ 32.523855, 0.073999 ], [ 32.530037, 0.07812 ], [ 32.539751, 0.074882 ], [ 32.54711, 0.065757 ], [ 32.557412, 0.043974 ], [ 32.57007, 0.060458 ], [ 32.543872, 0.102258 ], [ 32.550642, 0.119037 ], [ 32.559473, 0.11315 ], [ 32.578018, 0.105202 ], [ 32.588026, 0.107851 ], [ 32.571542, 0.133461 ], [ 32.590676, 0.139348 ], [ 32.598329, 0.140231 ], [ 32.598329, 0.147001 ], [ 32.589498, 0.149945 ], [ 32.571542, 0.161425 ], [ 32.575369, 0.174672 ], [ 32.563005, 0.189684 ], [ 32.568009, 0.198515 ], [ 32.578901, 0.201459 ], [ 32.588026, 0.197338 ], [ 32.594797, 0.19616 ], [ 32.598329, 0.208524 ], [ 32.615991, 0.211467 ], [ 32.626588, 0.240021 ], [ 32.63483, 0.273284 ], [ 32.645427, 0.290946 ], [ 32.662795, 0.288885 ], [ 32.666916, 0.276816 ], [ 32.663383, 0.263275 ], [ 32.647782, 0.247674 ], [ 32.648077, 0.230895 ], [ 32.656613, 0.222064 ], [ 32.673392, 0.236488 ], [ 32.680751, 0.222064 ], [ 32.657496, 0.183208 ], [ 32.661323, 0.171728 ], [ 32.690465, 0.167313 ], [ 32.699296, 0.174083 ], [ 32.707244, 0.187918 ], [ 32.714897, 0.208524 ], [ 32.724906, 0.205874 ], [ 32.731087, 0.19616 ], [ 32.736091, 0.183797 ], [ 32.741684, 0.173789 ], [ 32.728438, 0.16643 ], [ 32.71107, 0.144647 ], [ 32.704006, 0.140231 ], [ 32.685755, 0.141114 ], [ 32.680751, 0.140231 ], [ 32.670448, 0.135227 ], [ 32.6625, 0.132872 ], [ 32.653081, 0.133461 ], [ 32.660734, 0.11992 ], [ 32.661323, 0.098431 ], [ 32.666621, 0.091661 ], [ 32.682223, 0.089012 ], [ 32.69488, 0.094605 ], [ 32.704594, 0.102258 ], [ 32.71107, 0.106085 ], [ 32.719607, 0.107262 ], [ 32.732265, 0.1105 ], [ 32.744039, 0.115799 ], [ 32.749043, 0.122864 ], [ 32.756108, 0.126102 ], [ 32.771709, 0.120214 ], [ 32.79673, 0.106085 ], [ 32.797319, 0.124924 ], [ 32.799085, 0.138759 ], [ 32.803206, 0.150239 ], [ 32.810566, 0.161425 ], [ 32.817336, 0.161425 ], [ 32.82234, 0.149651 ], [ 32.832348, 0.149651 ], [ 32.8453, 0.151711 ], [ 32.859136, 0.147001 ], [ 32.855309, 0.154949 ], [ 32.853248, 0.163192 ], [ 32.851482, 0.181148 ], [ 32.859136, 0.181148 ], [ 32.86414, 0.168784 ], [ 32.877681, 0.190567 ], [ 32.892987, 0.195572 ], [ 32.890044, 0.19145 ], [ 32.888278, 0.188507 ], [ 32.885628, 0.181148 ], [ 32.895931, 0.181442 ], [ 32.899169, 0.181148 ], [ 32.890927, 0.171434 ], [ 32.885923, 0.161131 ], [ 32.887395, 0.152594 ], [ 32.899169, 0.147001 ], [ 32.888866, 0.143175 ], [ 32.877681, 0.136404 ], [ 32.871499, 0.126985 ], [ 32.876209, 0.115799 ], [ 32.887983, 0.107262 ], [ 32.892693, 0.107262 ], [ 32.893282, 0.104907 ], [ 32.892987, 0.088717 ], [ 32.90123, 0.076943 ], [ 32.920658, 0.077826 ], [ 32.986301, 0.101081 ], [ 33.008084, 0.112855 ], [ 33.077554, 0.166135 ], [ 33.084913, 0.173789 ], [ 33.091978, 0.186152 ], [ 33.105224, 0.222064 ], [ 33.071667, 0.223536 ], [ 33.043113, 0.228835 ], [ 33.070489, 0.246497 ], [ 33.078731, 0.250029 ], [ 33.078731, 0.256799 ], [ 33.071078, 0.256799 ], [ 33.071078, 0.262981 ], [ 33.081086, 0.260332 ], [ 33.098748, 0.251795 ], [ 33.123769, 0.247085 ], [ 33.123475, 0.239726 ], [ 33.112877, 0.225597 ], [ 33.116999, 0.214411 ], [ 33.126418, 0.21706 ], [ 33.135544, 0.224714 ], [ 33.13937, 0.228835 ], [ 33.140842, 0.234133 ], [ 33.13937, 0.241198 ], [ 33.138782, 0.24738 ], [ 33.143197, 0.250029 ], [ 33.15085, 0.251206 ], [ 33.156149, 0.25415 ], [ 33.167335, 0.262981 ], [ 33.156443, 0.276522 ], [ 33.150556, 0.297422 ], [ 33.153794, 0.316261 ], [ 33.170573, 0.324503 ], [ 33.188823, 0.328919 ], [ 33.220026, 0.347463 ], [ 33.238571, 0.351879 ], [ 33.242103, 0.354528 ], [ 33.264181, 0.367775 ], [ 33.269774, 0.373073 ], [ 33.270657, 0.38632 ], [ 33.26683, 0.390441 ], [ 33.259176, 0.390735 ], [ 33.231212, 0.396917 ], [ 33.210018, 0.398388 ], [ 33.192945, 0.406042 ], [ 33.187352, 0.428119 ], [ 33.210901, 0.422821 ], [ 33.235922, 0.427236 ], [ 33.250346, 0.440483 ], [ 33.241809, 0.461677 ], [ 33.273895, 0.476689 ], [ 33.28302, 0.482871 ], [ 33.290673, 0.439599 ], [ 33.318638, 0.437539 ], [ 33.34572, 0.456378 ], [ 33.351901, 0.475217 ], [ 33.366031, 0.497 ], [ 33.385164, 0.490819 ], [ 33.389285, 0.484637 ], [ 33.372212, 0.461677 ], [ 33.349841, 0.421938 ], [ 33.354845, 0.41605 ], [ 33.362498, 0.41134 ], [ 33.366031, 0.407219 ], [ 33.349252, 0.391912 ], [ 33.325703, 0.389263 ], [ 33.310101, 0.381904 ], [ 33.317755, 0.351879 ], [ 33.328646, 0.359532 ], [ 33.366031, 0.373073 ], [ 33.369857, 0.363948 ], [ 33.368974, 0.355117 ], [ 33.365148, 0.34658 ], [ 33.35926, 0.338927 ], [ 33.376922, 0.343048 ], [ 33.394878, 0.341282 ], [ 33.411951, 0.334511 ], [ 33.427553, 0.324503 ], [ 33.426081, 0.33304 ], [ 33.424315, 0.338927 ], [ 33.420782, 0.342754 ], [ 33.413718, 0.345697 ], [ 33.441977, 0.356294 ], [ 33.455812, 0.357766 ], [ 33.469058, 0.351879 ], [ 33.454929, 0.345697 ], [ 33.46582, 0.330685 ], [ 33.483188, 0.324503 ], [ 33.494668, 0.31891 ], [ 33.489075, 0.304781 ], [ 33.508209, 0.300365 ], [ 33.507914, 0.283292 ], [ 33.494962, 0.27034 ], [ 33.475828, 0.277405 ], [ 33.482304, 0.280937 ], [ 33.489075, 0.283586 ], [ 33.47524, 0.289768 ], [ 33.45905, 0.294478 ], [ 33.444037, 0.295361 ], [ 33.434323, 0.290946 ], [ 33.426375, 0.295655 ], [ 33.418427, 0.297716 ], [ 33.400177, 0.297716 ], [ 33.405475, 0.288885 ], [ 33.413423, 0.283586 ], [ 33.434323, 0.277405 ], [ 33.420782, 0.270046 ], [ 33.43344, 0.261215 ], [ 33.439033, 0.258565 ], [ 33.447864, 0.256799 ], [ 33.426375, 0.243553 ], [ 33.439622, 0.227363 ], [ 33.465526, 0.208818 ], [ 33.482304, 0.187918 ], [ 33.489075, 0.187918 ], [ 33.486426, 0.216177 ], [ 33.487603, 0.230307 ], [ 33.492607, 0.236488 ], [ 33.501144, 0.232073 ], [ 33.503793, 0.221476 ], [ 33.502616, 0.195572 ], [ 33.511152, 0.202931 ], [ 33.522044, 0.217943 ], [ 33.53058, 0.222064 ], [ 33.529108, 0.211173 ], [ 33.525576, 0.200576 ], [ 33.516156, 0.181148 ], [ 33.525282, 0.18262 ], [ 33.531169, 0.185563 ], [ 33.534701, 0.191745 ], [ 33.536762, 0.201753 ], [ 33.544121, 0.201753 ], [ 33.545887, 0.185858 ], [ 33.555601, 0.179676 ], [ 33.566493, 0.183797 ], [ 33.571497, 0.198515 ], [ 33.580033, 0.20764 ], [ 33.598873, 0.215588 ], [ 33.617418, 0.227069 ], [ 33.626249, 0.246202 ], [ 33.618889, 0.298893 ], [ 33.619773, 0.310962 ], [ 33.629487, 0.320676 ], [ 33.642144, 0.323326 ], [ 33.655685, 0.319793 ], [ 33.667754, 0.310962 ], [ 33.68571, 0.325975 ], [ 33.694247, 0.330096 ], [ 33.70867, 0.332157 ], [ 33.720445, 0.330685 ], [ 33.735458, 0.325975 ], [ 33.748998, 0.319204 ], [ 33.755769, 0.310962 ], [ 33.733397, 0.306841 ], [ 33.715146, 0.298305 ], [ 33.7019, 0.284175 ], [ 33.69513, 0.262981 ], [ 33.706316, 0.267985 ], [ 33.718385, 0.268868 ], [ 33.730748, 0.266808 ], [ 33.742817, 0.262981 ], [ 33.742817, 0.256799 ], [ 33.733691, 0.248851 ], [ 33.720445, 0.23325 ], [ 33.709848, 0.215294 ], [ 33.70867, 0.201753 ], [ 33.721917, 0.193217 ], [ 33.763717, 0.190862 ], [ 33.776963, 0.187918 ], [ 33.78756, 0.197926 ], [ 33.787854, 0.208524 ], [ 33.786088, 0.220593 ], [ 33.789915, 0.236488 ], [ 33.804633, 0.220298 ], [ 33.807871, 0.199987 ], [ 33.809343, 0.177321 ], [ 33.81788, 0.153772 ], [ 33.823472, 0.166724 ], [ 33.827005, 0.193511 ], [ 33.83142, 0.208524 ], [ 33.862034, 0.188507 ], [ 33.893826, 0.173789 ], [ 33.895297, 0.192334 ], [ 33.905011, 0.199104 ], [ 33.915903, 0.204402 ], [ 33.920907, 0.219121 ], [ 33.965945, 0.256211 ], [ 33.972126, 0.262981 ], [ 33.980369, 0.264453 ], [ 33.98184, 0.26563 ], [ 33.982723, 0.264453 ], [ 33.989199, 0.256799 ], [ 33.993026, 0.251501 ], [ 34.001857, 0.232956 ], [ 34.003623, 0.225597 ], [ 34.001268, 0.212939 ], [ 33.991554, 0.181148 ], [ 33.989199, 0.164369 ], [ 33.990377, 0.134933 ], [ 33.988316, 0.119037 ], [ 33.982429, 0.106085 ], [ 33.974187, 0.102847 ], [ 33.965356, 0.10579 ], [ 33.957997, 0.10579 ], [ 33.955053, 0.095193 ], [ 33.956231, 0.075471 ], [ 33.958291, 0.066346 ], [ 33.961824, 0.057515 ], [ 33.968888, 0.05045 ], [ 33.977719, 0.044857 ], [ 33.985961, 0.038087 ], [ 33.989199, 0.026901 ], [ 33.989788, 0.01807 ], [ 33.99597, -0.010778 ], [ 33.99597, -0.040508 ], [ 33.999797, -0.04463 ], [ 34.018047, -0.045807 ], [ 34.024523, -0.048162 ], [ 34.030116, -0.052283 ], [ 34.030116, -0.058465 ], [ 34.020696, -0.070534 ], [ 34.027172, -0.074949 ], [ 34.038947, -0.074655 ], [ 34.043657, -0.072594 ], [ 34.055137, -0.087901 ], [ 34.05131, -0.085841 ], [ 34.054548, -0.091139 ], [ 34.055137, -0.096732 ], [ 34.057198, -0.101736 ], [ 34.064851, -0.10674 ], [ 34.064851, -0.096732 ], [ 34.066029, -0.088784 ], [ 34.068383, -0.081131 ], [ 34.071916, -0.072594 ], [ 34.064851, -0.072594 ], [ 34.07692, -0.063469 ], [ 34.094582, -0.059348 ], [ 34.12343, -0.058465 ], [ 34.13491, -0.064941 ], [ 34.130789, -0.079659 ], [ 34.112832, -0.10674 ], [ 34.128728, -0.106446 ], [ 34.138442, -0.11145 ], [ 34.137853, -0.117338 ], [ 34.12343, -0.120576 ], [ 34.115482, -0.12293 ], [ 34.091049, -0.135588 ], [ 34.085457, -0.140298 ], [ 34.093993, -0.168851 ], [ 34.122252, -0.185336 ], [ 34.158165, -0.191223 ], [ 34.187895, -0.188868 ], [ 34.184952, -0.208885 ], [ 34.195843, -0.221248 ], [ 34.229401, -0.237144 ], [ 34.249123, -0.252156 ], [ 34.253244, -0.26452 ], [ 34.236465, -0.298666 ], [ 34.251184, -0.29896 ], [ 34.256776, -0.305142 ], [ 34.253833, -0.314856 ], [ 34.243236, -0.325747 ], [ 34.252067, -0.328691 ], [ 34.262664, -0.334284 ], [ 34.272083, -0.340466 ], [ 34.277088, -0.346353 ], [ 34.278854, -0.358127 ], [ 34.276205, -0.36843 ], [ 34.272083, -0.376672 ], [ 34.270906, -0.381088 ], [ 34.287979, -0.396395 ], [ 34.302992, -0.390507 ], [ 34.313883, -0.373729 ], [ 34.318299, -0.35695 ], [ 34.325363, -0.341349 ], [ 34.376288, -0.301904 ], [ 34.386885, -0.284831 ], [ 34.388357, -0.265403 ], [ 34.383059, -0.244208 ], [ 34.372756, -0.223309 ], [ 34.357449, -0.228902 ], [ 34.346263, -0.219776 ], [ 34.341553, -0.203881 ], [ 34.34538, -0.188868 ], [ 34.359804, -0.179448 ], [ 34.377466, -0.178565 ], [ 34.406902, -0.182686 ], [ 34.446641, -0.168263 ], [ 34.461654, -0.168263 ], [ 34.491385, -0.179743 ], [ 34.505514, -0.18092 ], [ 34.520821, -0.171795 ], [ 34.534067, -0.159432 ], [ 34.548491, -0.149423 ], [ 34.564093, -0.142653 ], [ 34.600299, -0.137354 ], [ 34.623849, -0.123519 ], [ 34.646515, -0.117043 ], [ 34.658878, -0.108801 ], [ 34.669769, -0.098793 ], [ 34.674479, -0.089667 ], [ 34.722755, -0.091139 ], [ 34.73659, -0.085841 ], [ 34.735413, -0.109684 ], [ 34.730997, -0.123814 ], [ 34.731291, -0.137943 ], [ 34.74336, -0.162081 ], [ 34.750131, -0.154427 ], [ 34.756901, -0.165613 ], [ 34.768087, -0.179154 ], [ 34.781628, -0.190634 ], [ 34.795168, -0.195638 ], [ 34.798701, -0.206235 ], [ 34.832847, -0.27129 ], [ 34.836674, -0.272467 ], [ 34.846977, -0.279532 ], [ 34.85463, -0.28748 ], [ 34.849331, -0.291307 ], [ 34.846388, -0.294545 ], [ 34.84315, -0.301609 ], [ 34.837851, -0.308969 ], [ 34.82902, -0.312207 ], [ 34.809298, -0.306319 ], [ 34.782805, -0.286891 ], [ 34.770736, -0.291307 ], [ 34.749542, -0.287186 ], [ 34.748365, -0.300726 ], [ 34.754252, -0.320449 ], [ 34.753663, -0.335756 ], [ 34.740417, -0.340171 ], [ 34.678306, -0.346353 ], [ 34.658289, -0.344881 ], [ 34.612957, -0.331929 ], [ 34.604715, -0.332812 ], [ 34.595884, -0.335461 ], [ 34.586759, -0.335756 ], [ 34.575867, -0.328985 ], [ 34.569097, -0.322215 ], [ 34.562326, -0.318388 ], [ 34.554379, -0.318977 ], [ 34.544076, -0.325747 ], [ 34.527003, -0.32457 ], [ 34.497861, -0.32928 ], [ 34.467836, -0.337522 ], [ 34.448702, -0.346353 ], [ 34.450762, -0.367253 ], [ 34.449291, -0.396983 ], [ 34.456944, -0.424065 ], [ 34.499921, -0.441432 ], [ 34.50522, -0.45409 ], [ 34.505514, -0.467925 ], [ 34.503159, -0.476756 ], [ 34.4749, -0.493829 ], [ 34.472251, -0.497362 ], [ 34.460771, -0.501483 ], [ 34.436339, -0.520911 ], [ 34.423975, -0.525032 ], [ 34.407491, -0.521794 ], [ 34.40808, -0.513552 ], [ 34.415733, -0.504426 ], [ 34.420443, -0.497362 ], [ 34.418677, -0.489119 ], [ 34.409551, -0.468514 ], [ 34.403959, -0.459977 ], [ 34.395422, -0.450852 ], [ 34.386002, -0.44467 ], [ 34.374522, -0.441432 ], [ 34.359215, -0.442021 ], [ 34.365691, -0.459094 ], [ 34.360687, -0.472635 ], [ 34.347735, -0.479405 ], [ 34.331251, -0.476756 ], [ 34.326541, -0.470869 ], [ 34.318299, -0.453501 ], [ 34.311234, -0.44938 ], [ 34.304758, -0.452324 ], [ 34.304463, -0.460566 ], [ 34.307701, -0.469691 ], [ 34.311234, -0.476756 ], [ 34.284741, -0.465865 ], [ 34.244413, -0.429363 ], [ 34.21586, -0.42848 ], [ 34.219981, -0.418766 ], [ 34.22263, -0.415234 ], [ 34.189073, -0.422299 ], [ 34.174355, -0.450852 ], [ 34.161108, -0.517673 ], [ 34.150217, -0.531508 ], [ 34.13697, -0.53504 ], [ 34.10253, -0.532097 ], [ 34.101352, -0.534746 ], [ 34.085457, -0.551819 ], [ 34.077803, -0.554468 ], [ 34.063674, -0.555646 ], [ 34.057492, -0.558589 ], [ 34.065734, -0.568598 ], [ 34.075154, -0.57684 ], [ 34.082807, -0.58626 ], [ 34.085457, -0.599506 ], [ 34.081335, -0.607748 ], [ 34.072505, -0.616873 ], [ 34.062202, -0.624527 ], [ 34.054548, -0.627471 ], [ 34.047778, -0.641306 ], [ 34.037475, -0.730498 ], [ 34.057492, -0.728143 ], [ 34.0675, -0.748749 ], [ 34.071327, -0.776124 ], [ 34.071916, -0.795258 ], [ 34.078392, -0.797613 ], [ 34.119603, -0.826166 ], [ 34.165524, -0.841768 ], [ 34.174943, -0.846772 ], [ 34.183185, -0.871204 ], [ 34.169645, -0.886511 ], [ 34.150217, -0.898286 ], [ 34.139914, -0.911826 ], [ 34.127845, -0.953626 ], [ 34.124607, -0.977764 ], [ 34.133438, -0.997486 ], [ 34.133438, -1.003668 ], [ 34.117542, -0.999252 ], [ 34.071916, -0.97011 ], [ 34.066029, -0.996014 ], [ 34.058375, -1.002196 ], [ 34.037475, -0.997486 ], [ 34.048072, -1.01191 ], [ 34.063379, -1.015737 ], [ 34.079569, -1.01191 ], [ 34.092227, -1.003668 ], [ 34.09782, -1.018975 ], [ 34.087223, -1.022802 ], [ 34.072505, -1.025156 ], [ 34.064851, -1.035459 ], [ 34.0675, -1.043996 ], [ 34.072505, -1.046056 ], [ 34.075448, -1.048411 ], [ 34.071916, -1.059008 ], [ 34.040713, -1.079614 ], [ 34.033648, -1.082263 ], [ 34.03041, -1.088739 ], [ 34.028056, -1.095804 ], [ 34.023346, -1.100514 ], [ 34.016281, -1.101691 ], [ 33.992732, -1.100514 ], [ 33.975659, -1.105224 ], [ 33.980074, -1.115821 ], [ 33.990377, -1.128478 ], [ 33.992732, -1.138192 ], [ 33.963295, -1.172633 ], [ 33.948283, -1.18323 ], [ 33.915608, -1.198831 ], [ 33.900596, -1.20884 ], [ 33.886172, -1.223264 ], [ 33.87322, -1.255938 ], [ 33.885878, -1.277721 ], [ 33.908838, -1.285669 ], [ 33.927677, -1.278015 ], [ 33.933859, -1.278015 ], [ 33.931798, -1.282725 ], [ 33.929738, -1.289201 ], [ 33.927677, -1.292439 ], [ 33.927677, -1.298621 ], [ 33.946517, -1.303625 ], [ 33.966828, -1.316283 ], [ 33.982723, -1.333061 ], [ 33.989199, -1.350134 ], [ 33.988611, -1.359848 ], [ 33.985667, -1.369857 ], [ 33.979485, -1.376039 ], [ 33.968888, -1.374272 ], [ 33.967417, -1.369857 ], [ 33.969183, -1.362203 ], [ 33.972421, -1.355433 ], [ 33.975659, -1.353667 ], [ 33.961824, -1.340126 ], [ 33.95417, -1.336888 ], [ 33.933859, -1.334533 ], [ 33.915608, -1.323936 ], [ 33.905306, -1.320698 ], [ 33.882934, -1.319521 ], [ 33.821412, -1.326291 ], [ 33.804339, -1.319521 ], [ 33.792564, -1.334239 ], [ 33.79904, -1.348663 ], [ 33.82465, -1.374272 ], [ 33.820529, -1.37751 ], [ 33.81994, -1.379277 ], [ 33.819646, -1.381926 ], [ 33.81788, -1.387813 ], [ 33.832009, -1.383103 ], [ 33.843784, -1.387519 ], [ 33.852909, -1.397527 ], [ 33.858796, -1.408419 ], [ 33.797568, -1.387813 ], [ 33.781378, -1.397527 ], [ 33.781378, -1.409596 ], [ 33.791092, -1.421371 ], [ 33.804339, -1.429024 ], [ 33.812581, -1.429613 ], [ 33.830243, -1.427552 ], [ 33.838485, -1.429024 ], [ 33.847316, -1.43344 ], [ 33.849965, -1.437266 ], [ 33.851731, -1.441976 ], [ 33.858796, -1.449924 ], [ 33.867333, -1.470824 ], [ 33.871159, -1.470529 ], [ 33.875869, -1.469352 ], [ 33.879402, -1.470529 ], [ 33.890882, -1.480243 ], [ 33.894414, -1.486131 ], [ 33.893826, -1.497611 ], [ 33.909132, -1.487603 ], [ 33.918552, -1.48407 ], [ 33.927677, -1.48407 ], [ 33.93592, -1.489957 ], [ 33.940041, -1.499083 ], [ 33.94269, -1.507619 ], [ 33.944751, -1.511446 ], [ 33.952993, -1.513801 ], [ 33.955936, -1.518511 ], [ 33.952993, -1.523515 ], [ 33.944751, -1.525575 ], [ 33.940041, -1.524398 ], [ 33.932976, -1.518805 ], [ 33.927677, -1.518216 ], [ 33.927089, -1.520277 ], [ 33.923262, -1.525281 ], [ 33.918258, -1.529991 ], [ 33.913548, -1.532052 ] ], [ [ 34.14639, -0.405226 ], [ 34.119603, -0.415234 ], [ 34.119603, -0.427892 ], [ 34.132849, -0.431718 ], [ 34.149922, -0.432601 ], [ 34.161108, -0.435839 ], [ 34.204085, -0.407286 ], [ 34.217332, -0.389036 ], [ 34.22263, -0.360188 ], [ 34.214094, -0.36843 ], [ 34.207323, -0.388741 ], [ 34.202025, -0.394923 ], [ 34.191133, -0.394629 ], [ 34.182008, -0.387269 ], [ 34.16729, -0.366958 ], [ 34.158459, -0.39404 ], [ 34.153749, -0.401105 ], [ 34.14639, -0.405226 ] ], [ [ 33.946517, -0.464098 ], [ 33.945634, -0.472929 ], [ 33.951815, -0.476756 ], [ 33.971832, -0.480288 ], [ 33.998619, -0.49795 ], [ 34.017164, -0.504721 ], [ 34.026878, -0.497656 ], [ 34.048955, -0.490002 ], [ 34.057492, -0.482938 ], [ 34.061907, -0.474401 ], [ 34.059258, -0.470574 ], [ 34.05396, -0.467336 ], [ 34.05131, -0.459977 ], [ 34.045129, -0.437311 ], [ 34.03041, -0.432307 ], [ 33.99597, -0.442021 ], [ 33.964179, -0.444965 ], [ 33.955053, -0.44938 ], [ 33.950932, -0.454973 ], [ 33.946517, -0.464098 ] ], [ [ 31.815909, -1.800806 ], [ 31.810611, -1.819351 ], [ 31.840636, -1.795213 ], [ 31.849172, -1.779906 ], [ 31.850938, -1.758418 ], [ 31.845346, -1.753119 ], [ 31.842402, -1.751647 ], [ 31.837986, -1.751647 ], [ 31.836515, -1.774608 ], [ 31.826801, -1.788443 ], [ 31.815909, -1.800806 ] ], [ [ 31.774698, -2.139913 ], [ 31.786473, -2.147567 ], [ 31.797953, -2.151394 ], [ 31.802957, -2.145506 ], [ 31.821208, -2.136381 ], [ 31.82474, -2.130494 ], [ 31.806784, -2.12755 ], [ 31.793243, -2.124312 ], [ 31.785001, -2.114892 ], [ 31.781469, -2.10194 ], [ 31.782646, -2.087517 ], [ 31.775876, -2.079863 ], [ 31.768811, -2.093698 ], [ 31.764395, -2.107239 ], [ 31.764101, -2.121074 ], [ 31.769105, -2.135204 ], [ 31.774698, -2.139913 ] ], [ [ 31.91982, -2.416321 ], [ 31.920997, -2.398071 ], [ 31.913932, -2.383353 ], [ 31.904513, -2.369517 ], [ 31.899509, -2.354799 ], [ 31.901569, -2.336843 ], [ 31.907162, -2.32654 ], [ 31.907751, -2.32183 ], [ 31.895976, -2.320947 ], [ 31.868895, -2.310056 ], [ 31.860064, -2.283563 ], [ 31.856237, -2.252066 ], [ 31.844757, -2.224102 ], [ 31.840341, -2.215565 ], [ 31.828272, -2.209972 ], [ 31.817675, -2.202907 ], [ 31.816792, -2.182891 ], [ 31.810611, -2.182891 ], [ 31.790888, -2.23411 ], [ 31.788239, -2.25972 ], [ 31.810611, -2.252066 ], [ 31.807961, -2.267667 ], [ 31.801191, -2.281208 ], [ 31.790299, -2.288862 ], [ 31.775876, -2.285918 ], [ 31.782646, -2.320947 ], [ 31.802957, -2.315943 ], [ 31.822385, -2.316826 ], [ 31.830333, -2.322714 ], [ 31.816792, -2.333899 ], [ 31.82474, -2.34744 ], [ 31.844757, -2.364513 ], [ 31.850938, -2.374816 ], [ 31.851233, -2.388651 ], [ 31.840636, -2.411023 ], [ 31.837986, -2.426035 ], [ 31.840636, -2.441048 ], [ 31.848289, -2.454589 ], [ 31.860064, -2.460476 ], [ 31.875371, -2.453706 ], [ 31.912755, -2.423975 ], [ 31.91982, -2.416321 ] ], [ [ 31.899509, -1.635079 ], [ 31.940131, -1.66216 ], [ 31.937482, -1.651269 ], [ 31.93336, -1.64391 ], [ 31.91982, -1.628014 ], [ 31.896271, -1.615062 ], [ 31.892444, -1.610941 ], [ 31.888323, -1.610352 ], [ 31.858298, -1.621244 ], [ 31.868012, -1.636256 ], [ 31.871838, -1.653035 ], [ 31.872133, -1.690125 ], [ 31.867129, -1.690714 ], [ 31.865951, -1.688948 ], [ 31.865951, -1.686298 ], [ 31.865362, -1.682766 ], [ 31.865362, -1.699545 ], [ 31.858298, -1.744877 ], [ 31.888617, -1.691302 ], [ 31.897742, -1.662749 ], [ 31.899509, -1.635079 ] ], [ [ 32.069945, -2.292983 ], [ 32.071417, -2.27797 ], [ 32.06759, -2.267079 ], [ 32.059937, -2.265313 ], [ 32.050223, -2.279148 ], [ 32.044041, -2.279148 ], [ 32.045513, -2.269728 ], [ 32.048457, -2.260897 ], [ 32.051989, -2.252655 ], [ 32.056993, -2.245001 ], [ 32.050223, -2.252066 ], [ 32.046102, -2.247062 ], [ 32.04463, -2.242647 ], [ 32.044041, -2.231461 ], [ 32.025791, -2.233521 ], [ 32.009601, -2.242941 ], [ 31.993116, -2.25501 ], [ 31.974571, -2.265607 ], [ 31.960148, -2.271494 ], [ 31.951022, -2.277087 ], [ 31.947196, -2.285918 ], [ 31.951022, -2.292394 ], [ 31.972216, -2.289745 ], [ 31.981342, -2.292983 ], [ 31.985169, -2.308878 ], [ 31.974866, -2.322419 ], [ 31.960736, -2.334782 ], [ 31.954555, -2.34744 ], [ 31.966035, -2.340964 ], [ 31.969862, -2.343613 ], [ 31.971333, -2.350089 ], [ 31.974571, -2.354799 ], [ 31.975455, -2.357743 ], [ 31.974571, -2.361864 ], [ 31.974277, -2.365691 ], [ 31.977809, -2.367457 ], [ 31.981636, -2.366574 ], [ 31.98664, -2.364513 ], [ 31.989878, -2.362453 ], [ 31.988701, -2.361275 ], [ 32.003713, -2.361275 ], [ 32.020787, -2.357743 ], [ 32.037565, -2.350973 ], [ 32.050223, -2.341258 ], [ 32.069945, -2.292983 ] ], [ [ 32.282771, -0.353123 ], [ 32.323982, -0.354006 ], [ 32.318977, -0.337522 ], [ 32.297194, -0.314267 ], [ 32.289835, -0.298666 ], [ 32.28071, -0.303081 ], [ 32.277178, -0.308969 ], [ 32.278061, -0.316916 ], [ 32.283065, -0.325747 ], [ 32.273351, -0.330163 ], [ 32.264226, -0.330752 ], [ 32.255984, -0.326925 ], [ 32.24833, -0.318388 ], [ 32.255689, -0.305436 ], [ 32.212712, -0.321332 ], [ 32.187397, -0.327513 ], [ 32.166202, -0.325747 ], [ 32.152956, -0.311618 ], [ 32.156194, -0.291601 ], [ 32.173562, -0.257455 ], [ 32.172384, -0.239793 ], [ 32.157372, -0.234494 ], [ 32.111745, -0.237144 ], [ 32.086135, -0.231551 ], [ 32.073772, -0.230373 ], [ 32.064352, -0.235083 ], [ 32.06553, -0.244797 ], [ 32.064647, -0.254511 ], [ 32.050223, -0.257455 ], [ 32.050223, -0.263931 ], [ 32.077304, -0.273056 ], [ 32.091728, -0.280415 ], [ 32.09791, -0.288069 ], [ 32.099382, -0.295722 ], [ 32.102325, -0.298077 ], [ 32.106741, -0.299843 ], [ 32.111745, -0.305436 ], [ 32.111745, -0.309263 ], [ 32.105858, -0.316328 ], [ 32.104386, -0.322215 ], [ 32.116455, -0.329868 ], [ 32.144125, -0.338111 ], [ 32.172384, -0.34076 ], [ 32.187397, -0.331929 ], [ 32.193578, -0.331929 ], [ 32.202409, -0.341349 ], [ 32.218011, -0.35018 ], [ 32.228313, -0.360482 ], [ 32.221543, -0.373729 ], [ 32.231257, -0.378144 ], [ 32.241265, -0.386092 ], [ 32.248036, -0.396689 ], [ 32.24833, -0.408464 ], [ 32.242148, -0.413468 ], [ 32.233317, -0.413173 ], [ 32.225075, -0.409052 ], [ 32.216539, -0.39875 ], [ 32.205942, -0.407875 ], [ 32.197111, -0.421416 ], [ 32.197111, -0.42848 ], [ 32.18563, -0.429069 ], [ 32.1768, -0.43113 ], [ 32.170618, -0.435545 ], [ 32.166202, -0.442021 ], [ 32.166202, -0.44938 ], [ 32.170912, -0.458211 ], [ 32.167674, -0.471458 ], [ 32.152662, -0.497362 ], [ 32.135883, -0.515318 ], [ 32.132351, -0.525326 ], [ 32.138238, -0.538278 ], [ 32.166202, -0.538278 ], [ 32.165614, -0.531213 ], [ 32.167086, -0.523266 ], [ 32.173562, -0.504721 ], [ 32.178271, -0.506487 ], [ 32.189163, -0.509136 ], [ 32.193578, -0.510902 ], [ 32.19034, -0.497362 ], [ 32.189752, -0.478228 ], [ 32.187397, -0.469986 ], [ 32.22537, -0.462627 ], [ 32.241854, -0.463804 ], [ 32.241854, -0.469986 ], [ 32.236261, -0.47705 ], [ 32.238616, -0.483526 ], [ 32.247153, -0.488531 ], [ 32.258927, -0.490297 ], [ 32.263048, -0.487059 ], [ 32.265992, -0.4797 ], [ 32.271879, -0.472341 ], [ 32.283065, -0.469986 ], [ 32.274823, -0.432896 ], [ 32.270702, -0.386681 ], [ 32.282771, -0.353123 ] ], [ [ 32.342821, -0.261576 ], [ 32.347236, -0.265697 ], [ 32.351946, -0.27129 ], [ 32.369902, -0.269818 ], [ 32.365193, -0.258044 ], [ 32.351946, -0.241559 ], [ 32.344293, -0.227135 ], [ 32.339583, -0.215949 ], [ 32.328103, -0.204175 ], [ 32.312501, -0.197993 ], [ 32.296606, -0.202997 ], [ 32.305731, -0.205941 ], [ 32.315151, -0.211534 ], [ 32.323982, -0.219776 ], [ 32.331341, -0.230373 ], [ 32.321627, -0.235378 ], [ 32.319272, -0.242148 ], [ 32.322804, -0.249801 ], [ 32.331341, -0.257455 ], [ 32.333107, -0.252156 ], [ 32.334284, -0.252156 ], [ 32.337522, -0.250096 ], [ 32.339289, -0.25716 ], [ 32.342821, -0.261576 ] ], [ [ 32.388447, -0.367841 ], [ 32.400516, -0.366075 ], [ 32.413468, -0.366958 ], [ 32.413468, -0.360188 ], [ 32.400222, -0.35695 ], [ 32.394629, -0.348413 ], [ 32.389919, -0.338699 ], [ 32.379028, -0.331929 ], [ 32.369314, -0.334284 ], [ 32.368725, -0.344292 ], [ 32.37314, -0.35695 ], [ 32.379028, -0.366958 ], [ 32.372552, -0.364898 ], [ 32.358422, -0.362543 ], [ 32.351946, -0.360188 ], [ 32.354007, -0.370196 ], [ 32.356656, -0.374906 ], [ 32.360777, -0.375495 ], [ 32.388447, -0.367841 ] ], [ [ 32.531214, -2.32654 ], [ 32.536807, -2.307112 ], [ 32.532686, -2.283857 ], [ 32.523855, -2.282386 ], [ 32.512963, -2.287979 ], [ 32.502072, -2.285918 ], [ 32.49589, -2.285918 ], [ 32.498834, -2.312411 ], [ 32.502072, -2.320947 ], [ 32.474696, -2.32448 ], [ 32.464982, -2.314177 ], [ 32.467926, -2.271789 ], [ 32.461744, -2.271789 ], [ 32.454974, -2.283269 ], [ 32.446437, -2.283857 ], [ 32.438195, -2.277087 ], [ 32.433779, -2.265607 ], [ 32.407581, -2.342142 ], [ 32.409936, -2.354799 ], [ 32.42642, -2.362158 ], [ 32.432013, -2.379231 ], [ 32.434368, -2.399543 ], [ 32.441139, -2.416321 ], [ 32.45203, -2.420442 ], [ 32.462627, -2.418382 ], [ 32.472341, -2.411906 ], [ 32.481761, -2.402192 ], [ 32.492064, -2.404252 ], [ 32.506782, -2.396599 ], [ 32.519439, -2.383058 ], [ 32.523266, -2.367457 ], [ 32.519439, -2.369517 ], [ 32.518851, -2.370695 ], [ 32.518262, -2.371872 ], [ 32.516201, -2.374816 ], [ 32.51208, -2.35892 ], [ 32.520028, -2.343319 ], [ 32.531214, -2.32654 ] ], [ [ 32.538279, -0.390213 ], [ 32.543577, -0.373729 ], [ 32.529448, -0.378144 ], [ 32.523855, -0.381382 ], [ 32.516201, -0.387269 ], [ 32.508842, -0.383443 ], [ 32.504132, -0.384031 ], [ 32.502072, -0.391096 ], [ 32.502661, -0.40552 ], [ 32.502072, -0.408464 ], [ 32.489709, -0.418472 ], [ 32.469986, -0.420533 ], [ 32.454091, -0.42848 ], [ 32.477051, -0.441727 ], [ 32.47293, -0.46086 ], [ 32.455857, -0.479111 ], [ 32.441139, -0.490297 ], [ 32.444082, -0.49795 ], [ 32.448498, -0.502071 ], [ 32.454091, -0.503838 ], [ 32.461744, -0.504721 ], [ 32.470869, -0.499717 ], [ 32.481172, -0.492063 ], [ 32.486471, -0.48176 ], [ 32.481761, -0.469986 ], [ 32.492947, -0.465865 ], [ 32.5006, -0.458506 ], [ 32.521206, -0.420533 ], [ 32.523561, -0.409641 ], [ 32.523266, -0.394923 ], [ 32.530037, -0.394923 ], [ 32.536807, -0.408464 ], [ 32.537101, -0.398455 ], [ 32.538279, -0.390213 ] ], [ [ 32.753753, -0.018431 ], [ 32.749632, -0.027262 ], [ 32.753459, -0.03992 ], [ 32.762879, -0.052283 ], [ 32.782307, -0.036682 ], [ 32.803206, -0.009012 ], [ 32.81086, 0.019247 ], [ 32.789371, 0.037204 ], [ 32.789371, 0.016598 ], [ 32.78319, 0.016598 ], [ 32.773476, 0.020719 ], [ 32.767, 0.011594 ], [ 32.765233, -0.003713 ], [ 32.769649, -0.017548 ], [ 32.753753, -0.018431 ] ], [ [ 32.803795, -0.106446 ], [ 32.817336, -0.085841 ], [ 32.804384, -0.079953 ], [ 32.793198, -0.080248 ], [ 32.78525, -0.086724 ], [ 32.78319, -0.099381 ], [ 32.773476, -0.097026 ], [ 32.762879, -0.0932 ], [ 32.765822, -0.07701 ], [ 32.758757, -0.059937 ], [ 32.746689, -0.045807 ], [ 32.73462, -0.037859 ], [ 32.737269, -0.049339 ], [ 32.742567, -0.060231 ], [ 32.755519, -0.079659 ], [ 32.755519, -0.085841 ], [ 32.745511, -0.083191 ], [ 32.739035, -0.077598 ], [ 32.735797, -0.069356 ], [ 32.73462, -0.058465 ], [ 32.730204, -0.06759 ], [ 32.724022, -0.0723 ], [ 32.716369, -0.071417 ], [ 32.707538, -0.065235 ], [ 32.709599, -0.07701 ], [ 32.71372, -0.088195 ], [ 32.714308, -0.097909 ], [ 32.707538, -0.10674 ], [ 32.698707, -0.105857 ], [ 32.691642, -0.097615 ], [ 32.683989, -0.094083 ], [ 32.673392, -0.10674 ], [ 32.659557, -0.099381 ], [ 32.665444, -0.111156 ], [ 32.673981, -0.117926 ], [ 32.685755, -0.12087 ], [ 32.700768, -0.120576 ], [ 32.718724, -0.12558 ], [ 32.740801, -0.114983 ], [ 32.755519, -0.120576 ], [ 32.741684, -0.127346 ], [ 32.741684, -0.134116 ], [ 32.765822, -0.130878 ], [ 32.786428, -0.121459 ], [ 32.803795, -0.106446 ] ], [ [ 33.005729, -1.805221 ], [ 33.009261, -1.819351 ], [ 32.995426, -1.819351 ], [ 32.998664, -1.826416 ], [ 33.002491, -1.83819 ], [ 33.003668, -1.849082 ], [ 32.999253, -1.854086 ], [ 32.996898, -1.858796 ], [ 33.004846, -1.869687 ], [ 33.023391, -1.888232 ], [ 33.027218, -1.88941 ], [ 33.030456, -1.889998 ], [ 33.033988, -1.891176 ], [ 33.037226, -1.895002 ], [ 33.070489, -1.869687 ], [ 33.083735, -1.856146 ], [ 33.088151, -1.853791 ], [ 33.0908, -1.849082 ], [ 33.091683, -1.836718 ], [ 33.089917, -1.832597 ], [ 33.081381, -1.821117 ], [ 33.078731, -1.813169 ], [ 33.084913, -1.813169 ], [ 33.093449, -1.816702 ], [ 33.097571, -1.814347 ], [ 33.096982, -1.807871 ], [ 33.091683, -1.799628 ], [ 33.083441, -1.795507 ], [ 33.072255, -1.795802 ], [ 33.050767, -1.799628 ], [ 33.015737, -1.800512 ], [ 33.005729, -1.805221 ] ], [ [ 33.186763, -2.131966 ], [ 33.187352, -2.124606 ], [ 33.186174, -2.116659 ], [ 33.182936, -2.11607 ], [ 33.178521, -2.117247 ], [ 33.173517, -2.114892 ], [ 33.143786, -2.087811 ], [ 33.13466, -2.073976 ], [ 33.147024, -2.066911 ], [ 33.147024, -2.059552 ], [ 33.109345, -2.05131 ], [ 33.100514, -2.043362 ], [ 33.120237, -2.011276 ], [ 33.117587, -1.995969 ], [ 33.109934, -1.981251 ], [ 33.105224, -1.966827 ], [ 33.097276, -1.965355 ], [ 33.04694, -1.977424 ], [ 33.043702, -1.975658 ], [ 33.035754, -1.973303 ], [ 33.027218, -1.973303 ], [ 33.023391, -1.980662 ], [ 33.018975, -1.98184 ], [ 32.992483, -1.99126 ], [ 32.940969, -1.963295 ], [ 32.931549, -1.947988 ], [ 32.935965, -1.936802 ], [ 32.944796, -1.925616 ], [ 32.947739, -1.909426 ], [ 32.943029, -1.904422 ], [ 32.924779, -1.896474 ], [ 32.920363, -1.895002 ], [ 32.911532, -1.896474 ], [ 32.907117, -1.899712 ], [ 32.899169, -1.909426 ], [ 32.879741, -1.927088 ], [ 32.867967, -1.935036 ], [ 32.851482, -1.943278 ], [ 32.846478, -1.934742 ], [ 32.841474, -1.930915 ], [ 32.834703, -1.929737 ], [ 32.824989, -1.929149 ], [ 32.831171, -1.943278 ], [ 32.846478, -1.959468 ], [ 32.851482, -1.970065 ], [ 32.859136, -1.970065 ], [ 32.863845, -1.971832 ], [ 32.89181, -1.974481 ], [ 32.899169, -1.977424 ], [ 32.897109, -1.989493 ], [ 32.887395, -2.003034 ], [ 32.850305, -2.041596 ], [ 32.845006, -2.050721 ], [ 32.844712, -2.059552 ], [ 32.853248, -2.071915 ], [ 32.862079, -2.070443 ], [ 32.871499, -2.066322 ], [ 32.882685, -2.069855 ], [ 32.904468, -2.085456 ], [ 32.928606, -2.092226 ], [ 32.978647, -2.093698 ], [ 32.996015, -2.098997 ], [ 33.043113, -2.135204 ], [ 33.055771, -2.140502 ], [ 33.066662, -2.139325 ], [ 33.07461, -2.132849 ], [ 33.078731, -2.121663 ], [ 33.10228, -2.134321 ], [ 33.120531, -2.152277 ], [ 33.141725, -2.166701 ], [ 33.173517, -2.16935 ], [ 33.163508, -2.154043 ], [ 33.167629, -2.147567 ], [ 33.17646, -2.146978 ], [ 33.180876, -2.148744 ], [ 33.185585, -2.137559 ], [ 33.186763, -2.131966 ] ], [ [ 33.184114, 0.149945 ], [ 33.194711, 0.161425 ], [ 33.176755, 0.161425 ], [ 33.165863, 0.147001 ], [ 33.164097, 0.125513 ], [ 33.173517, 0.106085 ], [ 33.180876, 0.117271 ], [ 33.184114, 0.149945 ] ], [ [ 33.295972, 0.030728 ], [ 33.30392, 0.043974 ], [ 33.28302, 0.043974 ], [ 33.284786, 0.048684 ], [ 33.288024, 0.059575 ], [ 33.290379, 0.063696 ], [ 33.264181, 0.057515 ], [ 33.250346, 0.049567 ], [ 33.247696, 0.035437 ], [ 33.256233, 0.010417 ], [ 33.284492, 0.021897 ], [ 33.295972, 0.030728 ] ], [ [ 33.38693, 0.251206 ], [ 33.400177, 0.256799 ], [ 33.388402, 0.272401 ], [ 33.381043, 0.287413 ], [ 33.371035, 0.297716 ], [ 33.351901, 0.297716 ], [ 33.351901, 0.290946 ], [ 33.359555, 0.288885 ], [ 33.365736, 0.285058 ], [ 33.370152, 0.278582 ], [ 33.372212, 0.270046 ], [ 33.366031, 0.270046 ], [ 33.356905, 0.274461 ], [ 33.349841, 0.267102 ], [ 33.347191, 0.254444 ], [ 33.351901, 0.24267 ], [ 33.343365, 0.245908 ], [ 33.341598, 0.247085 ], [ 33.338066, 0.250029 ], [ 33.329235, 0.239137 ], [ 33.319815, 0.240315 ], [ 33.314517, 0.247968 ], [ 33.317755, 0.256799 ], [ 33.317755, 0.262981 ], [ 33.295972, 0.263275 ], [ 33.293911, 0.274167 ], [ 33.30392, 0.288296 ], [ 33.317755, 0.297716 ], [ 33.298327, 0.305075 ], [ 33.278016, 0.304486 ], [ 33.238571, 0.297716 ], [ 33.233272, 0.294184 ], [ 33.211195, 0.266513 ], [ 33.205013, 0.255916 ], [ 33.20884, 0.249735 ], [ 33.221498, 0.24267 ], [ 33.255055, 0.207935 ], [ 33.259176, 0.201753 ], [ 33.263298, 0.198515 ], [ 33.26212, 0.19145 ], [ 33.256233, 0.184386 ], [ 33.245636, 0.181148 ], [ 33.235627, 0.181736 ], [ 33.207663, 0.187918 ], [ 33.228268, 0.153772 ], [ 33.235039, 0.153772 ], [ 33.246813, 0.164958 ], [ 33.264475, 0.153183 ], [ 33.279193, 0.129928 ], [ 33.28302, 0.106085 ], [ 33.293911, 0.109912 ], [ 33.301271, 0.117565 ], [ 33.304509, 0.127868 ], [ 33.30392, 0.140231 ], [ 33.31069, 0.140231 ], [ 33.310101, 0.100198 ], [ 33.316283, 0.084891 ], [ 33.332473, 0.07812 ], [ 33.339244, 0.079886 ], [ 33.342187, 0.081653 ], [ 33.344836, 0.085479 ], [ 33.324525, 0.09696 ], [ 33.319227, 0.119037 ], [ 33.325114, 0.141703 ], [ 33.338066, 0.153772 ], [ 33.325114, 0.160248 ], [ 33.317755, 0.171434 ], [ 33.316872, 0.184091 ], [ 33.324525, 0.195572 ], [ 33.318344, 0.210878 ], [ 33.32482, 0.219121 ], [ 33.3363, 0.217355 ], [ 33.344836, 0.201753 ], [ 33.352196, 0.210878 ], [ 33.35926, 0.217355 ], [ 33.366325, 0.219121 ], [ 33.372212, 0.215883 ], [ 33.378688, 0.227657 ], [ 33.381632, 0.240315 ], [ 33.38693, 0.251206 ] ], [ [ 33.726038, -0.129701 ], [ 33.728687, -0.108801 ], [ 33.718973, -0.099381 ], [ 33.704844, -0.104091 ], [ 33.671286, -0.126757 ], [ 33.653919, -0.134116 ], [ 33.653919, -0.140298 ], [ 33.670698, -0.138237 ], [ 33.681589, -0.139709 ], [ 33.689242, -0.147068 ], [ 33.69513, -0.162081 ], [ 33.7019, -0.154427 ], [ 33.715441, -0.168263 ], [ 33.726038, -0.129701 ] ], [ [ 33.769604, 0.07812 ], [ 33.781084, 0.072822 ], [ 33.81994, 0.064874 ], [ 33.83142, 0.063696 ], [ 33.842901, 0.067818 ], [ 33.85232, 0.073116 ], [ 33.863506, 0.073705 ], [ 33.879402, 0.063696 ], [ 33.88264, 0.078709 ], [ 33.866744, 0.090484 ], [ 33.843784, 0.095782 ], [ 33.82465, 0.091661 ], [ 33.812287, 0.11521 ], [ 33.786088, 0.115799 ], [ 33.765483, 0.100786 ], [ 33.769604, 0.07812 ] ] ] } },
{ "type": "Feature", "properties": { "name": "Lake Chad" }, "geometry": { "type": "Polygon", "coordinates": [ [ [ 14.733664, 13.080772 ], [ 14.745145, 13.075768 ], [ 14.768105, 13.069881 ], [ 14.720712, 13.052219 ], [ 14.705111, 13.044566 ], [ 14.698635, 13.038973 ], [ 14.690687, 13.009536 ], [ 14.688921, 13.007181 ], [ 14.687155, 13.004238 ], [ 14.681268, 13.001883 ], [ 14.678618, 12.995407 ], [ 14.680973, 12.98952 ], [ 14.683917, 12.983338 ], [ 14.681268, 12.977745 ], [ 14.667138, 12.974507 ], [ 14.652714, 12.973918 ], [ 14.644767, 12.972446 ], [ 14.637113, 12.973035 ], [ 14.619451, 12.990108 ], [ 14.609443, 12.993935 ], [ 14.598846, 12.99629 ], [ 14.588249, 12.991286 ], [ 14.58089, 12.981866 ], [ 14.578535, 12.974213 ], [ 14.57147, 12.971563 ], [ 14.564994, 12.977156 ], [ 14.560578, 12.984515 ], [ 14.550864, 12.985987 ], [ 14.540856, 12.983632 ], [ 14.509065, 12.978039 ], [ 14.495524, 12.970092 ], [ 14.485516, 12.957434 ], [ 14.47904, 12.95243 ], [ 14.476685, 12.944188 ], [ 14.473447, 12.937123 ], [ 14.469031, 12.939183 ], [ 14.465204, 12.951547 ], [ 14.461966, 12.957434 ], [ 14.456373, 12.951252 ], [ 14.452547, 12.943599 ], [ 14.452252, 12.933002 ], [ 14.450486, 12.929764 ], [ 14.44872, 12.926526 ], [ 14.441361, 12.933296 ], [ 14.43253, 12.93624 ], [ 14.423405, 12.930941 ], [ 14.415457, 12.923288 ], [ 14.406037, 12.915929 ], [ 14.398384, 12.907098 ], [ 14.410158, 12.89444 ], [ 14.406626, 12.882077 ], [ 14.400444, 12.882077 ], [ 14.394557, 12.883254 ], [ 14.387492, 12.882371 ], [ 14.37248, 12.872951 ], [ 14.362766, 12.874129 ], [ 14.35364, 12.878839 ], [ 14.343043, 12.879133 ], [ 14.318611, 12.870302 ], [ 14.313313, 12.875012 ], [ 14.310369, 12.88502 ], [ 14.30036, 12.88767 ], [ 14.268864, 12.888258 ], [ 14.275928, 12.898561 ], [ 14.287997, 12.904154 ], [ 14.273279, 12.9383 ], [ 14.28417, 12.941244 ], [ 14.29359, 12.946837 ], [ 14.285937, 12.961849 ], [ 14.271807, 12.973918 ], [ 14.270335, 12.9801 ], [ 14.270924, 12.98481 ], [ 14.260621, 12.993935 ], [ 14.247375, 12.999234 ], [ 14.251202, 13.004532 ], [ 14.257678, 13.009831 ], [ 14.263271, 13.011597 ], [ 14.282993, 13.013069 ], [ 14.293884, 13.019545 ], [ 14.294179, 13.027198 ], [ 14.29153, 13.034852 ], [ 14.290352, 13.042211 ], [ 14.285348, 13.048687 ], [ 14.278578, 13.052808 ], [ 14.273868, 13.058106 ], [ 14.285054, 13.061639 ], [ 14.324793, 13.057223 ], [ 14.32126, 13.069881 ], [ 14.305953, 13.099023 ], [ 14.302421, 13.109031 ], [ 14.296534, 13.118157 ], [ 14.284759, 13.125221 ], [ 14.278872, 13.136113 ], [ 14.306837, 13.126693 ], [ 14.345987, 13.08872 ], [ 14.350697, 13.081656 ], [ 14.362766, 13.06782 ], [ 14.380722, 13.063699 ], [ 14.376306, 13.073413 ], [ 14.373068, 13.083422 ], [ 14.371302, 13.102555 ], [ 14.359528, 13.112269 ], [ 14.344809, 13.118745 ], [ 14.303304, 13.165549 ], [ 14.30036, 13.172614 ], [ 14.308897, 13.171731 ], [ 14.318022, 13.16761 ], [ 14.327148, 13.162311 ], [ 14.337156, 13.159073 ], [ 14.346576, 13.15819 ], [ 14.35629, 13.158779 ], [ 14.363649, 13.1629 ], [ 14.366887, 13.170259 ], [ 14.364238, 13.180268 ], [ 14.373952, 13.193808 ], [ 14.437534, 13.223539 ], [ 14.446954, 13.222067 ], [ 14.457257, 13.216474 ], [ 14.469031, 13.214414 ], [ 14.462555, 13.222362 ], [ 14.464321, 13.230604 ], [ 14.513186, 13.251209 ], [ 14.536735, 13.253564 ], [ 14.544388, 13.248854 ], [ 14.55057, 13.242084 ], [ 14.570587, 13.22766 ], [ 14.598551, 13.199107 ], [ 14.607677, 13.192925 ], [ 14.612092, 13.197341 ], [ 14.614153, 13.202639 ], [ 14.611209, 13.20941 ], [ 14.609737, 13.217357 ], [ 14.631814, 13.212353 ], [ 14.651243, 13.215886 ], [ 14.667433, 13.205583 ], [ 14.673614, 13.18851 ], [ 14.667727, 13.180562 ], [ 14.666844, 13.17703 ], [ 14.670965, 13.164372 ], [ 14.67538, 13.157307 ], [ 14.692748, 13.148771 ], [ 14.702756, 13.134935 ], [ 14.718652, 13.127871 ], [ 14.719535, 13.121983 ], [ 14.719829, 13.116391 ], [ 14.71718, 13.109326 ], [ 14.718652, 13.098729 ], [ 14.724245, 13.089015 ], [ 14.733664, 13.080772 ] ] ] } },
{ "type": "Feature", "properties": { "name": "Vänern" }, "geometry": { "type": "Polygon", "coordinates": [ [ [ 14.116677, 59.066631 ], [ 14.098132, 59.042493 ], [ 14.071051, 59.023065 ], [ 14.040437, 59.009819 ], [ 14.010412, 59.005109 ], [ 13.989512, 59.004814 ], [ 13.978326, 59.003343 ], [ 13.973616, 58.998338 ], [ 13.972733, 58.987741 ], [ 13.977149, 58.977438 ], [ 13.987746, 58.967136 ], [ 14.001287, 58.959482 ], [ 14.014239, 58.956539 ], [ 14.014239, 58.950357 ], [ 14.004819, 58.937994 ], [ 13.993633, 58.899138 ], [ 13.986274, 58.881476 ], [ 13.973911, 58.86352 ], [ 13.965668, 58.856455 ], [ 13.95566, 58.853511 ], [ 13.953894, 58.850568 ], [ 13.964785, 58.834672 ], [ 13.965963, 58.82643 ], [ 13.958604, 58.821425 ], [ 13.936232, 58.816127 ], [ 13.931522, 58.809651 ], [ 13.928579, 58.808768 ], [ 13.912094, 58.817599 ], [ 13.904441, 58.819954 ], [ 13.879714, 58.813183 ], [ 13.868528, 58.799054 ], [ 13.871766, 58.783453 ], [ 13.890017, 58.771678 ], [ 13.849983, 58.739592 ], [ 13.711927, 58.689845 ], [ 13.702507, 58.682191 ], [ 13.695737, 58.674832 ], [ 13.686906, 58.669828 ], [ 13.67101, 58.669239 ], [ 13.653054, 58.67336 ], [ 13.648638, 58.679542 ], [ 13.647755, 58.688373 ], [ 13.640396, 58.699559 ], [ 13.624206, 58.69897 ], [ 13.547377, 58.669239 ], [ 13.530304, 58.65717 ], [ 13.522356, 58.65511 ], [ 13.507049, 58.655698 ], [ 13.488504, 58.663352 ], [ 13.475552, 58.665118 ], [ 13.462306, 58.658642 ], [ 13.439345, 58.644218 ], [ 13.363105, 58.628323 ], [ 13.325427, 58.60389 ], [ 13.279506, 58.536187 ], [ 13.245948, 58.510871 ], [ 13.213568, 58.503512 ], [ 13.172652, 58.502923 ], [ 13.137622, 58.512343 ], [ 13.122904, 58.535598 ], [ 13.128203, 58.542368 ], [ 13.160288, 58.56945 ], [ 13.166764, 58.579458 ], [ 13.176184, 58.602419 ], [ 13.184426, 58.613899 ], [ 13.17118, 58.614193 ], [ 13.136445, 58.620964 ], [ 13.123787, 58.620375 ], [ 13.006041, 58.600358 ], [ 13.001332, 58.602713 ], [ 12.996622, 58.606834 ], [ 12.990146, 58.609483 ], [ 12.979549, 58.607128 ], [ 12.983964, 58.605951 ], [ 12.979254, 58.596826 ], [ 12.965714, 58.579753 ], [ 12.946874, 58.569155 ], [ 12.924797, 58.567095 ], [ 12.900659, 58.571216 ], [ 12.875932, 58.579753 ], [ 12.894772, 58.57151 ], [ 12.923031, 58.552377 ], [ 12.938632, 58.546489 ], [ 12.927152, 58.540896 ], [ 12.920676, 58.539425 ], [ 12.911256, 58.538836 ], [ 12.917732, 58.529122 ], [ 12.921559, 58.527061 ], [ 12.931273, 58.524706 ], [ 12.915083, 58.515876 ], [ 12.892417, 58.499097 ], [ 12.875932, 58.491149 ], [ 12.824124, 58.479963 ], [ 12.807346, 58.473781 ], [ 12.796749, 58.472015 ], [ 12.778498, 58.477019 ], [ 12.770256, 58.473781 ], [ 12.762014, 58.46289 ], [ 12.757009, 58.45818 ], [ 12.670466, 58.442579 ], [ 12.679003, 58.428155 ], [ 12.684301, 58.42109 ], [ 12.691661, 58.414909 ], [ 12.651038, 58.389005 ], [ 12.601879, 58.366044 ], [ 12.552721, 58.356919 ], [ 12.512687, 58.373698 ], [ 12.531526, 58.384589 ], [ 12.569205, 58.400485 ], [ 12.584806, 58.411671 ], [ 12.619247, 58.464362 ], [ 12.63632, 58.477608 ], [ 12.603646, 58.468777 ], [ 12.590399, 58.462301 ], [ 12.578036, 58.452882 ], [ 12.541829, 58.414909 ], [ 12.537414, 58.408433 ], [ 12.533587, 58.406372 ], [ 12.528877, 58.401662 ], [ 12.522401, 58.396952 ], [ 12.478247, 58.389005 ], [ 12.465, 58.388121 ], [ 12.40495, 58.391065 ], [ 12.383167, 58.388121 ], [ 12.343428, 58.376641 ], [ 12.32606, 58.376053 ], [ 12.310753, 58.384589 ], [ 12.303689, 58.399013 ], [ 12.307221, 58.413437 ], [ 12.317524, 58.424623 ], [ 12.331653, 58.429038 ], [ 12.376102, 58.469955 ], [ 12.395236, 58.477903 ], [ 12.414958, 58.482024 ], [ 12.45823, 58.483495 ], [ 12.465589, 58.495564 ], [ 12.487666, 58.513521 ], [ 12.513865, 58.530888 ], [ 12.533881, 58.538836 ], [ 12.530643, 58.542663 ], [ 12.529172, 58.546195 ], [ 12.526522, 58.549139 ], [ 12.520341, 58.552082 ], [ 12.530055, 58.560619 ], [ 12.560668, 58.579753 ], [ 12.598347, 58.617431 ], [ 12.621308, 58.630972 ], [ 12.631022, 58.639508 ], [ 12.629255, 58.648045 ], [ 12.617481, 58.651283 ], [ 12.563907, 58.648045 ], [ 12.540357, 58.653344 ], [ 12.518574, 58.666884 ], [ 12.501796, 58.684252 ], [ 12.492965, 58.702797 ], [ 12.491493, 58.730173 ], [ 12.498263, 58.751367 ], [ 12.520341, 58.792283 ], [ 12.500618, 58.790517 ], [ 12.472065, 58.774033 ], [ 12.45823, 58.771678 ], [ 12.450282, 58.774033 ], [ 12.4441, 58.778743 ], [ 12.439979, 58.785807 ], [ 12.438213, 58.795816 ], [ 12.434681, 58.796699 ], [ 12.42585, 58.800526 ], [ 12.416136, 58.806119 ], [ 12.410248, 58.812595 ], [ 12.436447, 58.828196 ], [ 12.451459, 58.830845 ], [ 12.464411, 58.804352 ], [ 12.479718, 58.801114 ], [ 12.497969, 58.803175 ], [ 12.512687, 58.806413 ], [ 12.493848, 58.812595 ], [ 12.483545, 58.822897 ], [ 12.479424, 58.837027 ], [ 12.478541, 58.853511 ], [ 12.479718, 58.863225 ], [ 12.485017, 58.880004 ], [ 12.486194, 58.888246 ], [ 12.483839, 58.892367 ], [ 12.47913, 58.897666 ], [ 12.476186, 58.905025 ], [ 12.478541, 58.915622 ], [ 12.453814, 58.921804 ], [ 12.434681, 58.939465 ], [ 12.43056, 58.955361 ], [ 12.451459, 58.956539 ], [ 12.504445, 58.920332 ], [ 12.524167, 58.901787 ], [ 12.533881, 58.895311 ], [ 12.50886, 58.850568 ], [ 12.510921, 58.8332 ], [ 12.540357, 58.82643 ], [ 12.566261, 58.815833 ], [ 12.581274, 58.815538 ], [ 12.59246, 58.842031 ], [ 12.603646, 58.84939 ], [ 12.629255, 58.861165 ], [ 12.623368, 58.871173 ], [ 12.624251, 58.878238 ], [ 12.627489, 58.883831 ], [ 12.629255, 58.888246 ], [ 12.632788, 58.92563 ], [ 12.642796, 58.940349 ], [ 12.644268, 58.951829 ], [ 12.651333, 58.961543 ], [ 12.677237, 58.970962 ], [ 12.667228, 58.987741 ], [ 12.681063, 59.000693 ], [ 12.701375, 59.014528 ], [ 12.711972, 59.032485 ], [ 12.708145, 59.039844 ], [ 12.699903, 59.048086 ], [ 12.694604, 59.057211 ], [ 12.697842, 59.066631 ], [ 12.707556, 59.070458 ], [ 12.71727, 59.065748 ], [ 12.725807, 59.056328 ], [ 12.731694, 59.046025 ], [ 12.772905, 59.077228 ], [ 12.783502, 59.079877 ], [ 12.80764, 59.08076 ], [ 12.811761, 59.084881 ], [ 12.823536, 59.092829 ], [ 12.836193, 59.095184 ], [ 12.841786, 59.083704 ], [ 12.846496, 59.078994 ], [ 12.857388, 59.080466 ], [ 12.868868, 59.086353 ], [ 12.875932, 59.093712 ], [ 12.885646, 59.083704 ], [ 12.890062, 59.072518 ], [ 12.887413, 59.061627 ], [ 12.875932, 59.052796 ], [ 12.890651, 59.049852 ], [ 12.935394, 59.052207 ], [ 12.944814, 59.049558 ], [ 12.948052, 59.039549 ], [ 12.955705, 59.039844 ], [ 12.96483, 59.044259 ], [ 12.971895, 59.046025 ], [ 12.982492, 59.044848 ], [ 12.98838, 59.045437 ], [ 12.993678, 59.04367 ], [ 13.003098, 59.035428 ], [ 13.019877, 59.026892 ], [ 13.061971, 59.018944 ], [ 13.074923, 59.01129 ], [ 13.076983, 58.997161 ], [ 13.067858, 58.985092 ], [ 13.054023, 58.975672 ], [ 13.040482, 58.970962 ], [ 13.05314, 58.96743 ], [ 13.073156, 58.958305 ], [ 13.085814, 58.956539 ], [ 13.090524, 58.952418 ], [ 13.105831, 58.92563 ], [ 13.124965, 58.915328 ], [ 13.169119, 58.910029 ], [ 13.184426, 58.902081 ], [ 13.186781, 58.896783 ], [ 13.197967, 58.881476 ], [ 13.245065, 58.904142 ], [ 13.259489, 58.915622 ], [ 13.251541, 58.92828 ], [ 13.244476, 58.942998 ], [ 13.234762, 58.95595 ], [ 13.219161, 58.963309 ], [ 13.225343, 58.980088 ], [ 13.225931, 58.997455 ], [ 13.221516, 59.013351 ], [ 13.211802, 59.025714 ], [ 13.215629, 59.035723 ], [ 13.214451, 59.046614 ], [ 13.210036, 59.057211 ], [ 13.204737, 59.066631 ], [ 13.201794, 59.068103 ], [ 13.188842, 59.078405 ], [ 13.187664, 59.08076 ], [ 13.184132, 59.083115 ], [ 13.184132, 59.089002 ], [ 13.185015, 59.095773 ], [ 13.184426, 59.101366 ], [ 13.159699, 59.139633 ], [ 13.142038, 59.157884 ], [ 13.122904, 59.168775 ], [ 13.13615, 59.181433 ], [ 13.133501, 59.193207 ], [ 13.109069, 59.216757 ], [ 13.112601, 59.222938 ], [ 13.114073, 59.227354 ], [ 13.112601, 59.231475 ], [ 13.109069, 59.237951 ], [ 13.110246, 59.251197 ], [ 13.100238, 59.257673 ], [ 13.086403, 59.262972 ], [ 13.074923, 59.271214 ], [ 13.071979, 59.282988 ], [ 13.08287, 59.281811 ], [ 13.096706, 59.275335 ], [ 13.102593, 59.271214 ], [ 13.126731, 59.278279 ], [ 13.134973, 59.294763 ], [ 13.130557, 59.315368 ], [ 13.115545, 59.333913 ], [ 13.129969, 59.341273 ], [ 13.155578, 59.361878 ], [ 13.170591, 59.36806 ], [ 13.177361, 59.328615 ], [ 13.197378, 59.310659 ], [ 13.229758, 59.306243 ], [ 13.27303, 59.306832 ], [ 13.264787, 59.315074 ], [ 13.238589, 59.331264 ], [ 13.232702, 59.337151 ], [ 13.238, 59.347749 ], [ 13.251541, 59.357168 ], [ 13.267142, 59.364233 ], [ 13.280389, 59.36806 ], [ 13.3007, 59.369237 ], [ 13.359278, 59.361289 ], [ 13.363399, 59.36335 ], [ 13.376646, 59.372769 ], [ 13.383122, 59.37483 ], [ 13.393425, 59.373358 ], [ 13.417857, 59.361289 ], [ 13.450826, 59.356874 ], [ 13.483206, 59.360995 ], [ 13.595358, 59.394258 ], [ 13.628327, 59.39779 ], [ 13.655114, 59.40721 ], [ 13.67101, 59.408388 ], [ 13.661885, 59.393669 ], [ 13.656586, 59.388665 ], [ 13.669538, 59.377479 ], [ 13.682785, 59.376007 ], [ 13.711927, 59.381306 ], [ 13.719286, 59.383367 ], [ 13.723407, 59.388371 ], [ 13.726056, 59.393375 ], [ 13.729294, 59.395436 ], [ 13.766384, 59.395436 ], [ 13.766384, 59.388665 ], [ 13.76344, 59.37483 ], [ 13.754609, 59.367177 ], [ 13.72635, 59.35393 ], [ 13.734004, 59.346277 ], [ 13.736064, 59.341567 ], [ 13.732532, 59.333913 ], [ 13.743424, 59.325377 ], [ 13.763735, 59.323611 ], [ 13.808184, 59.326554 ], [ 13.79376, 59.338918 ], [ 13.784635, 59.351281 ], [ 13.786989, 59.360112 ], [ 13.808184, 59.361289 ], [ 13.815543, 59.350692 ], [ 13.822608, 59.343333 ], [ 13.831733, 59.340095 ], [ 13.842919, 59.342156 ], [ 13.851161, 59.345394 ], [ 13.859403, 59.345982 ], [ 13.87, 59.340095 ], [ 13.856459, 59.328615 ], [ 13.858226, 59.322728 ], [ 13.867351, 59.320667 ], [ 13.876182, 59.319784 ], [ 13.887956, 59.322139 ], [ 13.901497, 59.32626 ], [ 13.913272, 59.325083 ], [ 13.917981, 59.309776 ], [ 13.922103, 59.305949 ], [ 13.931522, 59.306243 ], [ 13.940353, 59.311542 ], [ 13.944769, 59.323022 ], [ 13.942414, 59.331559 ], [ 13.939176, 59.339212 ], [ 13.940648, 59.346865 ], [ 13.952128, 59.35393 ], [ 13.975088, 59.353341 ], [ 13.985685, 59.336563 ], [ 13.994811, 59.316252 ], [ 14.01365, 59.306832 ], [ 14.026013, 59.310953 ], [ 14.032489, 59.320373 ], [ 14.035433, 59.329792 ], [ 14.037493, 59.333913 ], [ 14.050445, 59.33303 ], [ 14.061337, 59.329792 ], [ 14.070168, 59.323022 ], [ 14.075761, 59.313014 ], [ 14.065164, 59.313602 ], [ 14.055744, 59.311836 ], [ 14.047502, 59.306832 ], [ 14.040437, 59.299178 ], [ 14.048679, 59.285343 ], [ 14.05545, 59.267387 ], [ 14.060454, 59.249137 ], [ 14.061926, 59.234124 ], [ 14.054566, 59.212047 ], [ 14.021598, 59.183788 ], [ 14.00894, 59.154057 ], [ 13.996871, 59.148464 ], [ 13.972733, 59.142282 ], [ 13.962136, 59.135512 ], [ 13.953011, 59.127564 ], [ 13.932111, 59.099894 ], [ 13.92799, 59.095478 ], [ 13.927401, 59.090769 ], [ 13.931522, 59.08076 ], [ 13.939764, 59.071635 ], [ 13.948595, 59.067514 ], [ 13.955954, 59.062804 ], [ 13.958898, 59.052796 ], [ 14.001581, 59.065453 ], [ 14.023658, 59.067808 ], [ 14.048385, 59.066631 ], [ 14.04603, 59.071046 ], [ 14.042498, 59.082526 ], [ 14.040437, 59.086942 ], [ 14.059865, 59.092535 ], [ 14.058393, 59.101366 ], [ 14.051328, 59.111374 ], [ 14.054566, 59.120499 ], [ 14.06899, 59.121677 ], [ 14.081648, 59.112552 ], [ 14.091362, 59.098716 ], [ 14.096661, 59.086942 ], [ 14.091951, 59.081643 ], [ 14.086652, 59.071929 ], [ 14.082531, 59.066631 ], [ 14.089301, 59.062804 ], [ 14.096955, 59.061627 ], [ 14.10608, 59.063098 ], [ 14.116677, 59.066631 ] ], [ [ 13.19885, 58.63421 ], [ 13.204737, 58.655698 ], [ 13.204737, 58.671594 ], [ 13.199144, 58.680425 ], [ 13.170591, 58.696615 ], [ 13.157639, 58.690433 ], [ 13.144098, 58.690433 ], [ 13.115545, 58.696615 ], [ 13.101121, 58.692788 ], [ 13.084048, 58.683074 ], [ 13.069035, 58.671594 ], [ 13.061382, 58.66188 ], [ 13.061971, 58.644807 ], [ 13.075806, 58.640686 ], [ 13.094056, 58.638625 ], [ 13.109069, 58.628323 ], [ 13.138211, 58.639214 ], [ 13.149985, 58.64569 ], [ 13.163821, 58.655698 ], [ 13.170591, 58.648045 ], [ 13.165292, 58.64569 ], [ 13.156461, 58.638331 ], [ 13.149691, 58.634504 ], [ 13.170885, 58.627145 ], [ 13.18737, 58.625968 ], [ 13.19885, 58.63421 ] ], [ [ 13.568571, 59.306832 ], [ 13.568571, 59.313014 ], [ 13.562684, 59.315957 ], [ 13.561507, 59.320078 ], [ 13.56239, 59.32626 ], [ 13.561801, 59.333913 ], [ 13.533836, 59.342744 ], [ 13.497335, 59.343627 ], [ 13.460245, 59.334797 ], [ 13.431398, 59.313014 ], [ 13.450826, 59.316252 ], [ 13.472903, 59.313897 ], [ 13.486149, 59.303888 ], [ 13.479379, 59.285638 ], [ 13.48821, 59.275629 ], [ 13.499984, 59.271214 ], [ 13.508227, 59.274158 ], [ 13.507049, 59.285638 ], [ 13.547377, 59.278867 ], [ 13.533836, 59.299767 ], [ 13.527655, 59.306832 ], [ 13.568571, 59.306832 ] ], [ [ 13.83085, 58.800526 ], [ 13.84233, 58.819954 ], [ 13.821724, 58.83997 ], [ 13.794054, 58.831728 ], [ 13.779925, 58.825547 ], [ 13.774037, 58.816421 ], [ 13.771977, 58.803469 ], [ 13.76609, 58.799643 ], [ 13.757259, 58.803175 ], [ 13.746073, 58.812595 ], [ 13.743424, 58.82172 ], [ 13.74519, 58.830551 ], [ 13.739597, 58.837321 ], [ 13.715459, 58.83997 ], [ 13.704273, 58.836438 ], [ 13.698386, 58.828196 ], [ 13.691027, 58.806413 ], [ 13.711044, 58.78463 ], [ 13.712221, 58.776976 ], [ 13.711927, 58.761081 ], [ 13.71752, 58.752544 ], [ 13.730766, 58.754605 ], [ 13.75667, 58.764908 ], [ 13.769033, 58.76373 ], [ 13.791111, 58.758726 ], [ 13.801413, 58.757254 ], [ 13.811127, 58.759609 ], [ 13.813188, 58.765202 ], [ 13.812599, 58.772267 ], [ 13.814954, 58.779037 ], [ 13.83085, 58.800526 ] ] ] } },
{ "type": "Feature", "properties": { "name": "Lake Tana" }, "geometry": { "type": "Polygon", "coordinates": [ [ [ 37.301973, 11.740238 ], [ 37.29638, 11.786159 ], [ 37.292259, 11.798817 ], [ 37.284606, 11.808236 ], [ 37.272243, 11.816479 ], [ 37.258996, 11.821777 ], [ 37.224556, 11.830314 ], [ 37.209837, 11.830314 ], [ 37.194825, 11.824426 ], [ 37.181873, 11.816184 ], [ 37.167449, 11.810003 ], [ 37.14861, 11.810297 ], [ 37.132125, 11.816479 ], [ 37.123, 11.825898 ], [ 37.119762, 11.839439 ], [ 37.120645, 11.858278 ], [ 37.101806, 11.85033 ], [ 37.095035, 11.835318 ], [ 37.092386, 11.818539 ], [ 37.086499, 11.803527 ], [ 37.072369, 11.826781 ], [ 37.06972, 11.830314 ], [ 37.066188, 11.83208 ], [ 37.044405, 11.840028 ], [ 37.039401, 11.841205 ], [ 37.035574, 11.861516 ], [ 37.026154, 11.879767 ], [ 37.010847, 11.889775 ], [ 36.991419, 11.88536 ], [ 36.987298, 11.905377 ], [ 36.993185, 11.92245 ], [ 37.000839, 11.935402 ], [ 37.001428, 11.943644 ], [ 36.999367, 11.955124 ], [ 37.015263, 12.170893 ], [ 37.024388, 12.18826 ], [ 37.068248, 12.242129 ], [ 37.0812, 12.252137 ], [ 37.096802, 12.255964 ], [ 37.110048, 12.261851 ], [ 37.123, 12.273332 ], [ 37.137424, 12.28128 ], [ 37.15538, 12.27657 ], [ 37.167449, 12.258908 ], [ 37.170393, 12.238597 ], [ 37.175986, 12.220052 ], [ 37.196297, 12.207688 ], [ 37.212192, 12.220641 ], [ 37.226616, 12.219463 ], [ 37.239863, 12.212104 ], [ 37.251048, 12.207688 ], [ 37.268122, 12.20916 ], [ 37.275775, 12.215636 ], [ 37.294909, 12.264795 ], [ 37.301679, 12.274509 ], [ 37.312865, 12.282751 ], [ 37.3267, 12.289227 ], [ 37.337591, 12.290994 ], [ 37.347894, 12.285106 ], [ 37.360846, 12.268916 ], [ 37.378214, 12.285106 ], [ 37.394698, 12.29011 ], [ 37.429139, 12.289522 ], [ 37.446212, 12.295409 ], [ 37.461813, 12.30424 ], [ 37.478592, 12.309244 ], [ 37.498609, 12.303946 ], [ 37.505085, 12.295703 ], [ 37.525101, 12.255964 ], [ 37.534227, 12.244778 ], [ 37.538348, 12.236831 ], [ 37.546296, 12.207688 ], [ 37.559836, 12.180313 ], [ 37.591922, 12.138219 ], [ 37.601047, 12.11202 ], [ 37.601342, 12.093181 ], [ 37.598104, 12.075813 ], [ 37.580442, 12.015763 ], [ 37.574849, 12.006343 ], [ 37.568962, 11.999573 ], [ 37.566607, 11.99192 ], [ 37.573671, 11.981028 ], [ 37.560719, 11.96837 ], [ 37.548945, 11.934813 ], [ 37.538937, 11.920095 ], [ 37.52569, 11.913913 ], [ 37.500375, 11.912736 ], [ 37.49125, 11.905965 ], [ 37.49331, 11.898017 ], [ 37.508028, 11.868581 ], [ 37.511561, 11.858278 ], [ 37.505673, 11.838262 ], [ 37.490072, 11.829725 ], [ 37.471233, 11.823543 ], [ 37.456809, 11.810297 ], [ 37.454748, 11.80176 ], [ 37.453277, 11.779977 ], [ 37.450333, 11.76938 ], [ 37.444151, 11.761727 ], [ 37.42855, 11.74642 ], [ 37.429139, 11.734645 ], [ 37.429139, 11.721693 ], [ 37.424134, 11.712274 ], [ 37.411771, 11.695495 ], [ 37.409122, 11.690491 ], [ 37.408533, 11.668708 ], [ 37.406178, 11.661937 ], [ 37.401763, 11.652812 ], [ 37.38675, 11.631912 ], [ 37.369971, 11.624259 ], [ 37.350543, 11.625731 ], [ 37.3267, 11.632207 ], [ 37.315514, 11.648397 ], [ 37.302856, 11.656344 ], [ 37.293731, 11.663998 ], [ 37.292554, 11.680188 ], [ 37.29903, 11.697555 ], [ 37.307861, 11.697555 ], [ 37.319047, 11.692257 ], [ 37.33347, 11.693729 ], [ 37.344067, 11.70462 ], [ 37.336708, 11.712274 ], [ 37.312865, 11.721693 ], [ 37.305211, 11.731113 ], [ 37.301973, 11.740238 ] ] ] } },
{ "type": "Feature", "properties": { "name": null }, "geometry": { "type": "Polygon", "coordinates": [ [ [ 35.30383, -14.559136 ], [ 35.324435, -14.592105 ], [ 35.326201, -14.628017 ], [ 35.320903, -14.63832 ], [ 35.298237, -14.668051 ], [ 35.296176, -14.669522 ], [ 35.28764, -14.672761 ], [ 35.284402, -14.675115 ], [ 35.283519, -14.679531 ], [ 35.285285, -14.691305 ], [ 35.284402, -14.696015 ], [ 35.280869, -14.701608 ], [ 35.276748, -14.705435 ], [ 35.273216, -14.711322 ], [ 35.271155, -14.722802 ], [ 35.271155, -14.732222 ], [ 35.275865, -14.74694 ], [ 35.277926, -14.757537 ], [ 35.216404, -14.714266 ], [ 35.190794, -14.685418 ], [ 35.20198, -14.65451 ], [ 35.191383, -14.609472 ], [ 35.193443, -14.557958 ], [ 35.213754, -14.517042 ], [ 35.25732, -14.504384 ], [ 35.30383, -14.559136 ] ] ] } },
{ "type": "Feature", "properties": { "name": "Lac Moeru" }, "geometry": { "type": "Polygon", "coordinates": [ [ [ 29.127187, -8.621223 ], [ 29.143377, -8.64124 ], [ 29.149265, -8.657724 ], [ 29.14691, -8.67568 ], [ 29.086271, -8.826689 ], [ 29.046237, -8.894393 ], [ 29.023571, -8.960625 ], [ 29.007675, -8.988295 ], [ 28.99649, -8.99742 ], [ 28.953512, -9.023619 ], [ 28.935262, -9.029211 ], [ 28.91966, -9.036865 ], [ 28.910535, -9.05541 ], [ 28.902587, -9.077782 ], [ 28.890813, -9.097504 ], [ 28.849013, -9.131945 ], [ 28.830174, -9.15255 ], [ 28.816044, -9.194644 ], [ 28.802209, -9.208185 ], [ 28.774245, -9.227907 ], [ 28.765414, -9.240859 ], [ 28.754522, -9.265291 ], [ 28.746869, -9.275594 ], [ 28.727441, -9.292667 ], [ 28.718315, -9.303559 ], [ 28.712723, -9.316511 ], [ 28.712428, -9.332701 ], [ 28.723908, -9.347419 ], [ 28.727146, -9.364492 ], [ 28.714194, -9.397755 ], [ 28.714194, -9.413651 ], [ 28.732739, -9.419538 ], [ 28.720376, -9.445442 ], [ 28.70242, -9.437789 ], [ 28.665036, -9.399227 ], [ 28.654733, -9.405409 ], [ 28.647374, -9.405998 ], [ 28.640898, -9.402171 ], [ 28.634422, -9.395695 ], [ 28.625002, -9.390985 ], [ 28.616171, -9.392751 ], [ 28.607635, -9.396872 ], [ 28.580259, -9.403643 ], [ 28.541403, -9.422188 ], [ 28.521091, -9.426309 ], [ 28.526684, -9.410413 ], [ 28.524329, -9.391868 ], [ 28.515499, -9.378327 ], [ 28.500486, -9.378033 ], [ 28.500486, -9.364492 ], [ 28.483118, -9.38657 ], [ 28.48253, -9.444559 ], [ 28.458981, -9.46752 ], [ 28.480764, -9.473407 ], [ 28.506962, -9.473701 ], [ 28.526096, -9.481355 ], [ 28.527862, -9.509025 ], [ 28.503724, -9.503432 ], [ 28.454565, -9.523743 ], [ 28.424834, -9.529336 ], [ 28.397164, -9.527864 ], [ 28.384212, -9.524921 ], [ 28.373321, -9.519033 ], [ 28.357425, -9.514618 ], [ 28.330049, -9.528453 ], [ 28.315037, -9.521977 ], [ 28.329166, -9.509025 ], [ 28.322396, -9.495779 ], [ 28.325928, -9.487536 ], [ 28.346239, -9.470758 ], [ 28.352126, -9.457806 ], [ 28.352421, -9.443382 ], [ 28.348888, -9.423071 ], [ 28.340058, -9.39805 ], [ 28.323868, -9.37921 ], [ 28.315037, -9.361254 ], [ 28.329166, -9.337705 ], [ 28.318863, -9.316805 ], [ 28.326222, -9.285014 ], [ 28.315037, -9.275594 ], [ 28.327989, -9.258521 ], [ 28.339469, -9.232911 ], [ 28.345062, -9.207302 ], [ 28.339469, -9.18964 ], [ 28.325634, -9.170801 ], [ 28.320924, -9.148723 ], [ 28.322984, -9.125469 ], [ 28.329166, -9.103686 ], [ 28.341824, -9.082491 ], [ 28.401285, -9.039514 ], [ 28.423068, -9.012433 ], [ 28.428367, -9.008606 ], [ 28.46634, -8.988295 ], [ 28.486945, -8.964451 ], [ 28.520797, -8.906167 ], [ 28.541403, -8.878497 ], [ 28.613816, -8.813148 ], [ 28.665919, -8.747799 ], [ 28.757172, -8.655369 ], [ 28.86903, -8.494941 ], [ 28.890813, -8.481105 ], [ 28.909063, -8.483166 ], [ 28.9385, -8.508187 ], [ 28.956162, -8.514663 ], [ 28.979711, -8.519667 ], [ 29.001199, -8.531736 ], [ 29.041822, -8.56235 ], [ 29.106582, -8.602089 ], [ 29.127187, -8.621223 ] ] ] } },
{ "type": "Feature", "properties": { "name": "Lake Pskov" }, "geometry": { "type": "Polygon", "coordinates": [ [ [ 27.506713, 58.237113 ], [ 27.52879, 58.227987 ], [ 27.574416, 58.234758 ], [ 27.592373, 58.22681 ], [ 27.60032, 58.210914 ], [ 27.602087, 58.192075 ], [ 27.596788, 58.175885 ], [ 27.582659, 58.168526 ], [ 27.603558, 58.165877 ], [ 27.606208, 58.155279 ], [ 27.603558, 58.142916 ], [ 27.60974, 58.134968 ], [ 27.622987, 58.137618 ], [ 27.65831, 58.15734 ], [ 27.694223, 58.165877 ], [ 27.712768, 58.173236 ], [ 27.732196, 58.177357 ], [ 27.753095, 58.172058 ], [ 27.765753, 58.172058 ], [ 27.798722, 58.187365 ], [ 27.815206, 58.189426 ], [ 27.814912, 58.186776 ], [ 27.81815, 58.180006 ], [ 27.823154, 58.172647 ], [ 27.828453, 58.168526 ], [ 27.838755, 58.165582 ], [ 27.849941, 58.164405 ], [ 27.860833, 58.164699 ], [ 27.908814, 58.177651 ], [ 27.928536, 58.179712 ], [ 27.94561, 58.175885 ], [ 27.953263, 58.169115 ], [ 27.969747, 58.149098 ], [ 27.979756, 58.14115 ], [ 28.031564, 58.116718 ], [ 28.04481, 58.113185 ], [ 28.046282, 58.107004 ], [ 28.05894, 58.07845 ], [ 28.065416, 58.069031 ], [ 28.139596, 58.024287 ], [ 28.151076, 58.014573 ], [ 28.157257, 58.003976 ], [ 28.154314, 57.991319 ], [ 28.145483, 57.982193 ], [ 28.140184, 57.973068 ], [ 28.147838, 57.960116 ], [ 28.1655, 57.938039 ], [ 28.169621, 57.917139 ], [ 28.162262, 57.895945 ], [ 28.144305, 57.874162 ], [ 28.132531, 57.862976 ], [ 28.126644, 57.859149 ], [ 27.960622, 57.855028 ], [ 27.940311, 57.861798 ], [ 27.932069, 57.887408 ], [ 27.920294, 57.903304 ], [ 27.893507, 57.911546 ], [ 27.841993, 57.92126 ], [ 27.887914, 57.931563 ], [ 27.89704, 57.935684 ], [ 27.898806, 57.94687 ], [ 27.890269, 57.955701 ], [ 27.87614, 57.961294 ], [ 27.849941, 57.964826 ], [ 27.814912, 57.974246 ], [ 27.804609, 57.980427 ], [ 27.800782, 57.983665 ], [ 27.78783, 57.990141 ], [ 27.777822, 58.011041 ], [ 27.773701, 58.017517 ], [ 27.749857, 58.029292 ], [ 27.710707, 58.039006 ], [ 27.673912, 58.040477 ], [ 27.657427, 58.028114 ], [ 27.658016, 58.017811 ], [ 27.657427, 58.014573 ], [ 27.639765, 58.000738 ], [ 27.633584, 57.993379 ], [ 27.615922, 57.963648 ], [ 27.602087, 57.984843 ], [ 27.594139, 58.00898 ], [ 27.590312, 58.033707 ], [ 27.589429, 58.05549 ], [ 27.592961, 58.079334 ], [ 27.589723, 58.089342 ], [ 27.558226, 58.09729 ], [ 27.548512, 58.107298 ], [ 27.534089, 58.134968 ], [ 27.48228, 58.190898 ], [ 27.469034, 58.210031 ], [ 27.466974, 58.220923 ], [ 27.506713, 58.237113 ] ] ] } },
{ "type": "Feature", "properties": { "name": "Lake Chany" }, "geometry": { "type": "Polygon", "coordinates": [ [ [ 76.746472, 54.804238 ], [ 76.735875, 54.81248 ], [ 76.715564, 54.817779 ], [ 76.787094, 54.85428 ], [ 76.810349, 54.889015 ], [ 76.838608, 54.895197 ], [ 76.897481, 54.893136 ], [ 76.912788, 54.894902 ], [ 76.942224, 54.907266 ], [ 76.956942, 54.909621 ], [ 76.989028, 54.910798 ], [ 77.004041, 54.913447 ], [ 77.016404, 54.919335 ], [ 77.024941, 54.926105 ], [ 77.035243, 54.931698 ], [ 77.052022, 54.934642 ], [ 77.068212, 54.932875 ], [ 77.083225, 54.929637 ], [ 77.098237, 54.928754 ], [ 77.113544, 54.934642 ], [ 77.113544, 54.927871 ], [ 77.140037, 54.934347 ], [ 77.16653, 54.929637 ], [ 77.178599, 54.918746 ], [ 77.16182, 54.907266 ], [ 77.141803, 54.909621 ], [ 77.118843, 54.916097 ], [ 77.107657, 54.915508 ], [ 77.124141, 54.896374 ], [ 77.141803, 54.884011 ], [ 77.180659, 54.863994 ], [ 77.199498, 54.848393 ], [ 77.226874, 54.816896 ], [ 77.243359, 54.80365 ], [ 77.26367, 54.797468 ], [ 77.269557, 54.816013 ], [ 77.302232, 54.835146 ], [ 77.297816, 54.844566 ], [ 77.313123, 54.857518 ], [ 77.326075, 54.874297 ], [ 77.346092, 54.913447 ], [ 77.296639, 54.904322 ], [ 77.28457, 54.907266 ], [ 77.282803, 54.916391 ], [ 77.291634, 54.954364 ], [ 77.291634, 54.949654 ], [ 77.313712, 54.972615 ], [ 77.352273, 54.999107 ], [ 77.393779, 55.02089 ], [ 77.424981, 55.03031 ], [ 77.542138, 55.043851 ], [ 77.567748, 55.049738 ], [ 77.593358, 55.060924 ], [ 77.61985, 55.067105 ], [ 77.647815, 55.05798 ], [ 77.636924, 55.059158 ], [ 77.631331, 55.057686 ], [ 77.628681, 55.052976 ], [ 77.62721, 55.043851 ], [ 77.683727, 55.062984 ], [ 77.703155, 55.064162 ], [ 77.701978, 55.05798 ], [ 77.699329, 55.054448 ], [ 77.689615, 55.050621 ], [ 77.709926, 55.043851 ], [ 77.68255, 55.03031 ], [ 77.755847, 55.023834 ], [ 77.791759, 55.013237 ], [ 77.819135, 54.995575 ], [ 77.836208, 55.00941 ], [ 77.851809, 55.012942 ], [ 77.894492, 55.009704 ], [ 77.901851, 55.012354 ], [ 77.918924, 55.0256 ], [ 77.928344, 55.03031 ], [ 77.941296, 55.030899 ], [ 77.963373, 55.025011 ], [ 78.012238, 55.017652 ], [ 78.046678, 55.001757 ], [ 78.06905, 54.977913 ], [ 78.072288, 54.948182 ], [ 78.05286, 54.915214 ], [ 78.021657, 54.901378 ], [ 77.913037, 54.898435 ], [ 77.890371, 54.894314 ], [ 77.846511, 54.879301 ], [ 77.80736, 54.860462 ], [ 77.786755, 54.853103 ], [ 77.765266, 54.851925 ], [ 77.769682, 54.861639 ], [ 77.775275, 54.868115 ], [ 77.791759, 54.879301 ], [ 77.779985, 54.881656 ], [ 77.762323, 54.881656 ], [ 77.744072, 54.878712 ], [ 77.730237, 54.872531 ], [ 77.721406, 54.860462 ], [ 77.716402, 54.836618 ], [ 77.709926, 54.824844 ], [ 77.687849, 54.809242 ], [ 77.600128, 54.783633 ], [ 77.577168, 54.774213 ], [ 77.553913, 54.760672 ], [ 77.543316, 54.748309 ], [ 77.559211, 54.742127 ], [ 77.585115, 54.74772 ], [ 77.62721, 54.77804 ], [ 77.655174, 54.790109 ], [ 77.656352, 54.778629 ], [ 77.655468, 54.768031 ], [ 77.653114, 54.758023 ], [ 77.647815, 54.748898 ], [ 77.662239, 54.746543 ], [ 77.685788, 54.732413 ], [ 77.703155, 54.728587 ], [ 77.708748, 54.73153 ], [ 77.714636, 54.738006 ], [ 77.721406, 54.743305 ], [ 77.730237, 54.742127 ], [ 77.731709, 54.737123 ], [ 77.731414, 54.71799 ], [ 77.739362, 54.69915 ], [ 77.738185, 54.684432 ], [ 77.731414, 54.672069 ], [ 77.712575, 54.663532 ], [ 77.712869, 54.657056 ], [ 77.718462, 54.652935 ], [ 77.726999, 54.656173 ], [ 77.736124, 54.663532 ], [ 77.745544, 54.667359 ], [ 77.755258, 54.666181 ], [ 77.765266, 54.659705 ], [ 77.759379, 54.656762 ], [ 77.756435, 54.653818 ], [ 77.754375, 54.65058 ], [ 77.750842, 54.646459 ], [ 77.775863, 54.650875 ], [ 77.787344, 54.651463 ], [ 77.798529, 54.646459 ], [ 77.769682, 54.631741 ], [ 77.753197, 54.626442 ], [ 77.726705, 54.633213 ], [ 77.661356, 54.632918 ], [ 77.646049, 54.626148 ], [ 77.614552, 54.603188 ], [ 77.60366, 54.598183 ], [ 77.587765, 54.600244 ], [ 77.562449, 54.607014 ], [ 77.545376, 54.605542 ], [ 77.556562, 54.615256 ], [ 77.556562, 54.623204 ], [ 77.547437, 54.627325 ], [ 77.531247, 54.626148 ], [ 77.577462, 54.644693 ], [ 77.593358, 54.646459 ], [ 77.593358, 54.652641 ], [ 77.576579, 54.668536 ], [ 77.554796, 54.672657 ], [ 77.529775, 54.668242 ], [ 77.503871, 54.659705 ], [ 77.476789, 54.67148 ], [ 77.442349, 54.675895 ], [ 77.414679, 54.684138 ], [ 77.407614, 54.707981 ], [ 77.397311, 54.70386 ], [ 77.38642, 54.7018 ], [ 77.363165, 54.701211 ], [ 77.349919, 54.689142 ], [ 77.340499, 54.68767 ], [ 77.332551, 54.701211 ], [ 77.323131, 54.68296 ], [ 77.309885, 54.6809 ], [ 77.295756, 54.688848 ], [ 77.28457, 54.701211 ], [ 77.320482, 54.715635 ], [ 77.394956, 54.717106 ], [ 77.428808, 54.721816 ], [ 77.401727, 54.730647 ], [ 77.366697, 54.732119 ], [ 77.236, 54.719167 ], [ 77.205386, 54.72005 ], [ 77.209801, 54.735357 ], [ 77.127379, 54.730647 ], [ 77.088523, 54.715635 ], [ 77.069095, 54.724466 ], [ 77.052316, 54.739478 ], [ 77.038776, 54.748898 ], [ 77.01611, 54.748309 ], [ 76.994915, 54.738006 ], [ 76.955765, 54.711514 ], [ 76.945462, 54.708276 ], [ 76.898953, 54.707687 ], [ 76.88865, 54.705921 ], [ 76.878347, 54.701505 ], [ 76.866278, 54.693852 ], [ 76.863629, 54.701211 ], [ 76.861863, 54.704154 ], [ 76.862157, 54.707098 ], [ 76.866278, 54.714752 ], [ 76.847439, 54.717106 ], [ 76.829188, 54.708276 ], [ 76.810938, 54.695912 ], [ 76.792098, 54.68767 ], [ 76.769432, 54.687376 ], [ 76.752359, 54.693557 ], [ 76.722334, 54.714752 ], [ 76.728221, 54.723288 ], [ 76.730282, 54.731825 ], [ 76.728221, 54.740656 ], [ 76.722334, 54.748898 ], [ 76.73823, 54.747132 ], [ 76.748827, 54.739478 ], [ 76.754714, 54.727115 ], [ 76.75648, 54.711514 ], [ 76.762368, 54.710042 ], [ 76.792393, 54.721228 ], [ 76.804167, 54.721816 ], [ 76.774142, 54.745071 ], [ 76.764134, 54.758023 ], [ 76.75648, 54.776862 ], [ 76.752359, 54.792758 ], [ 76.746472, 54.804238 ] ] ] } },
{ "type": "Feature", "properties": { "name": "Lake Bangweulu" }, "geometry": { "type": "Polygon", "coordinates": [ [ [ 30.036772, -10.976136 ], [ 30.040893, -10.984967 ], [ 30.042365, -10.999391 ], [ 30.038833, -11.00675 ], [ 30.021171, -11.026766 ], [ 30.014989, -11.037069 ], [ 30.000566, -11.095353 ], [ 29.988202, -11.123023 ], [ 29.966714, -11.139508 ], [ 29.979666, -11.097708 ], [ 29.982609, -11.079163 ], [ 29.976722, -11.071215 ], [ 29.959355, -11.076514 ], [ 29.934922, -11.089466 ], [ 29.911373, -11.107128 ], [ 29.898127, -11.125967 ], [ 29.899599, -11.145984 ], [ 29.911668, -11.159819 ], [ 29.925797, -11.171299 ], [ 29.932273, -11.184251 ], [ 29.935805, -11.199853 ], [ 29.950229, -11.231055 ], [ 29.952879, -11.249306 ], [ 29.947874, -11.276387 ], [ 29.936394, -11.290811 ], [ 29.901659, -11.314066 ], [ 29.895183, -11.322308 ], [ 29.889885, -11.333494 ], [ 29.886058, -11.344974 ], [ 29.884586, -11.354982 ], [ 29.879582, -11.361458 ], [ 29.85044, -11.37235 ], [ 29.823653, -11.419448 ], [ 29.812761, -11.426807 ], [ 29.787152, -11.421509 ], [ 29.770078, -11.411206 ], [ 29.7533, -11.405319 ], [ 29.72769, -11.413267 ], [ 29.723275, -11.417093 ], [ 29.713855, -11.428868 ], [ 29.707085, -11.434461 ], [ 29.698842, -11.429162 ], [ 29.692955, -11.427396 ], [ 29.687068, -11.429162 ], [ 29.67912, -11.434461 ], [ 29.654393, -11.422097 ], [ 29.604351, -11.409145 ], [ 29.583452, -11.399726 ], [ 29.565495, -11.384124 ], [ 29.553426, -11.36558 ], [ 29.547539, -11.34203 ], [ 29.548717, -11.310828 ], [ 29.598759, -11.190727 ], [ 29.620836, -11.156581 ], [ 29.66499, -11.10595 ], [ 29.683535, -11.077691 ], [ 29.699431, -11.043251 ], [ 29.687951, -11.061501 ], [ 29.641441, -11.108894 ], [ 29.626134, -11.127733 ], [ 29.589633, -11.201619 ], [ 29.566378, -11.234882 ], [ 29.56314, -11.246068 ], [ 29.558725, -11.254899 ], [ 29.547539, -11.255193 ], [ 29.502796, -11.24283 ], [ 29.492787, -11.226051 ], [ 29.479835, -11.181013 ], [ 29.489844, -11.169239 ], [ 29.501913, -11.163351 ], [ 29.513393, -11.164529 ], [ 29.521635, -11.173654 ], [ 29.522518, -11.191316 ], [ 29.510744, -11.220752 ], [ 29.513982, -11.235765 ], [ 29.529583, -11.212805 ], [ 29.539003, -11.188078 ], [ 29.552249, -11.168061 ], [ 29.579919, -11.160113 ], [ 29.592283, -11.150399 ], [ 29.631433, -11.095059 ], [ 29.63526, -11.075042 ], [ 29.644679, -11.055614 ], [ 29.666168, -11.023528 ], [ 29.678826, -11.009693 ], [ 29.694721, -10.997036 ], [ 29.709734, -10.982023 ], [ 29.720331, -10.961418 ], [ 29.705318, -10.950232 ], [ 29.721508, -10.930804 ], [ 29.740348, -10.923445 ], [ 29.733872, -10.947877 ], [ 29.741231, -10.947877 ], [ 29.754772, -10.919912 ], [ 29.761836, -10.919912 ], [ 29.754772, -10.939046 ], [ 29.7324, -10.976725 ], [ 29.72769, -10.995564 ], [ 29.733872, -10.995564 ], [ 29.760659, -10.943167 ], [ 29.777732, -10.916674 ], [ 29.795688, -10.906077 ], [ 29.795688, -10.913731 ], [ 29.773022, -10.939635 ], [ 29.720625, -11.025 ], [ 29.713266, -11.050904 ], [ 29.723275, -11.036775 ], [ 29.761836, -10.995564 ], [ 29.783914, -10.936691 ], [ 29.79245, -10.927271 ], [ 29.802459, -10.920501 ], [ 29.817471, -10.905194 ], [ 29.831012, -10.887827 ], [ 29.836899, -10.875463 ], [ 29.842492, -10.872225 ], [ 29.880759, -10.871931 ], [ 29.891651, -10.867515 ], [ 29.910785, -10.848382 ], [ 29.925503, -10.844849 ], [ 29.926975, -10.858685 ], [ 29.938749, -10.873108 ], [ 29.966714, -10.893125 ], [ 29.990852, -10.927271 ], [ 29.998211, -10.929038 ], [ 30.007042, -10.933453 ], [ 30.015284, -10.939929 ], [ 30.021171, -10.947877 ], [ 30.016756, -10.951409 ], [ 30.01234, -10.957885 ], [ 30.00763, -10.961418 ], [ 30.014989, -10.981729 ], [ 30.028236, -10.97437 ], [ 30.036772, -10.976136 ] ] ] } },
{ "type": "Feature", "properties": { "name": "Lake Peipus" }, "geometry": { "type": "Polygon", "coordinates": [ [ [ 27.466974, 58.220923 ], [ 27.465207, 58.251537 ], [ 27.462264, 58.257718 ], [ 27.451078, 58.262134 ], [ 27.410456, 58.291864 ], [ 27.417815, 58.303345 ], [ 27.415165, 58.31247 ], [ 27.408395, 58.321301 ], [ 27.404274, 58.332781 ], [ 27.404274, 58.353975 ], [ 27.408101, 58.360746 ], [ 27.415165, 58.36575 ], [ 27.418403, 58.370754 ], [ 27.411044, 58.377524 ], [ 27.396326, 58.383706 ], [ 27.326856, 58.404017 ], [ 27.282996, 58.404606 ], [ 27.26033, 58.408433 ], [ 27.237075, 58.424034 ], [ 27.229716, 58.445522 ], [ 27.232365, 58.494387 ], [ 27.229716, 58.52088 ], [ 27.197336, 58.609483 ], [ 27.161129, 58.663058 ], [ 27.098135, 58.727523 ], [ 27.074586, 58.744302 ], [ 26.980684, 58.778154 ], [ 26.955369, 58.795816 ], [ 26.946538, 58.819659 ], [ 26.951836, 58.848507 ], [ 26.964788, 58.876177 ], [ 26.979212, 58.895311 ], [ 27.011003, 58.922981 ], [ 27.044561, 58.944175 ], [ 27.081357, 58.959777 ], [ 27.287117, 59.001576 ], [ 27.537032, 59.016295 ], [ 27.733962, 58.993628 ], [ 27.737494, 58.981854 ], [ 27.730135, 58.966253 ], [ 27.718949, 58.950357 ], [ 27.727191, 58.915033 ], [ 27.794012, 58.862636 ], [ 27.801371, 58.819954 ], [ 27.797544, 58.811123 ], [ 27.784887, 58.794344 ], [ 27.780471, 58.785219 ], [ 27.779588, 58.775505 ], [ 27.78106, 58.754605 ], [ 27.780471, 58.744302 ], [ 27.765753, 58.694555 ], [ 27.761926, 58.667473 ], [ 27.770463, 58.655698 ], [ 27.783415, 58.646868 ], [ 27.829925, 58.572982 ], [ 27.834929, 58.551788 ], [ 27.835517, 58.489383 ], [ 27.833163, 58.472015 ], [ 27.825803, 58.455531 ], [ 27.81138, 58.439635 ], [ 27.78577, 58.422562 ], [ 27.782826, 58.431687 ], [ 27.788419, 58.452293 ], [ 27.78783, 58.469955 ], [ 27.70953, 58.419913 ], [ 27.69334, 58.393714 ], [ 27.660665, 58.363984 ], [ 27.653306, 58.36104 ], [ 27.633584, 58.360157 ], [ 27.629757, 58.356919 ], [ 27.632112, 58.346911 ], [ 27.637705, 58.342495 ], [ 27.644475, 58.339551 ], [ 27.650068, 58.332781 ], [ 27.656544, 58.320712 ], [ 27.658605, 58.313353 ], [ 27.651245, 58.308643 ], [ 27.629757, 58.305405 ], [ 27.609151, 58.307466 ], [ 27.575888, 58.323067 ], [ 27.558521, 58.326599 ], [ 27.543214, 58.322478 ], [ 27.535855, 58.311881 ], [ 27.534089, 58.297163 ], [ 27.534089, 58.281562 ], [ 27.530851, 58.270376 ], [ 27.523197, 58.258601 ], [ 27.506713, 58.237113 ], [ 27.466974, 58.220923 ] ], [ [ 27.469623, 58.387827 ], [ 27.465796, 58.381351 ], [ 27.49641, 58.371931 ], [ 27.511423, 58.370754 ], [ 27.527907, 58.373698 ], [ 27.519959, 58.381645 ], [ 27.511128, 58.386944 ], [ 27.491111, 58.39342 ], [ 27.487873, 58.394009 ], [ 27.481103, 58.394303 ], [ 27.474627, 58.391948 ], [ 27.469623, 58.387827 ] ] ] } },
{ "type": "Feature", "properties": { "name": "Lake Kivu" }, "geometry": { "type": "Polygon", "coordinates": [ [ [ 29.333242, -2.05131 ], [ 29.325883, -2.056608 ], [ 29.31558, -2.059552 ], [ 29.319996, -2.069266 ], [ 29.322351, -2.080158 ], [ 29.321173, -2.091049 ], [ 29.31558, -2.101057 ], [ 29.304394, -2.079274 ], [ 29.297035, -2.072504 ], [ 29.288204, -2.073093 ], [ 29.281434, -2.082807 ], [ 29.277313, -2.098408 ], [ 29.274664, -2.12755 ], [ 29.268188, -2.12755 ], [ 29.263183, -2.118425 ], [ 29.263478, -2.107239 ], [ 29.268188, -2.079863 ], [ 29.254353, -2.087222 ], [ 29.248465, -2.099586 ], [ 29.247877, -2.131671 ], [ 29.252586, -2.13697 ], [ 29.262595, -2.142857 ], [ 29.272014, -2.152571 ], [ 29.274664, -2.16935 ], [ 29.252292, -2.148156 ], [ 29.224327, -2.149627 ], [ 29.206077, -2.168172 ], [ 29.21373, -2.197314 ], [ 29.193714, -2.194665 ], [ 29.183116, -2.205851 ], [ 29.180761, -2.22469 ], [ 29.185766, -2.245001 ], [ 29.193125, -2.242352 ], [ 29.199895, -2.237642 ], [ 29.196363, -2.252066 ], [ 29.185177, -2.256482 ], [ 29.171047, -2.253244 ], [ 29.15839, -2.245001 ], [ 29.116884, -2.32654 ], [ 29.118945, -2.314766 ], [ 29.12336, -2.298281 ], [ 29.124244, -2.285918 ], [ 29.116884, -2.285918 ], [ 29.113646, -2.297987 ], [ 29.108937, -2.306524 ], [ 29.096279, -2.320947 ], [ 29.097456, -2.315943 ], [ 29.093041, -2.313 ], [ 29.086859, -2.312116 ], [ 29.082738, -2.313294 ], [ 29.080972, -2.318298 ], [ 29.081561, -2.331839 ], [ 29.0795, -2.337726 ], [ 29.070081, -2.353327 ], [ 29.065076, -2.370106 ], [ 29.057717, -2.385119 ], [ 29.041822, -2.395421 ], [ 29.053302, -2.375699 ], [ 29.062133, -2.354799 ], [ 29.052713, -2.340375 ], [ 29.051536, -2.31506 ], [ 29.04712, -2.292394 ], [ 29.027986, -2.285918 ], [ 29.019744, -2.290922 ], [ 29.014151, -2.300342 ], [ 29.000611, -2.34744 ], [ 28.99649, -2.353622 ], [ 28.993546, -2.355977 ], [ 28.990602, -2.357154 ], [ 28.986481, -2.361275 ], [ 28.967642, -2.37511 ], [ 28.924076, -2.391889 ], [ 28.904648, -2.408962 ], [ 28.893756, -2.435455 ], [ 28.88728, -2.461948 ], [ 28.874034, -2.477549 ], [ 28.842537, -2.470484 ], [ 28.842537, -2.462831 ], [ 28.83665, -2.447524 ], [ 28.834884, -2.428979 ], [ 28.836355, -2.391889 ], [ 28.841654, -2.373344 ], [ 28.855489, -2.360392 ], [ 28.94998, -2.311822 ], [ 28.959694, -2.31035 ], [ 28.962343, -2.292983 ], [ 28.972352, -2.264135 ], [ 28.97294, -2.245001 ], [ 28.933496, -2.290628 ], [ 28.911418, -2.311233 ], [ 28.884042, -2.32654 ], [ 28.919072, -2.278853 ], [ 28.925842, -2.252655 ], [ 28.912007, -2.224102 ], [ 28.90347, -2.227928 ], [ 28.897289, -2.23411 ], [ 28.892873, -2.242058 ], [ 28.890813, -2.252066 ], [ 28.887575, -2.249711 ], [ 28.879921, -2.247356 ], [ 28.876683, -2.245001 ], [ 28.873445, -2.250594 ], [ 28.870502, -2.253538 ], [ 28.867558, -2.255599 ], [ 28.863437, -2.258837 ], [ 28.863731, -2.240292 ], [ 28.865792, -2.232049 ], [ 28.870502, -2.224102 ], [ 28.85961, -2.217626 ], [ 28.858138, -2.207028 ], [ 28.864614, -2.194665 ], [ 28.876683, -2.182891 ], [ 28.871679, -2.179947 ], [ 28.86903, -2.176415 ], [ 28.866969, -2.172882 ], [ 28.863437, -2.16935 ], [ 28.889047, -2.16464 ], [ 28.897878, -2.149922 ], [ 28.888164, -2.138147 ], [ 28.856667, -2.141974 ], [ 28.883454, -2.114598 ], [ 28.931435, -2.08575 ], [ 28.967053, -2.05337 ], [ 28.956162, -2.015103 ], [ 28.952041, -2.006861 ], [ 28.950863, -1.996264 ], [ 28.949097, -1.987433 ], [ 28.942327, -1.9839 ], [ 28.925253, -1.980662 ], [ 28.919955, -1.983312 ], [ 28.918189, -1.994498 ], [ 28.907297, -2.006861 ], [ 28.904942, -2.014809 ], [ 28.914951, -2.018635 ], [ 28.916717, -2.02364 ], [ 28.910535, -2.034825 ], [ 28.900232, -2.046894 ], [ 28.890813, -2.05337 ], [ 28.891107, -2.028938 ], [ 28.889047, -2.01893 ], [ 28.884042, -2.011571 ], [ 28.89464, -2.00009 ], [ 28.90141, -1.988905 ], [ 28.912007, -1.963295 ], [ 28.928197, -1.96771 ], [ 28.946448, -1.943867 ], [ 28.99384, -1.83348 ], [ 29.004143, -1.822 ], [ 29.015329, -1.813169 ], [ 29.02416, -1.802867 ], [ 29.027986, -1.785793 ], [ 29.014446, -1.792564 ], [ 29.014446, -1.751647 ], [ 29.031519, -1.754296 ], [ 29.047709, -1.739578 ], [ 29.092747, -1.670991 ], [ 29.096279, -1.66216 ], [ 29.097456, -1.649503 ], [ 29.094513, -1.638906 ], [ 29.082738, -1.614473 ], [ 29.078617, -1.621538 ], [ 29.028281, -1.67835 ], [ 29.020627, -1.690125 ], [ 29.014446, -1.690125 ], [ 29.017389, -1.663927 ], [ 29.027986, -1.629486 ], [ 29.042705, -1.599167 ], [ 29.059189, -1.586509 ], [ 29.076557, -1.589158 ], [ 29.087742, -1.595634 ], [ 29.10717, -1.617711 ], [ 29.119828, -1.625071 ], [ 29.150148, -1.631841 ], [ 29.161333, -1.638317 ], [ 29.173108, -1.65068 ], [ 29.194597, -1.668636 ], [ 29.206077, -1.675996 ], [ 29.246405, -1.691008 ], [ 29.254647, -1.696601 ], [ 29.256119, -1.702783 ], [ 29.253764, -1.70867 ], [ 29.249643, -1.714557 ], [ 29.247877, -1.720739 ], [ 29.250526, -1.723388 ], [ 29.263772, -1.726921 ], [ 29.268188, -1.730453 ], [ 29.272014, -1.74105 ], [ 29.273192, -1.754296 ], [ 29.270543, -1.767543 ], [ 29.261417, -1.779023 ], [ 29.277019, -1.79904 ], [ 29.279668, -1.848493 ], [ 29.288204, -1.867627 ], [ 29.275841, -1.887349 ], [ 29.284966, -1.907954 ], [ 29.309104, -1.932681 ], [ 29.311754, -1.925616 ], [ 29.316758, -1.93327 ], [ 29.321468, -1.945044 ], [ 29.322351, -1.949754 ], [ 29.331476, -1.971243 ], [ 29.337658, -1.976836 ], [ 29.349726, -1.970065 ], [ 29.346488, -1.988905 ], [ 29.352081, -2.005683 ], [ 29.359735, -2.02099 ], [ 29.363856, -2.035709 ], [ 29.361207, -2.05131 ], [ 29.355614, -2.05131 ], [ 29.350315, -2.044245 ], [ 29.349726, -2.038947 ], [ 29.340012, -2.044834 ], [ 29.333242, -2.05131 ] ], [ [ 29.099517, -1.955641 ], [ 29.116884, -1.943278 ], [ 29.115118, -1.927971 ], [ 29.106876, -1.918846 ], [ 29.096868, -1.918552 ], [ 29.090097, -1.929149 ], [ 29.085682, -1.925616 ], [ 29.081855, -1.92385 ], [ 29.078617, -1.921201 ], [ 29.075968, -1.915608 ], [ 29.050947, -1.95152 ], [ 29.044177, -1.971537 ], [ 29.041822, -1.99803 ], [ 29.057423, -1.99126 ], [ 29.061838, -2.000385 ], [ 29.055951, -2.032176 ], [ 29.050358, -2.049249 ], [ 29.027986, -2.087517 ], [ 29.028575, -2.089577 ], [ 29.022394, -2.114304 ], [ 29.020627, -2.11813 ], [ 29.01945, -2.134321 ], [ 29.017389, -2.14168 ], [ 29.014446, -2.148744 ], [ 29.006204, -2.160519 ], [ 28.995606, -2.172588 ], [ 28.985598, -2.186129 ], [ 28.9803, -2.203496 ], [ 28.986776, -2.201141 ], [ 29.000905, -2.199081 ], [ 29.007675, -2.197314 ], [ 29.004437, -2.205851 ], [ 29.004143, -2.211738 ], [ 29.007381, -2.216742 ], [ 29.014446, -2.224102 ], [ 29.017684, -2.220864 ], [ 29.019744, -2.220275 ], [ 29.022688, -2.219686 ], [ 29.027986, -2.217331 ], [ 29.020039, -2.225279 ], [ 29.015329, -2.234699 ], [ 29.013857, -2.24559 ], [ 29.014446, -2.258837 ], [ 29.036229, -2.262075 ], [ 29.068609, -2.245885 ], [ 29.093924, -2.220275 ], [ 29.093335, -2.193488 ], [ 29.089509, -2.17406 ], [ 29.109525, -2.134026 ], [ 29.10717, -2.11813 ], [ 29.09834, -2.105178 ], [ 29.093924, -2.092521 ], [ 29.088037, -2.081629 ], [ 29.075968, -2.073093 ], [ 29.075968, -2.066911 ], [ 29.084799, -2.066322 ], [ 29.08892, -2.063967 ], [ 29.090097, -2.058963 ], [ 29.090097, -2.049544 ], [ 29.093041, -2.045423 ], [ 29.108054, -2.038947 ], [ 29.113646, -2.035709 ], [ 29.115118, -2.026878 ], [ 29.106287, -2.00009 ], [ 29.102166, -1.978896 ], [ 29.098928, -1.973009 ], [ 29.095985, -1.967122 ], [ 29.096279, -1.957113 ], [ 29.099517, -1.955641 ] ] ] } },
{ "type": "Feature", "properties": { "name": "Lake Edward" }, "geometry": { "type": "Polygon", "coordinates": [ [ [ 29.470416, -0.61599 ], [ 29.452165, -0.606865 ], [ 29.437741, -0.609514 ], [ 29.438919, -0.620111 ], [ 29.42685, -0.636596 ], [ 29.410954, -0.66721 ], [ 29.398002, -0.681634 ], [ 29.396825, -0.678101 ], [ 29.391821, -0.66927 ], [ 29.380635, -0.683105 ], [ 29.377397, -0.689581 ], [ 29.370038, -0.689581 ], [ 29.369449, -0.678396 ], [ 29.370332, -0.667504 ], [ 29.373276, -0.657201 ], [ 29.377397, -0.648076 ], [ 29.377691, -0.623349 ], [ 29.375631, -0.609809 ], [ 29.370038, -0.599506 ], [ 29.355614, -0.593324 ], [ 29.318524, -0.593913 ], [ 29.309104, -0.592736 ], [ 29.311165, -0.566537 ], [ 29.334125, -0.538867 ], [ 29.344428, -0.514435 ], [ 29.309104, -0.497362 ], [ 29.319701, -0.48176 ], [ 29.330593, -0.475873 ], [ 29.342662, -0.472046 ], [ 29.356791, -0.463804 ], [ 29.366211, -0.452618 ], [ 29.380046, -0.429952 ], [ 29.391821, -0.422004 ], [ 29.384461, -0.397572 ], [ 29.392409, -0.375789 ], [ 29.428616, -0.335756 ], [ 29.43833, -0.319271 ], [ 29.446572, -0.257455 ], [ 29.463645, -0.215949 ], [ 29.493376, -0.181215 ], [ 29.531938, -0.155016 ], [ 29.639086, -0.12293 ], [ 29.655276, -0.120576 ], [ 29.674704, -0.1141 ], [ 29.685596, -0.099676 ], [ 29.694427, -0.08378 ], [ 29.707085, -0.072594 ], [ 29.7324, -0.069356 ], [ 29.754477, -0.077598 ], [ 29.76949, -0.094377 ], [ 29.775377, -0.117043 ], [ 29.780676, -0.126168 ], [ 29.79245, -0.127346 ], [ 29.804225, -0.127052 ], [ 29.809523, -0.130878 ], [ 29.809818, -0.142947 ], [ 29.811289, -0.151778 ], [ 29.815116, -0.157665 ], [ 29.823064, -0.162081 ], [ 29.83631, -0.163553 ], [ 29.84573, -0.159432 ], [ 29.853972, -0.152956 ], [ 29.863686, -0.147657 ], [ 29.889296, -0.141181 ], [ 29.901659, -0.140298 ], [ 29.900776, -0.14854 ], [ 29.888118, -0.190929 ], [ 29.878993, -0.2551 ], [ 29.866924, -0.29425 ], [ 29.850146, -0.328985 ], [ 29.830129, -0.360188 ], [ 29.814822, -0.374317 ], [ 29.782147, -0.389624 ], [ 29.746529, -0.419944 ], [ 29.727396, -0.426125 ], [ 29.707379, -0.429069 ], [ 29.68589, -0.435839 ], [ 29.67235, -0.44732 ], [ 29.649095, -0.47705 ], [ 29.634671, -0.482938 ], [ 29.626134, -0.49118 ], [ 29.611122, -0.545637 ], [ 29.587867, -0.580372 ], [ 29.554898, -0.603038 ], [ 29.479835, -0.641306 ], [ 29.470416, -0.61599 ] ] ] } },
{ "type": "Feature", "properties": { "name": null }, "geometry": { "type": "Polygon", "coordinates": [ [ [ 33.157915, 1.632363 ], [ 33.160564, 1.63354 ], [ 33.155855, 1.630302 ], [ 33.154677, 1.63148 ], [ 33.15556, 1.632068 ], [ 33.157915, 1.632363 ] ] ] } },
{ "type": "Feature", "properties": { "name": "Lake Geneva" }, "geometry": { "type": "Polygon", "coordinates": [ [ [ 6.871199, 46.458721 ], [ 6.916531, 46.441942 ], [ 6.93537, 46.423103 ], [ 6.913881, 46.404264 ], [ 6.867666, 46.402497 ], [ 6.697229, 46.423103 ], [ 6.499417, 46.409268 ], [ 6.494707, 46.406324 ], [ 6.48411, 46.392195 ], [ 6.479106, 46.388957 ], [ 6.464682, 46.385719 ], [ 6.43289, 46.371589 ], [ 6.417584, 46.368351 ], [ 6.408164, 46.365407 ], [ 6.39374, 46.351278 ], [ 6.383732, 46.34804 ], [ 6.376078, 46.350689 ], [ 6.355473, 46.371589 ], [ 6.294834, 46.373944 ], [ 6.237138, 46.312422 ], [ 6.182975, 46.238831 ], [ 6.133228, 46.204685 ], [ 6.136171, 46.213221 ], [ 6.140293, 46.220286 ], [ 6.145885, 46.226468 ], [ 6.153245, 46.231177 ], [ 6.160015, 46.268856 ], [ 6.176499, 46.300059 ], [ 6.318383, 46.451067 ], [ 6.334573, 46.46137 ], [ 6.352823, 46.467257 ], [ 6.419055, 46.473145 ], [ 6.435834, 46.479621 ], [ 6.495001, 46.513178 ], [ 6.510897, 46.517594 ], [ 6.597734, 46.522304 ], [ 6.620106, 46.51936 ], [ 6.784361, 46.478443 ], [ 6.871199, 46.458721 ] ] ] } },
{ "type": "Feature", "properties": { "name": "Lough Neagh" }, "geometry": { "type": "Polygon", "coordinates": [ [ [ -6.522516, 54.715929 ], [ -6.520014, 54.728881 ], [ -6.510447, 54.739478 ], [ -6.497348, 54.746543 ], [ -6.484102, 54.74772 ], [ -6.470855, 54.740656 ], [ -6.472769, 54.730647 ], [ -6.476743, 54.719167 ], [ -6.469384, 54.70857 ], [ -6.461583, 54.706215 ], [ -6.444363, 54.706804 ], [ -6.435826, 54.704154 ], [ -6.42729, 54.700033 ], [ -6.419636, 54.697973 ], [ -6.411541, 54.69709 ], [ -6.401974, 54.696795 ], [ -6.384165, 54.699739 ], [ -6.349283, 54.71063 ], [ -6.314107, 54.712985 ], [ -6.278194, 54.724171 ], [ -6.259649, 54.722699 ], [ -6.24655, 54.715929 ], [ -6.239338, 54.706509 ], [ -6.238455, 54.695618 ], [ -6.244784, 54.683843 ], [ -6.254645, 54.675601 ], [ -6.293501, 54.654113 ], [ -6.298652, 54.647637 ], [ -6.313665, 54.620555 ], [ -6.316314, 54.612018 ], [ -6.307189, 54.607014 ], [ -6.290116, 54.609664 ], [ -6.272896, 54.609958 ], [ -6.263329, 54.597595 ], [ -6.267008, 54.583171 ], [ -6.279666, 54.575223 ], [ -6.308514, 54.566098 ], [ -6.310721, 54.563743 ], [ -6.313076, 54.55815 ], [ -6.315726, 54.556089 ], [ -6.335742, 54.555501 ], [ -6.339716, 54.554617 ], [ -6.340599, 54.550496 ], [ -6.336478, 54.54667 ], [ -6.332799, 54.54196 ], [ -6.334712, 54.534601 ], [ -6.341482, 54.531068 ], [ -6.351491, 54.529008 ], [ -6.359733, 54.526064 ], [ -6.359733, 54.521354 ], [ -6.336037, 54.501338 ], [ -6.385195, 54.484853 ], [ -6.399766, 54.483381 ], [ -6.413013, 54.487797 ], [ -6.43038, 54.501926 ], [ -6.442744, 54.507814 ], [ -6.477184, 54.511052 ], [ -6.543122, 54.506047 ], [ -6.575796, 54.514878 ], [ -6.603025, 54.526653 ], [ -6.612297, 54.536367 ], [ -6.609795, 54.549908 ], [ -6.603614, 54.553734 ], [ -6.585216, 54.556089 ], [ -6.57771, 54.558444 ], [ -6.572705, 54.563448 ], [ -6.565935, 54.57434 ], [ -6.560489, 54.578755 ], [ -6.533408, 54.594357 ], [ -6.516482, 54.61349 ], [ -6.510889, 54.637039 ], [ -6.518542, 54.666476 ], [ -6.524724, 54.679428 ], [ -6.528845, 54.690908 ], [ -6.528845, 54.702683 ], [ -6.522516, 54.715929 ] ] ] } },
{ "type": "Feature", "properties": { "name": "Vättern" }, "geometry": { "type": "Polygon", "coordinates": [ [ [ 14.922058, 58.814066 ], [ 14.913227, 58.799054 ], [ 14.912049, 58.784041 ], [ 14.924707, 58.771678 ], [ 14.929122, 58.782275 ], [ 14.937659, 58.78934 ], [ 14.947962, 58.791106 ], [ 14.958853, 58.785219 ], [ 14.960325, 58.778154 ], [ 14.95797, 58.766968 ], [ 14.952671, 58.751072 ], [ 14.945018, 58.735471 ], [ 14.926179, 58.709861 ], [ 14.918525, 58.696615 ], [ 14.915287, 58.677776 ], [ 14.919408, 58.640097 ], [ 14.918525, 58.628323 ], [ 14.906456, 58.618609 ], [ 14.842874, 58.586817 ], [ 14.852882, 58.582402 ], [ 14.862596, 58.580341 ], [ 14.88379, 58.579753 ], [ 14.889972, 58.577692 ], [ 14.902335, 58.567684 ], [ 14.91146, 58.565623 ], [ 14.94649, 58.568272 ], [ 14.961502, 58.565034 ], [ 14.973277, 58.552082 ], [ 14.958853, 58.544134 ], [ 14.954732, 58.533832 ], [ 14.961502, 58.52559 ], [ 14.979459, 58.524706 ], [ 14.971511, 58.515876 ], [ 14.96003, 58.511166 ], [ 14.939131, 58.50469 ], [ 14.928534, 58.495564 ], [ 14.918231, 58.484084 ], [ 14.907045, 58.474076 ], [ 14.88173, 58.466422 ], [ 14.871133, 58.460535 ], [ 14.859947, 58.458475 ], [ 14.832865, 58.474665 ], [ 14.817264, 58.477019 ], [ 14.801663, 58.475253 ], [ 14.788416, 58.469955 ], [ 14.772226, 58.45818 ], [ 14.723362, 58.411671 ], [ 14.714236, 58.405195 ], [ 14.702756, 58.399896 ], [ 14.690393, 58.396364 ], [ 14.678618, 58.394892 ], [ 14.670376, 58.391065 ], [ 14.620334, 58.333958 ], [ 14.616802, 58.326599 ], [ 14.62004, 58.316297 ], [ 14.634169, 58.305111 ], [ 14.637407, 58.295397 ], [ 14.632698, 58.286271 ], [ 14.599729, 58.261251 ], [ 14.595608, 58.251831 ], [ 14.602672, 58.22887 ], [ 14.603261, 58.216802 ], [ 14.59443, 58.202966 ], [ 14.544977, 58.158812 ], [ 14.540267, 58.151453 ], [ 14.523488, 58.112008 ], [ 14.514069, 58.10406 ], [ 14.493463, 58.093169 ], [ 14.459023, 58.060789 ], [ 14.444305, 58.040772 ], [ 14.438123, 58.021344 ], [ 14.427526, 58.006037 ], [ 14.35629, 57.9766 ], [ 14.338628, 57.961294 ], [ 14.285642, 57.888291 ], [ 14.276517, 57.866508 ], [ 14.27063, 57.857089 ], [ 14.26592, 57.846491 ], [ 14.264742, 57.832656 ], [ 14.26592, 57.821471 ], [ 14.267392, 57.818821 ], [ 14.252674, 57.804692 ], [ 14.229419, 57.7938 ], [ 14.202043, 57.787324 ], [ 14.17555, 57.784675 ], [ 14.155533, 57.792328 ], [ 14.146408, 57.810285 ], [ 14.137283, 57.853851 ], [ 14.125803, 57.871218 ], [ 14.112262, 57.88417 ], [ 14.10137, 57.898005 ], [ 14.096661, 57.918316 ], [ 14.094011, 57.921554 ], [ 14.089007, 57.932446 ], [ 14.086652, 57.943926 ], [ 14.123448, 57.9766 ], [ 14.155239, 58.018106 ], [ 14.154062, 58.023993 ], [ 14.152001, 58.028409 ], [ 14.15465, 58.034885 ], [ 14.167308, 58.053724 ], [ 14.183498, 58.093169 ], [ 14.207341, 58.127904 ], [ 14.210579, 58.146154 ], [ 14.21264, 58.182067 ], [ 14.222943, 58.200612 ], [ 14.235895, 58.213858 ], [ 14.244137, 58.22681 ], [ 14.239427, 58.244766 ], [ 14.257972, 58.257424 ], [ 14.278578, 58.30305 ], [ 14.297711, 58.313059 ], [ 14.316256, 58.319535 ], [ 14.332152, 58.335725 ], [ 14.380428, 58.409316 ], [ 14.398089, 58.428155 ], [ 14.414574, 58.436397 ], [ 14.438712, 58.44199 ], [ 14.441067, 58.45612 ], [ 14.441361, 58.473781 ], [ 14.459317, 58.491149 ], [ 14.464027, 58.491443 ], [ 14.478745, 58.489383 ], [ 14.486693, 58.491149 ], [ 14.491992, 58.49527 ], [ 14.49523, 58.500569 ], [ 14.500234, 58.510871 ], [ 14.511714, 58.527944 ], [ 14.516424, 58.540602 ], [ 14.510536, 58.546489 ], [ 14.510536, 58.556203 ], [ 14.521134, 58.613899 ], [ 14.553808, 58.642452 ], [ 14.74956, 58.730761 ], [ 14.767811, 58.744302 ], [ 14.776642, 58.749306 ], [ 14.785767, 58.751956 ], [ 14.792243, 58.75696 ], [ 14.797836, 58.77992 ], [ 14.804901, 58.785513 ], [ 14.822562, 58.792283 ], [ 14.852293, 58.81024 ], [ 14.859947, 58.816421 ], [ 14.867011, 58.819071 ], [ 14.887028, 58.81701 ], [ 14.897625, 58.819954 ], [ 14.907928, 58.835849 ], [ 14.907928, 58.871467 ], [ 14.918525, 58.881476 ], [ 14.929122, 58.863814 ], [ 14.976809, 58.850568 ], [ 14.993588, 58.8332 ], [ 14.978281, 58.836438 ], [ 14.972688, 58.83997 ], [ 14.966212, 58.84733 ], [ 14.949433, 58.835849 ], [ 14.931772, 58.82643 ], [ 14.922058, 58.814066 ] ] ] } },
{ "type": "Feature", "properties": { "name": "Bodensee" }, "geometry": { "type": "Polygon", "coordinates": [ [ [ 9.718583, 47.546691 ], [ 9.732124, 47.538448 ], [ 9.744487, 47.519904 ], [ 9.702393, 47.52167 ], [ 9.689735, 47.519904 ], [ 9.687086, 47.516371 ], [ 9.681493, 47.503125 ], [ 9.676194, 47.499298 ], [ 9.669718, 47.498415 ], [ 9.648819, 47.499298 ], [ 9.642931, 47.501653 ], [ 9.641165, 47.510484 ], [ 9.634689, 47.51225 ], [ 9.627036, 47.510484 ], [ 9.614967, 47.501947 ], [ 9.607902, 47.499298 ], [ 9.592889, 47.499298 ], [ 9.57876, 47.501653 ], [ 9.565514, 47.506363 ], [ 9.552856, 47.51225 ], [ 9.517827, 47.492822 ], [ 9.494572, 47.488112 ], [ 9.402141, 47.543453 ], [ 9.39802, 47.544041 ], [ 9.382419, 47.569651 ], [ 9.380653, 47.574361 ], [ 9.371233, 47.581131 ], [ 9.206684, 47.647363 ], [ 9.18284, 47.670618 ], [ 9.206389, 47.672384 ], [ 9.205506, 47.681509 ], [ 9.18284, 47.704175 ], [ 9.174892, 47.718894 ], [ 9.169005, 47.733318 ], [ 9.161646, 47.746858 ], [ 9.148694, 47.759516 ], [ 9.131032, 47.767758 ], [ 9.090999, 47.779238 ], [ 9.073042, 47.787481 ], [ 9.040074, 47.81103 ], [ 9.032126, 47.820744 ], [ 9.071865, 47.816623 ], [ 9.17607, 47.765698 ], [ 9.203446, 47.76246 ], [ 9.210805, 47.759516 ], [ 9.215809, 47.750979 ], [ 9.222285, 47.729196 ], [ 9.2267, 47.724781 ], [ 9.322369, 47.681804 ], [ 9.341208, 47.677977 ], [ 9.38448, 47.677388 ], [ 9.403025, 47.675033 ], [ 9.456599, 47.656489 ], [ 9.488096, 47.653839 ], [ 9.498104, 47.650012 ], [ 9.507229, 47.642065 ], [ 9.511351, 47.632939 ], [ 9.514883, 47.623225 ], [ 9.521653, 47.612628 ], [ 9.537549, 47.599087 ], [ 9.552856, 47.593495 ], [ 9.594361, 47.588196 ], [ 9.634689, 47.574361 ], [ 9.676194, 47.55405 ], [ 9.718583, 47.546691 ] ] ] } },
{ "type": "Feature", "properties": { "name": "Lake Kyoga" }, "geometry": { "type": "Polygon", "coordinates": [ [ [ 33.487897, 1.658856 ], [ 33.496434, 1.654735 ], [ 33.489075, 1.654735 ], [ 33.494373, 1.645021 ], [ 33.495845, 1.640605 ], [ 33.496434, 1.63354 ], [ 33.489075, 1.63354 ], [ 33.45434, 1.643843 ], [ 33.403121, 1.649436 ], [ 33.351901, 1.641783 ], [ 33.317755, 1.613229 ], [ 33.287435, 1.623238 ], [ 33.26006, 1.611757 ], [ 33.214727, 1.572018 ], [ 33.197949, 1.573784 ], [ 33.175283, 1.564659 ], [ 33.15556, 1.549941 ], [ 33.141136, 1.523154 ], [ 33.127007, 1.518738 ], [ 33.109934, 1.5155 ], [ 33.095216, 1.506964 ], [ 33.092861, 1.492246 ], [ 33.108168, 1.480765 ], [ 33.129951, 1.472818 ], [ 33.147024, 1.468991 ], [ 33.169984, 1.468402 ], [ 33.185291, 1.473406 ], [ 33.200009, 1.481648 ], [ 33.221498, 1.490185 ], [ 33.214727, 1.476644 ], [ 33.257705, 1.486358 ], [ 33.27625, 1.48577 ], [ 33.277133, 1.468991 ], [ 33.26212, 1.47635 ], [ 33.249757, 1.470463 ], [ 33.244164, 1.457216 ], [ 33.249462, 1.441909 ], [ 33.220615, 1.441615 ], [ 33.199715, 1.43926 ], [ 33.179404, 1.431018 ], [ 33.153205, 1.41365 ], [ 33.166157, 1.400404 ], [ 33.181464, 1.398932 ], [ 33.200009, 1.40011 ], [ 33.221498, 1.394517 ], [ 33.221498, 1.387158 ], [ 33.215022, 1.389218 ], [ 33.201187, 1.392162 ], [ 33.194711, 1.394517 ], [ 33.202953, 1.38127 ], [ 33.222381, 1.378032 ], [ 33.243281, 1.383036 ], [ 33.256233, 1.394517 ], [ 33.27831, 1.383036 ], [ 33.286552, 1.391867 ], [ 33.290379, 1.421304 ], [ 33.299504, 1.424542 ], [ 33.316577, 1.426014 ], [ 33.332473, 1.423659 ], [ 33.338066, 1.41365 ], [ 33.329235, 1.403642 ], [ 33.315694, 1.405408 ], [ 33.306569, 1.403053 ], [ 33.31069, 1.380387 ], [ 33.314517, 1.375383 ], [ 33.318932, 1.376266 ], [ 33.323642, 1.378032 ], [ 33.328352, 1.377149 ], [ 33.333062, 1.371851 ], [ 33.331296, 1.368907 ], [ 33.32688, 1.366846 ], [ 33.324525, 1.363608 ], [ 33.327175, 1.354483 ], [ 33.334239, 1.345358 ], [ 33.343365, 1.33741 ], [ 33.351901, 1.331817 ], [ 33.341893, 1.322692 ], [ 33.335711, 1.311212 ], [ 33.329235, 1.304736 ], [ 33.317755, 1.311506 ], [ 33.284492, 1.29826 ], [ 33.26889, 1.289429 ], [ 33.262414, 1.280892 ], [ 33.265358, 1.264702 ], [ 33.270657, 1.248512 ], [ 33.273895, 1.232322 ], [ 33.269774, 1.215838 ], [ 33.262414, 1.223785 ], [ 33.256822, 1.227318 ], [ 33.25064, 1.227023 ], [ 33.241809, 1.222608 ], [ 33.240632, 1.241742 ], [ 33.233567, 1.265585 ], [ 33.223853, 1.28884 ], [ 33.214727, 1.305324 ], [ 33.211195, 1.303558 ], [ 33.207957, 1.302675 ], [ 33.204719, 1.300909 ], [ 33.200892, 1.297671 ], [ 33.186469, 1.311506 ], [ 33.174694, 1.307974 ], [ 33.153205, 1.284719 ], [ 33.152617, 1.287074 ], [ 33.144669, 1.286485 ], [ 33.133189, 1.284719 ], [ 33.131717, 1.283541 ], [ 33.127301, 1.280598 ], [ 33.120531, 1.277654 ], [ 33.112877, 1.27736 ], [ 33.129951, 1.319159 ], [ 33.129951, 1.325635 ], [ 33.122592, 1.330345 ], [ 33.102575, 1.34889 ], [ 33.098748, 1.350068 ], [ 33.094627, 1.347713 ], [ 33.075493, 1.36302 ], [ 33.06784, 1.367435 ], [ 33.061069, 1.36508 ], [ 33.054593, 1.360959 ], [ 33.047529, 1.358899 ], [ 33.04017, 1.363608 ], [ 33.034282, 1.370379 ], [ 33.028395, 1.375677 ], [ 33.021625, 1.37921 ], [ 33.012794, 1.380387 ], [ 32.978353, 1.394811 ], [ 32.940969, 1.422776 ], [ 32.899463, 1.441321 ], [ 32.851482, 1.428074 ], [ 32.857075, 1.426014 ], [ 32.861196, 1.423659 ], [ 32.865906, 1.421893 ], [ 32.872676, 1.421304 ], [ 32.866789, 1.407469 ], [ 32.859136, 1.394517 ], [ 32.851482, 1.394517 ], [ 32.849716, 1.402759 ], [ 32.84795, 1.405997 ], [ 32.844417, 1.408057 ], [ 32.837647, 1.41365 ], [ 32.843829, 1.384214 ], [ 32.879741, 1.340059 ], [ 32.892987, 1.311506 ], [ 32.885628, 1.311506 ], [ 32.882096, 1.317099 ], [ 32.878269, 1.320631 ], [ 32.872971, 1.322986 ], [ 32.865317, 1.325635 ], [ 32.869144, 1.310623 ], [ 32.872676, 1.304441 ], [ 32.879447, 1.297671 ], [ 32.858547, 1.308857 ], [ 32.846772, 1.336821 ], [ 32.831171, 1.401287 ], [ 32.811154, 1.398932 ], [ 32.78319, 1.421009 ], [ 32.762879, 1.41365 ], [ 32.741979, 1.4163 ], [ 32.724317, 1.399226 ], [ 32.719901, 1.377738 ], [ 32.738152, 1.367435 ], [ 32.748749, 1.363903 ], [ 32.756697, 1.349479 ], [ 32.766411, 1.346241 ], [ 32.772593, 1.341825 ], [ 32.776125, 1.330934 ], [ 32.777302, 1.317688 ], [ 32.776419, 1.305324 ], [ 32.766705, 1.315038 ], [ 32.745511, 1.34683 ], [ 32.738152, 1.3536 ], [ 32.72049, 1.356838 ], [ 32.690171, 1.370968 ], [ 32.677219, 1.374206 ], [ 32.666621, 1.375089 ], [ 32.645427, 1.380387 ], [ 32.619523, 1.380387 ], [ 32.600684, 1.386863 ], [ 32.5842, 1.396872 ], [ 32.571542, 1.408646 ], [ 32.564183, 1.421304 ], [ 32.557412, 1.425425 ], [ 32.550642, 1.431018 ], [ 32.545638, 1.437788 ], [ 32.5424, 1.448385 ], [ 32.539751, 1.449268 ], [ 32.537396, 1.45074 ], [ 32.536807, 1.456039 ], [ 32.539162, 1.46016 ], [ 32.548581, 1.467519 ], [ 32.557707, 1.49931 ], [ 32.556824, 1.514028 ], [ 32.543577, 1.523743 ], [ 32.560945, 1.531102 ], [ 32.571542, 1.520799 ], [ 32.582433, 1.505198 ], [ 32.601861, 1.496955 ], [ 32.6625, 1.489302 ], [ 32.680751, 1.490185 ], [ 32.69488, 1.498722 ], [ 32.739624, 1.538166 ], [ 32.75758, 1.571429 ], [ 32.776714, 1.583204 ], [ 32.797319, 1.592035 ], [ 32.810566, 1.599983 ], [ 32.817336, 1.599983 ], [ 32.818219, 1.590269 ], [ 32.81763, 1.581438 ], [ 32.814981, 1.572901 ], [ 32.810566, 1.565248 ], [ 32.805856, 1.569958 ], [ 32.799674, 1.574667 ], [ 32.79673, 1.578789 ], [ 32.788783, 1.565248 ], [ 32.789077, 1.552885 ], [ 32.796436, 1.543171 ], [ 32.810566, 1.537872 ], [ 32.82028, 1.541699 ], [ 32.831465, 1.55053 ], [ 32.842062, 1.556417 ], [ 32.851482, 1.551707 ], [ 32.87091, 1.558772 ], [ 32.885923, 1.555534 ], [ 32.899169, 1.555828 ], [ 32.913593, 1.572018 ], [ 32.93567, 1.553473 ], [ 32.958925, 1.559066 ], [ 32.979825, 1.567897 ], [ 32.995426, 1.558477 ], [ 32.990716, 1.554356 ], [ 32.988067, 1.549941 ], [ 32.982474, 1.537872 ], [ 33.008378, 1.542287 ], [ 33.033399, 1.560244 ], [ 33.071078, 1.599983 ], [ 33.076376, 1.60381 ], [ 33.083441, 1.607636 ], [ 33.089328, 1.611757 ], [ 33.091683, 1.616762 ], [ 33.090211, 1.626476 ], [ 33.088151, 1.631774 ], [ 33.087562, 1.635601 ], [ 33.091683, 1.640899 ], [ 33.107579, 1.64973 ], [ 33.11641, 1.645609 ], [ 33.11641, 1.635895 ], [ 33.105224, 1.627359 ], [ 33.105224, 1.620588 ], [ 33.114055, 1.61529 ], [ 33.119354, 1.609402 ], [ 33.124946, 1.605576 ], [ 33.133189, 1.606164 ], [ 33.137015, 1.609402 ], [ 33.148496, 1.623532 ], [ 33.155855, 1.630302 ], [ 33.160564, 1.627359 ], [ 33.153205, 1.620588 ], [ 33.170573, 1.627064 ], [ 33.174694, 1.636778 ], [ 33.175871, 1.649436 ], [ 33.184114, 1.665037 ], [ 33.192061, 1.671513 ], [ 33.197654, 1.671808 ], [ 33.201775, 1.669747 ], [ 33.207663, 1.668275 ], [ 33.207074, 1.663565 ], [ 33.214433, 1.655618 ], [ 33.223853, 1.652968 ], [ 33.228268, 1.665037 ], [ 33.230623, 1.666803 ], [ 33.240632, 1.685054 ], [ 33.241809, 1.688881 ], [ 33.251523, 1.692119 ], [ 33.257116, 1.68947 ], [ 33.259176, 1.684465 ], [ 33.259176, 1.68211 ], [ 33.250934, 1.674457 ], [ 33.250346, 1.657678 ], [ 33.257705, 1.641194 ], [ 33.2736, 1.63354 ], [ 33.285375, 1.639133 ], [ 33.310985, 1.665332 ], [ 33.324525, 1.674457 ], [ 33.376922, 1.68211 ], [ 33.392818, 1.688881 ], [ 33.420488, 1.748048 ], [ 33.437855, 1.773952 ], [ 33.454929, 1.763944 ], [ 33.439916, 1.755113 ], [ 33.434323, 1.732447 ], [ 33.436089, 1.67063 ], [ 33.442271, 1.674457 ], [ 33.455223, 1.68476 ], [ 33.475828, 1.688881 ], [ 33.472296, 1.680639 ], [ 33.470824, 1.672396 ], [ 33.469058, 1.654735 ], [ 33.475828, 1.654735 ], [ 33.480833, 1.65915 ], [ 33.483776, 1.660327 ], [ 33.487897, 1.658856 ] ], [ [ 32.865317, 1.441909 ], [ 32.865317, 1.44868 ], [ 32.751398, 1.446913 ], [ 32.741684, 1.44868 ], [ 32.736975, 1.451918 ], [ 32.733148, 1.457511 ], [ 32.726966, 1.461632 ], [ 32.714897, 1.46222 ], [ 32.732559, 1.441615 ], [ 32.751104, 1.431312 ], [ 32.77377, 1.429546 ], [ 32.803795, 1.435433 ], [ 32.824106, 1.425131 ], [ 32.834998, 1.42778 ], [ 32.845595, 1.436022 ], [ 32.865317, 1.441909 ] ] ] } },
{ "type": "Feature", "properties": { "name": "Lake Rukwa" }, "geometry": { "type": "MultiPolygon", "coordinates": [ [ [ [ 31.921586, -7.567105 ], [ 31.916582, -7.56681 ], [ 31.919525, -7.56681 ], [ 31.922175, -7.56681 ], [ 31.921586, -7.567105 ] ] ], [ [ [ 32.472047, -8.000114 ], [ 32.53298, -8.049568 ], [ 32.538867, -8.122276 ], [ 32.473224, -8.084891 ], [ 32.394335, -8.061342 ], [ 32.3596, -8.034555 ], [ 32.324865, -8.007768 ], [ 32.294251, -7.997465 ], [ 32.260988, -7.994522 ], [ 32.19034, -7.956254 ], [ 32.113511, -7.934766 ], [ 32.037271, -7.961553 ], [ 31.966624, -8.002764 ], [ 31.913049, -7.965968 ], [ 31.873016, -7.898853 ], [ 31.859769, -7.86559 ], [ 31.84564, -7.832621 ], [ 31.838281, -7.82379 ], [ 31.830627, -7.814665 ], [ 31.832982, -7.805834 ], [ 31.83887, -7.799947 ], [ 31.825623, -7.785523 ], [ 31.811199, -7.772277 ], [ 31.778525, -7.703395 ], [ 31.796481, -7.636869 ], [ 31.830039, -7.614497 ], [ 31.866834, -7.600074 ], [ 31.893916, -7.583884 ], [ 31.921586, -7.567105 ], [ 31.95897, -7.56946 ], [ 31.995471, -7.596541 ], [ 32.034916, -7.622445 ], [ 32.0723, -7.649821 ], [ 32.12558, -7.720174 ], [ 32.190635, -7.777575 ], [ 32.271585, -7.828206 ], [ 32.340172, -7.894143 ], [ 32.371374, -7.931528 ], [ 32.402577, -7.969501 ], [ 32.434957, -7.988046 ], [ 32.472047, -8.000114 ] ] ] ] } },
{ "type": "Feature", "properties": { "name": "Hjälmaren" }, "geometry": { "type": "Polygon", "coordinates": [ [ [ 16.367974, 59.294174 ], [ 16.403592, 59.304183 ], [ 16.426258, 59.319784 ], [ 16.412423, 59.296235 ], [ 16.377099, 59.281222 ], [ 16.128362, 59.244721 ], [ 16.055359, 59.221761 ], [ 16.020919, 59.216757 ], [ 15.95557, 59.216168 ], [ 15.942324, 59.213224 ], [ 15.928194, 59.204393 ], [ 15.90906, 59.1988 ], [ 15.888455, 59.196151 ], [ 15.870793, 59.19674 ], [ 15.880801, 59.186437 ], [ 15.909944, 59.179667 ], [ 15.91171, 59.168775 ], [ 15.901996, 59.162299 ], [ 15.866672, 59.156706 ], [ 15.825755, 59.142282 ], [ 15.700062, 59.142282 ], [ 15.667976, 59.146992 ], [ 15.610575, 59.170247 ], [ 15.579373, 59.17584 ], [ 15.574957, 59.179667 ], [ 15.586143, 59.188498 ], [ 15.617934, 59.204688 ], [ 15.646782, 59.207337 ], [ 15.658557, 59.209986 ], [ 15.637362, 59.229709 ], [ 15.558767, 59.23118 ], [ 15.534924, 59.25208 ], [ 15.544638, 59.252375 ], [ 15.569659, 59.258262 ], [ 15.545226, 59.267976 ], [ 15.452207, 59.253846 ], [ 15.411291, 59.25208 ], [ 15.341526, 59.269153 ], [ 15.266169, 59.270625 ], [ 15.239088, 59.274452 ], [ 15.227019, 59.285638 ], [ 15.256455, 59.299473 ], [ 15.431896, 59.278867 ], [ 15.446026, 59.282988 ], [ 15.491358, 59.301828 ], [ 15.518734, 59.318018 ], [ 15.537867, 59.322728 ], [ 15.57584, 59.326554 ], [ 15.607043, 59.311836 ], [ 15.645899, 59.306243 ], [ 15.723317, 59.306832 ], [ 15.751576, 59.299178 ], [ 15.783956, 59.268565 ], [ 15.816041, 59.265032 ], [ 15.815453, 59.281222 ], [ 15.82605, 59.288581 ], [ 15.833703, 59.29594 ], [ 15.823106, 59.306832 ], [ 15.838413, 59.323611 ], [ 15.850188, 59.31684 ], [ 15.856075, 59.301533 ], [ 15.854014, 59.292997 ], [ 16.022391, 59.289759 ], [ 16.056831, 59.271803 ], [ 16.082735, 59.26621 ], [ 16.108639, 59.266798 ], [ 16.146318, 59.281811 ], [ 16.226974, 59.285638 ], [ 16.26583, 59.301533 ], [ 16.289379, 59.307421 ], [ 16.306158, 59.303005 ], [ 16.331473, 59.292702 ], [ 16.367974, 59.294174 ] ] ] } },
{ "type": "Feature", "properties": { "name": "Lake Manyara" }, "geometry": { "type": "Polygon", "coordinates": [ [ [ 35.7389, -3.761271 ], [ 35.74361, -3.705931 ], [ 35.747142, -3.652651 ], [ 35.737134, -3.624392 ], [ 35.7389, -3.594367 ], [ 35.752735, -3.580531 ], [ 35.76657, -3.566696 ], [ 35.767159, -3.550212 ], [ 35.76657, -3.533433 ], [ 35.784526, -3.473677 ], [ 35.811313, -3.427756 ], [ 35.838984, -3.421575 ], [ 35.862238, -3.404207 ], [ 35.87784, -3.412155 ], [ 35.883433, -3.438942 ], [ 35.894913, -3.458959 ], [ 35.89403, -3.480448 ], [ 35.887848, -3.512239 ], [ 35.881666, -3.54197 ], [ 35.859, -3.600548 ], [ 35.869303, -3.660893 ], [ 35.865182, -3.680027 ], [ 35.855762, -3.700043 ], [ 35.847226, -3.6971 ], [ 35.838984, -3.69445 ], [ 35.83604, -3.702693 ], [ 35.833391, -3.711229 ], [ 35.825737, -3.720354 ], [ 35.819556, -3.730363 ], [ 35.78276, -3.764215 ], [ 35.7389, -3.761271 ] ] ] } },
{ "type": "Feature", "properties": { "name": "Lake Balaton" }, "geometry": { "type": "Polygon", "coordinates": [ [ [ 17.86982, 46.863766 ], [ 17.845682, 46.848165 ], [ 17.563092, 46.764565 ], [ 17.546608, 46.75544 ], [ 17.531596, 46.743371 ], [ 17.490385, 46.722471 ], [ 17.474489, 46.717173 ], [ 17.431217, 46.713935 ], [ 17.353211, 46.724237 ], [ 17.309939, 46.724826 ], [ 17.275204, 46.716584 ], [ 17.258426, 46.718056 ], [ 17.247828, 46.731596 ], [ 17.262841, 46.767803 ], [ 17.303169, 46.768392 ], [ 17.345263, 46.758089 ], [ 17.364691, 46.76221 ], [ 17.370873, 46.775457 ], [ 17.38618, 46.787526 ], [ 17.405019, 46.796945 ], [ 17.422975, 46.800478 ], [ 17.460654, 46.798417 ], [ 17.478904, 46.794296 ], [ 17.495683, 46.786348 ], [ 17.546902, 46.812841 ], [ 17.575456, 46.823144 ], [ 17.627853, 46.828442 ], [ 17.639627, 46.833152 ], [ 17.659055, 46.854346 ], [ 17.671713, 46.865532 ], [ 17.682604, 46.869948 ], [ 17.695556, 46.871419 ], [ 17.82125, 46.906154 ], [ 17.837734, 46.919989 ], [ 17.84421, 46.91734 ], [ 17.878062, 46.897029 ], [ 17.89278, 46.895557 ], [ 17.901906, 46.907037 ], [ 17.89543, 46.920284 ], [ 17.880711, 46.93147 ], [ 17.86511, 46.937063 ], [ 17.86511, 46.943833 ], [ 17.964311, 46.982395 ], [ 17.995513, 46.999173 ], [ 18.009054, 47.010065 ], [ 18.022889, 47.024489 ], [ 18.033486, 47.040679 ], [ 18.037313, 47.056869 ], [ 18.046733, 47.060401 ], [ 18.068221, 47.057752 ], [ 18.112082, 47.04686 ], [ 18.130038, 47.039501 ], [ 18.152115, 47.027432 ], [ 18.168599, 47.013597 ], [ 18.169483, 47.002117 ], [ 18.155059, 46.985338 ], [ 18.135925, 46.955902 ], [ 18.118852, 46.943833 ], [ 18.07823, 46.927349 ], [ 17.938995, 46.894085 ], [ 17.932225, 46.893497 ], [ 17.919567, 46.895557 ], [ 17.914269, 46.891142 ], [ 17.899551, 46.87554 ], [ 17.86982, 46.863766 ] ] ] } },
{ "type": "Feature", "properties": { "name": "Lac Tumba" }, "geometry": { "type": "Polygon", "coordinates": [ [ [ 18.077347, -0.941557 ], [ 18.060568, -0.951565 ], [ 18.033486, -0.976881 ], [ 18.016413, -0.972465 ], [ 18.012292, -0.960396 ], [ 18.016119, -0.944795 ], [ 18.022595, -0.929194 ], [ 18.011409, -0.927722 ], [ 18.010526, -0.923012 ], [ 18.012292, -0.916536 ], [ 18.009054, -0.908588 ], [ 18.008171, -0.904762 ], [ 18.009054, -0.900052 ], [ 18.009348, -0.896225 ], [ 18.005816, -0.894459 ], [ 17.991981, -0.895342 ], [ 17.988449, -0.894459 ], [ 17.981678, -0.891515 ], [ 17.96696, -0.889749 ], [ 17.961073, -0.887688 ], [ 17.956363, -0.881801 ], [ 17.95077, -0.866494 ], [ 17.947532, -0.860313 ], [ 17.918979, -0.831759 ], [ 17.912797, -0.819396 ], [ 17.90897, -0.797907 ], [ 17.914269, -0.791726 ], [ 17.947532, -0.79879 ], [ 17.940762, -0.775241 ], [ 17.940173, -0.72255 ], [ 17.926338, -0.702533 ], [ 17.923983, -0.709009 ], [ 17.920451, -0.713425 ], [ 17.916624, -0.717546 ], [ 17.912797, -0.723139 ], [ 17.88807, -0.716074 ], [ 17.835379, -0.724022 ], [ 17.80977, -0.716369 ], [ 17.817129, -0.709598 ], [ 17.806826, -0.695174 ], [ 17.799173, -0.678984 ], [ 17.798584, -0.662794 ], [ 17.80977, -0.648076 ], [ 17.831847, -0.676629 ], [ 17.872764, -0.674863 ], [ 17.954891, -0.641306 ], [ 17.97167, -0.636596 ], [ 17.999634, -0.632769 ], [ 18.025833, -0.633947 ], [ 18.037313, -0.644838 ], [ 18.042023, -0.656907 ], [ 18.052914, -0.660439 ], [ 18.066161, -0.660145 ], [ 18.077347, -0.661617 ], [ 18.08971, -0.668387 ], [ 18.118852, -0.695763 ], [ 18.118852, -0.716369 ], [ 18.108844, -0.722256 ], [ 18.112082, -0.727849 ], [ 18.120324, -0.735502 ], [ 18.125034, -0.746982 ], [ 18.121501, -0.754341 ], [ 18.112082, -0.756402 ], [ 18.10119, -0.754636 ], [ 18.091476, -0.750515 ], [ 18.095008, -0.788488 ], [ 18.098541, -0.79879 ], [ 18.1059, -0.805561 ], [ 18.127094, -0.817924 ], [ 18.131804, -0.826166 ], [ 18.129743, -0.840296 ], [ 18.12209, -0.843828 ], [ 18.11267, -0.843828 ], [ 18.105311, -0.846772 ], [ 18.103251, -0.852365 ], [ 18.098541, -0.884156 ], [ 18.102662, -0.890632 ], [ 18.111787, -0.897697 ], [ 18.120912, -0.906528 ], [ 18.125034, -0.918597 ], [ 18.124739, -0.932432 ], [ 18.125034, -0.935375 ], [ 18.127977, -0.940674 ], [ 18.136808, -0.946856 ], [ 18.138574, -0.952743 ], [ 18.143579, -0.961279 ], [ 18.162712, -0.980119 ], [ 18.162712, -0.983945 ], [ 18.156531, -0.986595 ], [ 18.142401, -0.999547 ], [ 18.131804, -1.003668 ], [ 18.124739, -0.990127 ], [ 18.114436, -0.987184 ], [ 18.091476, -0.990716 ], [ 18.084411, -0.992776 ], [ 18.077935, -0.996898 ], [ 18.072931, -0.997192 ], [ 18.071165, -0.987184 ], [ 18.073226, -0.976881 ], [ 18.082645, -0.960691 ], [ 18.084706, -0.952743 ], [ 18.077347, -0.941557 ] ] ] } },
{ "type": "Feature", "properties": { "name": "Ozero Kulundinskoye" }, "geometry": { "type": "Polygon", "coordinates": [ [ [ 79.788137, 53.0095 ], [ 79.798439, 53.005673 ], [ 79.820222, 53.001258 ], [ 79.808742, 52.97241 ], [ 79.780777, 52.971527 ], [ 79.745454, 52.97506 ], [ 79.710424, 52.960047 ], [ 79.720138, 52.944151 ], [ 79.716606, 52.92384 ], [ 79.703654, 52.888811 ], [ 79.712485, 52.860846 ], [ 79.730147, 52.85437 ], [ 79.743393, 52.864379 ], [ 79.738389, 52.884984 ], [ 79.763116, 52.878508 ], [ 79.764587, 52.85702 ], [ 79.752224, 52.834354 ], [ 79.734562, 52.823462 ], [ 79.594445, 52.830527 ], [ 79.545875, 52.842596 ], [ 79.489063, 52.864379 ], [ 79.436666, 52.894109 ], [ 79.401342, 52.930611 ], [ 79.389273, 52.947978 ], [ 79.379854, 52.967406 ], [ 79.377204, 52.987128 ], [ 79.389273, 53.014504 ], [ 79.395749, 53.05336 ], [ 79.400459, 53.060425 ], [ 79.487591, 53.123713 ], [ 79.542048, 53.131073 ], [ 79.662737, 53.104874 ], [ 79.651257, 53.125774 ], [ 79.627708, 53.133427 ], [ 79.573839, 53.138432 ], [ 79.5968, 53.146968 ], [ 79.618877, 53.145791 ], [ 79.665975, 53.138432 ], [ 79.686287, 53.129895 ], [ 79.713957, 53.092216 ], [ 79.734562, 53.08368 ], [ 79.761644, 53.081619 ], [ 79.77283, 53.074849 ], [ 79.774301, 53.062191 ], [ 79.772535, 53.042763 ], [ 79.769592, 53.032755 ], [ 79.766059, 53.028928 ], [ 79.767237, 53.025101 ], [ 79.778423, 53.015387 ], [ 79.788137, 53.0095 ] ] ] } },
{ "type": "Feature", "properties": { "name": "Siletitengiz Kli" }, "geometry": { "type": "Polygon", "coordinates": [ [ [ 73.426045, 53.07691 ], [ 73.432521, 53.068079 ], [ 73.412798, 53.056304 ], [ 73.376297, 53.055715 ], [ 73.34951, 53.075732 ], [ 73.327433, 53.102225 ], [ 73.297113, 53.128129 ], [ 73.292698, 53.135194 ], [ 73.292109, 53.143141 ], [ 73.296819, 53.151972 ], [ 73.169654, 53.22733 ], [ 73.113136, 53.247346 ], [ 73.090764, 53.26177 ], [ 73.082522, 53.27325 ], [ 73.066332, 53.307397 ], [ 73.059856, 53.336244 ], [ 73.05073, 53.339777 ], [ 73.039545, 53.336244 ], [ 73.029242, 53.330063 ], [ 72.984499, 53.292973 ], [ 72.978906, 53.283259 ], [ 72.976845, 53.271779 ], [ 72.974784, 53.242048 ], [ 72.964187, 53.251173 ], [ 72.952707, 53.258827 ], [ 72.941816, 53.259121 ], [ 72.933574, 53.248229 ], [ 72.922093, 53.254117 ], [ 72.914734, 53.263242 ], [ 72.911496, 53.275017 ], [ 72.912674, 53.289146 ], [ 72.931513, 53.286202 ], [ 72.95153, 53.299449 ], [ 72.988325, 53.337716 ], [ 72.993918, 53.334478 ], [ 73.008931, 53.330063 ], [ 73.005987, 53.337127 ], [ 73.001277, 53.343015 ], [ 72.995684, 53.347725 ], [ 72.988325, 53.351846 ], [ 72.978023, 53.346547 ], [ 72.963893, 53.343898 ], [ 72.95359, 53.346547 ], [ 72.95359, 53.358027 ], [ 72.963599, 53.362737 ], [ 72.979789, 53.362737 ], [ 72.994801, 53.364209 ], [ 73.001277, 53.3751 ], [ 73.014229, 53.388936 ], [ 73.044254, 53.396 ], [ 73.264439, 53.402182 ], [ 73.31713, 53.392762 ], [ 73.405439, 53.366858 ], [ 73.435759, 53.340954 ], [ 73.440174, 53.296505 ], [ 73.433993, 53.281198 ], [ 73.416625, 53.251173 ], [ 73.412798, 53.238515 ], [ 73.4075, 53.17405 ], [ 73.412798, 53.151972 ], [ 73.43046, 53.123419 ], [ 73.433404, 53.111056 ], [ 73.422512, 53.116943 ], [ 73.41221, 53.118121 ], [ 73.402201, 53.115766 ], [ 73.392487, 53.111056 ], [ 73.381301, 53.103697 ], [ 73.379535, 53.099576 ], [ 73.392487, 53.091039 ], [ 73.426045, 53.07691 ] ] ] } },
{ "type": "Feature", "properties": { "name": "Ubinskoye Lake" }, "geometry": { "type": "Polygon", "coordinates": [ [ [ 80.26118, 55.579593 ], [ 80.313577, 55.564581 ], [ 80.340952, 55.529846 ], [ 80.317698, 55.502176 ], [ 80.231155, 55.462142 ], [ 80.173754, 55.420048 ], [ 79.939145, 55.375305 ], [ 79.906177, 55.372655 ], [ 79.885865, 55.376776 ], [ 79.820222, 55.406802 ], [ 79.820222, 55.400031 ], [ 79.803149, 55.465086 ], [ 79.810214, 55.475683 ], [ 79.821105, 55.478038 ], [ 79.845538, 55.487457 ], [ 79.858195, 55.489518 ], [ 79.916479, 55.482748 ], [ 79.930609, 55.483042 ], [ 79.941206, 55.485102 ], [ 79.949742, 55.489224 ], [ 79.957985, 55.4957 ], [ 79.963283, 55.505414 ], [ 79.967993, 55.526313 ], [ 79.974763, 55.530435 ], [ 79.985949, 55.532495 ], [ 80.00891, 55.541915 ], [ 80.26118, 55.579593 ] ] ] } },
{ "type": "Feature", "properties": { "name": "Sea of Galilee" }, "geometry": { "type": "Polygon", "coordinates": [ [ [ 35.639699, 32.849973 ], [ 35.637344, 32.840553 ], [ 35.63705, 32.832311 ], [ 35.640877, 32.820831 ], [ 35.634989, 32.794044 ], [ 35.635578, 32.781975 ], [ 35.640877, 32.772261 ], [ 35.634989, 32.769612 ], [ 35.633812, 32.76549 ], [ 35.634401, 32.759897 ], [ 35.634106, 32.752244 ], [ 35.599371, 32.717803 ], [ 35.577, 32.720158 ], [ 35.56964, 32.737526 ], [ 35.566402, 32.756954 ], [ 35.555217, 32.766079 ], [ 35.549329, 32.769612 ], [ 35.537849, 32.793455 ], [ 35.52107, 32.814649 ], [ 35.517244, 32.820831 ], [ 35.52372, 32.852033 ], [ 35.554922, 32.880587 ], [ 35.591718, 32.897954 ], [ 35.613501, 32.895894 ], [ 35.63028, 32.882647 ], [ 35.637639, 32.874994 ], [ 35.640877, 32.864985 ], [ 35.639699, 32.849973 ] ] ] } },
{ "type": "Feature", "properties": { "name": "Ozero Tenis" }, "geometry": { "type": "Polygon", "coordinates": [ [ [ 71.974241, 56.21748 ], [ 72.008387, 56.208944 ], [ 72.019867, 56.186278 ], [ 72.019867, 56.172737 ], [ 72.009565, 56.160963 ], [ 71.99102, 56.143595 ], [ 71.976596, 56.122106 ], [ 71.966293, 56.098557 ], [ 71.951869, 56.079718 ], [ 71.926259, 56.07177 ], [ 71.883871, 56.088843 ], [ 71.840305, 56.120929 ], [ 71.802038, 56.136825 ], [ 71.774956, 56.106505 ], [ 71.774368, 56.096791 ], [ 71.777017, 56.073242 ], [ 71.774956, 56.064705 ], [ 71.762299, 56.057641 ], [ 71.730507, 56.059407 ], [ 71.693123, 56.045866 ], [ 71.679582, 56.060879 ], [ 71.665747, 56.106505 ], [ 71.665158, 56.111215 ], [ 71.66663, 56.122695 ], [ 71.665747, 56.126816 ], [ 71.661626, 56.128877 ], [ 71.64838, 56.131526 ], [ 71.644553, 56.132998 ], [ 71.625419, 56.149777 ], [ 71.615117, 56.160374 ], [ 71.610995, 56.171265 ], [ 71.619532, 56.192165 ], [ 71.640726, 56.200996 ], [ 71.795856, 56.20129 ], [ 71.822643, 56.19452 ], [ 71.832946, 56.188338 ], [ 71.840894, 56.181862 ], [ 71.851197, 56.176564 ], [ 71.867681, 56.174798 ], [ 71.880927, 56.177741 ], [ 71.879456, 56.183923 ], [ 71.869447, 56.190988 ], [ 71.85679, 56.19452 ], [ 71.880927, 56.210416 ], [ 71.925965, 56.218069 ], [ 71.974241, 56.21748 ] ] ] } },
{ "type": "Feature", "properties": { "name": "Ozero Chërnoye" }, "geometry": { "type": "Polygon", "coordinates": [ [ [ 67.663573, 55.822149 ], [ 67.678879, 55.810669 ], [ 67.698308, 55.790358 ], [ 67.666222, 55.790947 ], [ 67.612059, 55.798012 ], [ 67.580856, 55.790358 ], [ 67.590865, 55.785943 ], [ 67.622362, 55.776817 ], [ 67.591159, 55.761216 ], [ 67.582328, 55.750619 ], [ 67.58851, 55.736489 ], [ 67.568787, 55.729719 ], [ 67.531403, 55.742965 ], [ 67.516096, 55.739727 ], [ 67.494019, 55.71088 ], [ 67.480184, 55.697928 ], [ 67.468409, 55.697928 ], [ 67.451925, 55.70823 ], [ 67.434557, 55.712057 ], [ 67.396584, 55.715295 ], [ 67.376862, 55.719711 ], [ 67.282371, 55.751502 ], [ 67.270302, 55.766809 ], [ 67.279133, 55.786826 ], [ 67.30386, 55.81479 ], [ 67.36862, 55.838339 ], [ 67.340655, 55.854529 ], [ 67.333296, 55.865715 ], [ 67.355079, 55.873663 ], [ 67.390991, 55.875135 ], [ 67.409242, 55.872191 ], [ 67.416895, 55.862772 ], [ 67.417484, 55.850408 ], [ 67.420133, 55.838339 ], [ 67.425138, 55.82892 ], [ 67.45634, 55.81479 ], [ 67.478123, 55.794185 ], [ 67.5002, 55.779467 ], [ 67.523161, 55.786826 ], [ 67.528459, 55.789769 ], [ 67.538762, 55.790947 ], [ 67.543766, 55.79389 ], [ 67.54671, 55.800072 ], [ 67.549065, 55.812435 ], [ 67.554069, 55.818323 ], [ 67.569965, 55.825976 ], [ 67.584683, 55.827154 ], [ 67.599696, 55.825682 ], [ 67.645028, 55.82627 ], [ 67.663573, 55.822149 ] ] ] } },
{ "type": "Feature", "properties": { "name": "Võrtsjärv" }, "geometry": { "type": "Polygon", "coordinates": [ [ [ 26.122024, 58.388121 ], [ 26.149105, 58.364572 ], [ 26.153521, 58.338963 ], [ 26.142335, 58.274791 ], [ 26.141746, 58.243589 ], [ 26.138214, 58.230342 ], [ 26.129677, 58.216802 ], [ 26.115842, 58.206499 ], [ 26.09818, 58.196196 ], [ 26.082285, 58.184127 ], [ 26.074337, 58.168526 ], [ 26.077869, 58.149981 ], [ 26.087878, 58.137323 ], [ 26.093471, 58.125843 ], [ 26.08464, 58.109947 ], [ 26.071688, 58.102 ], [ 26.064917, 58.10877 ], [ 26.059619, 58.123194 ], [ 26.044017, 58.149098 ], [ 26.040779, 58.177357 ], [ 26.033126, 58.189426 ], [ 26.012815, 58.202378 ], [ 25.99633, 58.209737 ], [ 25.988383, 58.220628 ], [ 25.992209, 58.244766 ], [ 25.938929, 58.283622 ], [ 25.930098, 58.295397 ], [ 25.927155, 58.303345 ], [ 25.920384, 58.309526 ], [ 25.91332, 58.316885 ], [ 25.910376, 58.329837 ], [ 25.914203, 58.33808 ], [ 25.94099, 58.356919 ], [ 25.954531, 58.377819 ], [ 25.963362, 58.395775 ], [ 25.977197, 58.408727 ], [ 26.00575, 58.414909 ], [ 26.034892, 58.414614 ], [ 26.066683, 58.411082 ], [ 26.095531, 58.402545 ], [ 26.115842, 58.388121 ], [ 26.122024, 58.388121 ] ] ] } },
{ "type": "Feature", "properties": { "name": "Lake Sevan" }, "geometry": { "type": "Polygon", "coordinates": [ [ [ 45.038746, 40.496375 ], [ 45.018435, 40.496081 ], [ 44.993708, 40.49873 ], [ 44.971925, 40.506973 ], [ 44.960445, 40.51963 ], [ 44.966627, 40.536998 ], [ 44.982817, 40.545534 ], [ 45.001361, 40.550538 ], [ 45.012547, 40.558192 ], [ 45.004894, 40.574382 ], [ 44.995769, 40.580564 ], [ 44.98576, 40.584685 ], [ 44.977518, 40.590572 ], [ 44.973986, 40.602052 ], [ 44.974869, 40.615299 ], [ 44.978107, 40.623835 ], [ 44.986349, 40.627368 ], [ 45.001361, 40.625307 ], [ 45.077896, 40.602052 ], [ 45.090848, 40.602052 ], [ 45.099973, 40.590278 ], [ 45.22184, 40.533465 ], [ 45.247156, 40.510211 ], [ 45.276298, 40.489605 ], [ 45.288661, 40.483129 ], [ 45.293076, 40.481952 ], [ 45.296903, 40.479302 ], [ 45.295137, 40.466056 ], [ 45.296314, 40.461346 ], [ 45.303085, 40.457519 ], [ 45.310149, 40.455459 ], [ 45.330461, 40.453987 ], [ 45.335759, 40.452515 ], [ 45.346356, 40.447511 ], [ 45.350772, 40.447805 ], [ 45.354304, 40.450455 ], [ 45.358425, 40.455164 ], [ 45.359603, 40.459286 ], [ 45.354893, 40.461346 ], [ 45.350477, 40.467528 ], [ 45.351655, 40.479597 ], [ 45.357836, 40.488722 ], [ 45.368728, 40.48519 ], [ 45.377264, 40.479302 ], [ 45.406112, 40.468117 ], [ 45.43967, 40.441624 ], [ 45.490889, 40.385695 ], [ 45.529156, 40.365089 ], [ 45.570073, 40.353903 ], [ 45.583614, 40.345367 ], [ 45.649257, 40.275014 ], [ 45.661326, 40.252642 ], [ 45.66633, 40.224677 ], [ 45.66162, 40.201128 ], [ 45.648668, 40.182583 ], [ 45.630123, 40.170809 ], [ 45.608046, 40.166688 ], [ 45.563008, 40.171692 ], [ 45.556532, 40.169631 ], [ 45.508551, 40.146082 ], [ 45.491183, 40.154913 ], [ 45.468223, 40.16345 ], [ 45.444085, 40.166099 ], [ 45.42348, 40.156679 ], [ 45.404346, 40.14461 ], [ 45.380502, 40.139312 ], [ 45.330461, 40.139312 ], [ 45.286012, 40.147554 ], [ 45.25422, 40.167865 ], [ 45.23332, 40.199656 ], [ 45.220663, 40.241751 ], [ 45.228022, 40.323878 ], [ 45.22655, 40.371859 ], [ 45.207122, 40.399824 ], [ 45.198291, 40.399235 ], [ 45.176803, 40.388638 ], [ 45.165911, 40.386283 ], [ 45.157963, 40.388638 ], [ 45.140596, 40.397763 ], [ 45.128527, 40.399824 ], [ 45.124994, 40.404828 ], [ 45.124406, 40.416014 ], [ 45.124994, 40.437503 ], [ 45.121462, 40.449572 ], [ 45.112925, 40.452515 ], [ 45.10174, 40.451926 ], [ 45.090848, 40.453987 ], [ 45.081429, 40.459874 ], [ 45.056702, 40.481952 ], [ 45.038746, 40.496375 ] ] ] } },
{ "type": "Feature", "properties": { "name": "Lake Skadar" }, "geometry": { "type": "Polygon", "coordinates": [ [ [ 19.48058, 42.113023 ], [ 19.474987, 42.072107 ], [ 19.482347, 42.065336 ], [ 19.423768, 42.071812 ], [ 19.37196, 42.088002 ], [ 19.247738, 42.143931 ], [ 19.225367, 42.158355 ], [ 19.208294, 42.176606 ], [ 19.191809, 42.22341 ], [ 19.167671, 42.234007 ], [ 19.105855, 42.235773 ], [ 19.119396, 42.243427 ], [ 19.108799, 42.254907 ], [ 19.106738, 42.264915 ], [ 19.107915, 42.274629 ], [ 19.105855, 42.284343 ], [ 19.094669, 42.294057 ], [ 19.082306, 42.300533 ], [ 19.07789, 42.305832 ], [ 19.091431, 42.310836 ], [ 19.104089, 42.29759 ], [ 19.145888, 42.270802 ], [ 19.155014, 42.276984 ], [ 19.165905, 42.277573 ], [ 19.175325, 42.272863 ], [ 19.180918, 42.263738 ], [ 19.201523, 42.271391 ], [ 19.227427, 42.270508 ], [ 19.320741, 42.254318 ], [ 19.337225, 42.255201 ], [ 19.344879, 42.270802 ], [ 19.340169, 42.268448 ], [ 19.324862, 42.263738 ], [ 19.317503, 42.284343 ], [ 19.348117, 42.278456 ], [ 19.36519, 42.280222 ], [ 19.379614, 42.310247 ], [ 19.396687, 42.324377 ], [ 19.417292, 42.334974 ], [ 19.43466, 42.338801 ], [ 19.410522, 42.304654 ], [ 19.378436, 42.268153 ], [ 19.365778, 42.231063 ], [ 19.399336, 42.194856 ], [ 19.41111, 42.190147 ], [ 19.426417, 42.187203 ], [ 19.43466, 42.181316 ], [ 19.440547, 42.171896 ], [ 19.443196, 42.163065 ], [ 19.449083, 42.156589 ], [ 19.464979, 42.15394 ], [ 19.47852, 42.141282 ], [ 19.48058, 42.113023 ] ] ] } },
{ "type": "Feature", "properties": { "name": null }, "geometry": { "type": "Polygon", "coordinates": [ [ [ 9.065978, 47.723015 ], [ 9.103656, 47.700643 ], [ 9.1275, 47.670618 ], [ 9.015936, 47.679155 ], [ 8.997391, 47.67415 ], [ 8.981201, 47.662376 ], [ 8.9447, 47.654428 ], [ 8.905549, 47.652073 ], [ 8.881117, 47.656489 ], [ 8.914674, 47.656489 ], [ 8.93528, 47.668263 ], [ 8.986205, 47.686514 ], [ 9.00475, 47.704175 ], [ 8.957357, 47.728313 ], [ 8.946171, 47.73214 ], [ 8.942933, 47.733906 ], [ 8.943228, 47.738322 ], [ 8.946171, 47.743326 ], [ 8.949409, 47.74627 ], [ 8.95618, 47.747447 ], [ 8.961478, 47.744503 ], [ 8.966483, 47.740971 ], [ 8.971192, 47.73891 ], [ 8.981495, 47.738322 ], [ 8.989149, 47.737144 ], [ 9.00475, 47.73214 ], [ 9.00475, 47.73891 ], [ 8.983556, 47.74627 ], [ 8.983556, 47.752451 ], [ 9.065978, 47.723015 ] ] ] } },
{ "type": "Feature", "properties": { "name": null }, "geometry": { "type": "Polygon", "coordinates": [ [ [ 75.914893, 32.108764 ], [ 75.91872, 32.11053 ], [ 75.921369, 32.114357 ], [ 75.919014, 32.122894 ], [ 75.91872, 32.12672 ], [ 75.922252, 32.12937 ], [ 75.935499, 32.130841 ], [ 75.941681, 32.132313 ], [ 75.945507, 32.135257 ], [ 75.946096, 32.139672 ], [ 75.944624, 32.144382 ], [ 75.933144, 32.161455 ], [ 75.931083, 32.166165 ], [ 75.930495, 32.170875 ], [ 75.932555, 32.17529 ], [ 75.937265, 32.177645 ], [ 75.942564, 32.178823 ], [ 75.953749, 32.178234 ], [ 75.974355, 32.168226 ], [ 75.998198, 32.137023 ], [ 76.006146, 32.132902 ], [ 76.012034, 32.132608 ], [ 76.015272, 32.137023 ], [ 76.02528, 32.157923 ], [ 76.02999, 32.162044 ], [ 76.034994, 32.165282 ], [ 76.042353, 32.167048 ], [ 76.043825, 32.164104 ], [ 76.042942, 32.141144 ], [ 76.039409, 32.122599 ], [ 76.039115, 32.11524 ], [ 76.040587, 32.107881 ], [ 76.045591, 32.099933 ], [ 76.052067, 32.097284 ], [ 76.057954, 32.098167 ], [ 76.063547, 32.100522 ], [ 76.070612, 32.101111 ], [ 76.07385, 32.097578 ], [ 76.076499, 32.091985 ], [ 76.080326, 32.085804 ], [ 76.085625, 32.083449 ], [ 76.098577, 32.084921 ], [ 76.106524, 32.084626 ], [ 76.11094, 32.081094 ], [ 76.112412, 32.076678 ], [ 76.111234, 32.071085 ], [ 76.104758, 32.05519 ], [ 76.104758, 32.047536 ], [ 76.106524, 32.039588 ], [ 76.112117, 32.027814 ], [ 76.117122, 32.021632 ], [ 76.12242, 32.017511 ], [ 76.128307, 32.015451 ], [ 76.135078, 32.014568 ], [ 76.141554, 32.014862 ], [ 76.160982, 32.018689 ], [ 76.16893, 32.017511 ], [ 76.172756, 32.013684 ], [ 76.173345, 32.00868 ], [ 76.171579, 32.004559 ], [ 76.169813, 32.001615 ], [ 76.169224, 32.001027 ], [ 76.169224, 32.000732 ], [ 76.16893, 32.000438 ], [ 76.168635, 32.000144 ], [ 76.168341, 31.999849 ], [ 76.168341, 31.999555 ], [ 76.160982, 31.991018 ], [ 76.158333, 31.986014 ], [ 76.157449, 31.980127 ], [ 76.158627, 31.97424 ], [ 76.160982, 31.968058 ], [ 76.187475, 31.925081 ], [ 76.1966, 31.906242 ], [ 76.199544, 31.895644 ], [ 76.200427, 31.882692 ], [ 76.200132, 31.877983 ], [ 76.197777, 31.873567 ], [ 76.193656, 31.870329 ], [ 76.188358, 31.868857 ], [ 76.18247, 31.869446 ], [ 76.176583, 31.871507 ], [ 76.171579, 31.87445 ], [ 76.159804, 31.885342 ], [ 76.155389, 31.887402 ], [ 76.15009, 31.887108 ], [ 76.145381, 31.884459 ], [ 76.137727, 31.876511 ], [ 76.133606, 31.873567 ], [ 76.128602, 31.872095 ], [ 76.123598, 31.873273 ], [ 76.119182, 31.876216 ], [ 76.116533, 31.880632 ], [ 76.114472, 31.885636 ], [ 76.112117, 31.890346 ], [ 76.108585, 31.893878 ], [ 76.102109, 31.895056 ], [ 76.088568, 31.896233 ], [ 76.08327, 31.898588 ], [ 76.080032, 31.902415 ], [ 76.080326, 31.912718 ], [ 76.079149, 31.917722 ], [ 76.075911, 31.921548 ], [ 76.071201, 31.923903 ], [ 76.051184, 31.926553 ], [ 76.007912, 31.941271 ], [ 76.003791, 31.94392 ], [ 76.000553, 31.946864 ], [ 75.997904, 31.94863 ], [ 75.993194, 31.950985 ], [ 75.980242, 31.954223 ], [ 75.969351, 31.959521 ], [ 75.963463, 31.961288 ], [ 75.942269, 31.962171 ], [ 75.936676, 31.963348 ], [ 75.93491, 31.964526 ], [ 75.934616, 31.965409 ], [ 75.934616, 31.965997 ], [ 75.934321, 31.967469 ], [ 75.939914, 31.975711 ], [ 75.944035, 31.986897 ], [ 75.946979, 31.991901 ], [ 75.954044, 31.999555 ], [ 75.954044, 31.999849 ], [ 75.954044, 32.000438 ], [ 75.954338, 32.000438 ], [ 75.958165, 32.036939 ], [ 75.956693, 32.041649 ], [ 75.951983, 32.044593 ], [ 75.93962, 32.049008 ], [ 75.93491, 32.051952 ], [ 75.931378, 32.055778 ], [ 75.930495, 32.060488 ], [ 75.931378, 32.064904 ], [ 75.931967, 32.070497 ], [ 75.931672, 32.075501 ], [ 75.933144, 32.080799 ], [ 75.936676, 32.089042 ], [ 75.934616, 32.092868 ], [ 75.929317, 32.095518 ], [ 75.917543, 32.099933 ], [ 75.913716, 32.102877 ], [ 75.912244, 32.10582 ], [ 75.914893, 32.108764 ] ] ] } },
{ "type": "Feature", "properties": { "name": "Banggong Co" }, "geometry": { "type": "Polygon", "coordinates": [ [ [ 78.962445, 33.74013 ], [ 78.980401, 33.735715 ], [ 78.984817, 33.720996 ], [ 78.970393, 33.711577 ], [ 78.948316, 33.706573 ], [ 78.928888, 33.704512 ], [ 78.861773, 33.689499 ], [ 78.8238, 33.698919 ], [ 78.799956, 33.690088 ], [ 78.776407, 33.677136 ], [ 78.758157, 33.669777 ], [ 78.727543, 33.678019 ], [ 78.69163, 33.703629 ], [ 78.656307, 33.738364 ], [ 78.628048, 33.773393 ], [ 78.605382, 33.809011 ], [ 78.590958, 33.826967 ], [ 78.576534, 33.834915 ], [ 78.563582, 33.839919 ], [ 78.486458, 33.893199 ], [ 78.456728, 33.92087 ], [ 78.435533, 33.951483 ], [ 78.435533, 33.978859 ], [ 78.447897, 33.967674 ], [ 78.456728, 33.968851 ], [ 78.464675, 33.975033 ], [ 78.473506, 33.978859 ], [ 78.488225, 33.979154 ], [ 78.49735, 33.977682 ], [ 78.501765, 33.973561 ], [ 78.502648, 33.95531 ], [ 78.505003, 33.949129 ], [ 78.511185, 33.937943 ], [ 78.545331, 33.896437 ], [ 78.551807, 33.907918 ], [ 78.559461, 33.905857 ], [ 78.576534, 33.886429 ], [ 78.589191, 33.87907 ], [ 78.60126, 33.874949 ], [ 78.61068, 33.869945 ], [ 78.618334, 33.846101 ], [ 78.637467, 33.831972 ], [ 78.641588, 33.824318 ], [ 78.679561, 33.783107 ], [ 78.729014, 33.744545 ], [ 78.75904, 33.728944 ], [ 78.785532, 33.725117 ], [ 78.792597, 33.728944 ], [ 78.805255, 33.742485 ], [ 78.813497, 33.746017 ], [ 78.820856, 33.74484 ], [ 78.833514, 33.735715 ], [ 78.840284, 33.732477 ], [ 78.855885, 33.730416 ], [ 78.868249, 33.731888 ], [ 78.880023, 33.737186 ], [ 78.895625, 33.746017 ], [ 78.913286, 33.734243 ], [ 78.962445, 33.74013 ] ] ] } },
{ "type": "Feature", "properties": { "name": "Loch Ness" }, "geometry": { "type": "Polygon", "coordinates": [ [ [ -4.340101, 57.389933 ], [ -4.33804, 57.385223 ], [ -4.337451, 57.379924 ], [ -4.337746, 57.374037 ], [ -4.396619, 57.341657 ], [ -4.415605, 57.31958 ], [ -4.517602, 57.235392 ], [ -4.553662, 57.223911 ], [ -4.604587, 57.181523 ], [ -4.670819, 57.142667 ], [ -4.677, 57.148554 ], [ -4.679061, 57.156796 ], [ -4.660516, 57.16445 ], [ -4.495378, 57.27101 ], [ -4.461232, 57.305745 ], [ -4.450046, 57.322818 ], [ -4.442687, 57.329588 ], [ -4.430176, 57.332237 ], [ -4.410748, 57.340185 ], [ -4.343927, 57.394348 ], [ -4.340101, 57.389933 ] ] ] } },
{ "type": "Feature", "properties": { "name": null }, "geometry": { "type": "Polygon", "coordinates": [ [ [ 58.608638, 51.878848 ], [ 58.604517, 51.88444 ], [ 58.604222, 51.898276 ], [ 58.610404, 51.901808 ], [ 58.62836, 51.898276 ], [ 58.640135, 51.892094 ], [ 58.654558, 51.877376 ], [ 58.663389, 51.85942 ], [ 58.658974, 51.843524 ], [ 58.717258, 51.81762 ], [ 58.746989, 51.81291 ], [ 58.762001, 51.829983 ], [ 58.759352, 51.841758 ], [ 58.742573, 51.85677 ], [ 58.741101, 51.870311 ], [ 58.746989, 51.882674 ], [ 58.756703, 51.892094 ], [ 58.779074, 51.908578 ], [ 58.782312, 51.920059 ], [ 58.775836, 51.934188 ], [ 58.766711, 51.949201 ], [ 58.762001, 51.96333 ], [ 58.763473, 51.969512 ], [ 58.767889, 51.983052 ], [ 58.768772, 51.991 ], [ 58.766711, 51.997771 ], [ 58.762001, 52.003364 ], [ 58.757586, 52.007779 ], [ 58.755231, 52.011311 ], [ 58.752582, 52.038393 ], [ 58.755231, 52.047813 ], [ 58.77407, 52.069301 ], [ 58.781135, 52.082253 ], [ 58.782607, 52.096971 ], [ 58.775836, 52.11169 ], [ 58.804684, 52.17174 ], [ 58.824995, 52.200293 ], [ 58.844129, 52.193523 ], [ 58.840597, 52.170268 ], [ 58.828822, 52.153784 ], [ 58.814693, 52.138182 ], [ 58.803212, 52.117871 ], [ 58.802035, 52.108157 ], [ 58.80439, 52.086669 ], [ 58.803212, 52.076955 ], [ 58.797325, 52.066357 ], [ 58.772304, 52.038982 ], [ 58.77407, 52.026324 ], [ 58.803212, 51.987762 ], [ 58.810571, 51.970395 ], [ 58.809394, 51.961564 ], [ 58.80439, 51.94037 ], [ 58.803212, 51.929184 ], [ 58.80645, 51.917704 ], [ 58.814104, 51.912111 ], [ 58.822935, 51.907401 ], [ 58.829705, 51.898276 ], [ 58.795559, 51.892683 ], [ 58.782901, 51.870605 ], [ 58.787022, 51.841758 ], [ 58.812632, 51.799075 ], [ 58.816753, 51.795837 ], [ 58.825584, 51.798192 ], [ 58.838536, 51.812616 ], [ 58.847073, 51.816148 ], [ 58.867972, 51.814087 ], [ 58.89682, 51.804668 ], [ 59.036937, 51.794365 ], [ 59.056365, 51.799075 ], [ 59.077265, 51.783768 ], [ 59.124364, 51.792304 ], [ 59.20031, 51.816148 ], [ 59.19089, 51.806728 ], [ 59.185003, 51.797309 ], [ 59.186769, 51.788772 ], [ 59.20031, 51.782002 ], [ 59.20031, 51.775231 ], [ 59.18147, 51.776703 ], [ 59.159393, 51.782296 ], [ 59.138493, 51.784945 ], [ 59.121714, 51.778764 ], [ 59.104347, 51.769638 ], [ 59.083447, 51.769344 ], [ 59.042825, 51.775231 ], [ 59.025457, 51.773171 ], [ 58.993666, 51.763751 ], [ 58.957459, 51.760219 ], [ 58.950394, 51.755215 ], [ 58.945979, 51.746384 ], [ 58.933321, 51.733726 ], [ 58.926551, 51.754037 ], [ 58.920664, 51.762279 ], [ 58.912421, 51.768461 ], [ 58.897703, 51.771993 ], [ 58.887106, 51.769344 ], [ 58.876215, 51.76434 ], [ 58.861202, 51.761691 ], [ 58.807922, 51.762868 ], [ 58.782018, 51.759336 ], [ 58.755231, 51.747267 ], [ 58.743751, 51.732843 ], [ 58.764945, 51.728722 ], [ 58.795264, 51.726073 ], [ 58.810571, 51.716947 ], [ 58.798502, 51.701052 ], [ 58.770244, 51.698991 ], [ 58.714314, 51.70635 ], [ 58.636013, 51.69487 ], [ 58.625122, 51.703407 ], [ 58.633953, 51.718419 ], [ 58.654853, 51.734315 ], [ 58.69312, 51.754626 ], [ 58.718435, 51.760808 ], [ 58.73021, 51.766106 ], [ 58.73492, 51.775231 ], [ 58.728738, 51.784357 ], [ 58.715786, 51.790833 ], [ 58.676636, 51.798192 ], [ 58.668099, 51.804079 ], [ 58.655736, 51.819975 ], [ 58.648082, 51.826451 ], [ 58.630715, 51.837637 ], [ 58.625122, 51.843524 ], [ 58.621884, 51.85 ], [ 58.621884, 51.854415 ], [ 58.625122, 51.858831 ], [ 58.631892, 51.864129 ], [ 58.608638, 51.878848 ] ] ] } },
{ "type": "Feature", "properties": { "name": "Lake Débo" }, "geometry": { "type": "Polygon", "coordinates": [ [ [ -3.9954, 15.319412 ], [ -3.988924, 15.307637 ], [ -3.979505, 15.281144 ], [ -3.989955, 15.282027 ], [ -4.010413, 15.286737 ], [ -4.021304, 15.286149 ], [ -4.023806, 15.285265 ], [ -4.028369, 15.282322 ], [ -4.031166, 15.281144 ], [ -4.033815, 15.281733 ], [ -4.038672, 15.284088 ], [ -4.041174, 15.283794 ], [ -4.044118, 15.281144 ], [ -4.046325, 15.276435 ], [ -4.048827, 15.267898 ], [ -4.058394, 15.265543 ], [ -4.071052, 15.27143 ], [ -4.082532, 15.282027 ], [ -4.088567, 15.29233 ], [ -4.094748, 15.293802 ], [ -4.112852, 15.301455 ], [ -4.121682, 15.303222 ], [ -4.133016, 15.304105 ], [ -4.143907, 15.302633 ], [ -4.151413, 15.297334 ], [ -4.152885, 15.293213 ], [ -4.15156, 15.290564 ], [ -4.148911, 15.287915 ], [ -4.146851, 15.283499 ], [ -4.146851, 15.279084 ], [ -4.148028, 15.27614 ], [ -4.152885, 15.271136 ], [ -4.155387, 15.268781 ], [ -4.158331, 15.267015 ], [ -4.160539, 15.264954 ], [ -4.161569, 15.261422 ], [ -4.16098, 15.258184 ], [ -4.157153, 15.252885 ], [ -4.15627, 15.249942 ], [ -4.158772, 15.241405 ], [ -4.165396, 15.238462 ], [ -4.172902, 15.236401 ], [ -4.178642, 15.231691 ], [ -4.178936, 15.224626 ], [ -4.17717, 15.215501 ], [ -4.177906, 15.207553 ], [ -4.185118, 15.203138 ], [ -4.1913, 15.204904 ], [ -4.20484, 15.216384 ], [ -4.210875, 15.2208 ], [ -4.214849, 15.221683 ], [ -4.218675, 15.221683 ], [ -4.222208, 15.222566 ], [ -4.225151, 15.22551 ], [ -4.226329, 15.229042 ], [ -4.225887, 15.232869 ], [ -4.216615, 15.261716 ], [ -4.216321, 15.269959 ], [ -4.245315, 15.264071 ], [ -4.256207, 15.26466 ], [ -4.25238, 15.274963 ], [ -4.242813, 15.284088 ], [ -4.231333, 15.291153 ], [ -4.184824, 15.313819 ], [ -4.174815, 15.320295 ], [ -4.173638, 15.327654 ], [ -4.17717, 15.330303 ], [ -4.188798, 15.335013 ], [ -4.193655, 15.337368 ], [ -4.197334, 15.3409 ], [ -4.211169, 15.357973 ], [ -4.216468, 15.362389 ], [ -4.222797, 15.364449 ], [ -4.231039, 15.364449 ], [ -4.238987, 15.3618 ], [ -4.252822, 15.353852 ], [ -4.260917, 15.352086 ], [ -4.270778, 15.353264 ], [ -4.272544, 15.357385 ], [ -4.265479, 15.370631 ], [ -4.262536, 15.378285 ], [ -4.261505, 15.385644 ], [ -4.261947, 15.393297 ], [ -4.265038, 15.408898 ], [ -4.266657, 15.437452 ], [ -4.270925, 15.450698 ], [ -4.280198, 15.47042 ], [ -4.296976, 15.494264 ], [ -4.303894, 15.506922 ], [ -4.290353, 15.503684 ], [ -4.278726, 15.498091 ], [ -4.246199, 15.472481 ], [ -4.241636, 15.467477 ], [ -4.238545, 15.461295 ], [ -4.237662, 15.454525 ], [ -4.238692, 15.44069 ], [ -4.23722, 15.433919 ], [ -4.232511, 15.428032 ], [ -4.227065, 15.426855 ], [ -4.220736, 15.426855 ], [ -4.213966, 15.423911 ], [ -4.20955, 15.418612 ], [ -4.202927, 15.405955 ], [ -4.197628, 15.400362 ], [ -4.16569, 15.384172 ], [ -4.152591, 15.375341 ], [ -4.145379, 15.372397 ], [ -4.137284, 15.370925 ], [ -4.131985, 15.372692 ], [ -4.1286, 15.377696 ], [ -4.124773, 15.393591 ], [ -4.121241, 15.398596 ], [ -4.115795, 15.398596 ], [ -4.108142, 15.393003 ], [ -4.090921, 15.367982 ], [ -4.081207, 15.356796 ], [ -4.063546, 15.349437 ], [ -4.053096, 15.340606 ], [ -4.006145, 15.328831 ], [ -3.9954, 15.319412 ] ] ] } },
{ "type": "Feature", "properties": { "name": null }, "geometry": { "type": "Polygon", "coordinates": [ [ [ 61.951437, 46.259436 ], [ 61.967921, 46.263852 ], [ 61.969099, 46.254727 ], [ 61.969099, 46.250311 ], [ 61.967921, 46.245896 ], [ 61.964977, 46.242658 ], [ 61.958207, 46.239125 ], [ 61.955263, 46.23677 ], [ 61.953792, 46.234121 ], [ 61.947021, 46.214104 ], [ 61.944961, 46.210866 ], [ 61.94084, 46.206745 ], [ 61.935835, 46.203213 ], [ 61.930242, 46.200269 ], [ 61.92465, 46.198503 ], [ 61.913169, 46.195854 ], [ 61.91052, 46.19291 ], [ 61.913169, 46.186728 ], [ 61.914936, 46.184374 ], [ 61.916702, 46.181724 ], [ 61.91729, 46.179075 ], [ 61.916407, 46.175837 ], [ 61.914347, 46.173482 ], [ 61.911403, 46.171421 ], [ 61.908459, 46.16995 ], [ 61.905221, 46.168772 ], [ 61.899334, 46.169067 ], [ 61.881672, 46.175837 ], [ 61.87814, 46.175837 ], [ 61.871075, 46.174659 ], [ 61.867543, 46.174659 ], [ 61.864599, 46.175837 ], [ 61.855768, 46.180252 ], [ 61.849881, 46.182019 ], [ 61.843699, 46.182313 ], [ 61.838401, 46.180547 ], [ 61.834868, 46.175837 ], [ 61.832808, 46.16995 ], [ 61.830159, 46.166123 ], [ 61.826332, 46.163179 ], [ 61.820739, 46.16053 ], [ 61.81809, 46.158469 ], [ 61.816618, 46.156115 ], [ 61.815735, 46.150522 ], [ 61.814263, 46.147578 ], [ 61.808081, 46.140513 ], [ 61.805138, 46.141396 ], [ 61.801605, 46.147284 ], [ 61.796601, 46.157292 ], [ 61.794246, 46.161119 ], [ 61.791303, 46.162885 ], [ 61.787476, 46.163474 ], [ 61.78306, 46.162885 ], [ 61.765987, 46.157881 ], [ 61.714474, 46.151699 ], [ 61.688275, 46.151699 ], [ 61.662371, 46.155231 ], [ 61.65825, 46.155231 ], [ 61.652068, 46.152582 ], [ 61.645298, 46.147284 ], [ 61.640294, 46.141102 ], [ 61.639705, 46.13492 ], [ 61.648242, 46.129916 ], [ 61.661782, 46.129327 ], [ 61.686509, 46.132565 ], [ 61.694457, 46.131977 ], [ 61.702405, 46.129622 ], [ 61.70476, 46.126089 ], [ 61.697106, 46.121968 ], [ 61.660899, 46.111666 ], [ 61.654423, 46.108722 ], [ 61.652951, 46.106661 ], [ 61.654129, 46.103718 ], [ 61.659427, 46.101363 ], [ 61.666492, 46.101068 ], [ 61.742732, 46.119025 ], [ 61.750092, 46.117258 ], [ 61.754213, 46.109899 ], [ 61.75333, 46.100774 ], [ 61.740966, 46.074576 ], [ 61.7601, 46.078108 ], [ 61.775996, 46.078108 ], [ 61.787181, 46.076342 ], [ 61.795129, 46.071632 ], [ 61.795129, 46.062801 ], [ 61.782472, 46.041607 ], [ 61.778939, 46.0263 ], [ 61.776584, 46.021885 ], [ 61.773935, 46.019824 ], [ 61.770991, 46.01953 ], [ 61.751269, 46.022768 ], [ 61.744793, 46.022473 ], [ 61.738611, 46.020707 ], [ 61.730664, 46.016292 ], [ 61.725954, 46.01011 ], [ 61.7183, 45.995686 ], [ 61.691219, 45.959479 ], [ 61.68592, 45.954181 ], [ 61.682388, 45.952415 ], [ 61.680622, 45.953298 ], [ 61.679444, 45.956241 ], [ 61.678561, 45.98244 ], [ 61.677384, 45.989504 ], [ 61.671202, 45.999513 ], [ 61.661194, 46.003928 ], [ 61.637939, 46.008049 ], [ 61.627636, 46.012465 ], [ 61.617922, 46.018941 ], [ 61.600849, 46.034248 ], [ 61.59349, 46.043667 ], [ 61.578477, 46.080169 ], [ 61.575828, 46.08429 ], [ 61.56317, 46.098125 ], [ 61.56111, 46.101657 ], [ 61.560227, 46.10519 ], [ 61.563759, 46.112254 ], [ 61.571707, 46.116964 ], [ 61.588486, 46.124029 ], [ 61.592901, 46.127856 ], [ 61.616745, 46.151699 ], [ 61.63735, 46.167595 ], [ 61.640883, 46.171716 ], [ 61.642649, 46.176131 ], [ 61.642354, 46.180252 ], [ 61.63735, 46.191733 ], [ 61.641471, 46.198797 ], [ 61.652951, 46.19968 ], [ 61.676206, 46.197031 ], [ 61.682682, 46.19762 ], [ 61.688864, 46.199386 ], [ 61.694457, 46.201741 ], [ 61.708586, 46.211455 ], [ 61.713296, 46.213221 ], [ 61.718595, 46.213221 ], [ 61.72772, 46.208806 ], [ 61.739789, 46.201152 ], [ 61.751269, 46.195854 ], [ 61.759217, 46.19762 ], [ 61.761572, 46.202918 ], [ 61.765399, 46.22058 ], [ 61.768637, 46.225879 ], [ 61.772758, 46.229117 ], [ 61.778056, 46.230883 ], [ 61.784238, 46.231472 ], [ 61.80867, 46.228528 ], [ 61.816912, 46.228528 ], [ 61.82486, 46.23 ], [ 61.832219, 46.232649 ], [ 61.839284, 46.236182 ], [ 61.863422, 46.253255 ], [ 61.870487, 46.256198 ], [ 61.87814, 46.25767 ], [ 61.885793, 46.257965 ], [ 61.901689, 46.256787 ], [ 61.934952, 46.256787 ], [ 61.951437, 46.259436 ] ] ] } },
{ "type": "Feature", "properties": { "name": null }, "geometry": { "type": "Polygon", "coordinates": [ [ [ 18.89038, 49.948408 ], [ 18.916579, 49.946053 ], [ 18.941305, 49.938694 ], [ 18.93218, 49.924564 ], [ 18.923055, 49.921326 ], [ 18.895973, 49.924858 ], [ 18.890969, 49.921915 ], [ 18.882727, 49.915144 ], [ 18.871835, 49.90808 ], [ 18.858295, 49.904547 ], [ 18.858295, 49.911318 ], [ 18.865359, 49.911318 ], [ 18.865359, 49.918088 ], [ 18.845343, 49.925153 ], [ 18.805603, 49.916028 ], [ 18.789708, 49.918088 ], [ 18.80737, 49.923681 ], [ 18.823854, 49.931334 ], [ 18.820322, 49.933984 ], [ 18.817672, 49.938694 ], [ 18.827092, 49.938694 ], [ 18.833274, 49.94046 ], [ 18.838278, 49.942815 ], [ 18.84446, 49.944875 ], [ 18.89038, 49.948408 ] ] ] } },
{ "type": "Feature", "properties": { "name": null }, "geometry": { "type": "Polygon", "coordinates": [ [ [ -5.221574, 39.816983 ], [ -5.211271, 39.809624 ], [ -5.226284, 39.798144 ], [ -5.252777, 39.787547 ], [ -5.276767, 39.782837 ], [ -5.302966, 39.785192 ], [ -5.32784, 39.791079 ], [ -5.349328, 39.799616 ], [ -5.366254, 39.810213 ], [ -5.377587, 39.801382 ], [ -5.390539, 39.795494 ], [ -5.403344, 39.793728 ], [ -5.413941, 39.796672 ], [ -5.400253, 39.80933 ], [ -5.406729, 39.815806 ], [ -5.42027, 39.815217 ], [ -5.427629, 39.806975 ], [ -5.435135, 39.795789 ], [ -5.451472, 39.798438 ], [ -5.474874, 39.810213 ], [ -5.502839, 39.817572 ], [ -5.533453, 39.820221 ], [ -5.560682, 39.814334 ], [ -5.578491, 39.796672 ], [ -5.591443, 39.798144 ], [ -5.621468, 39.786369 ], [ -5.636627, 39.782837 ], [ -5.752901, 39.796672 ], [ -5.762615, 39.793434 ], [ -5.784987, 39.779304 ], [ -5.800735, 39.776066 ], [ -5.823549, 39.777244 ], [ -5.834587, 39.77901 ], [ -5.845332, 39.782837 ], [ -5.853721, 39.798438 ], [ -5.85902, 39.803442 ], [ -5.866526, 39.804914 ], [ -5.882863, 39.803737 ], [ -5.890075, 39.806975 ], [ -5.900378, 39.813451 ], [ -5.984566, 39.844653 ], [ -5.995605, 39.851718 ], [ -5.98854, 39.857017 ], [ -5.982211, 39.8579 ], [ -5.975735, 39.855839 ], [ -5.968229, 39.851718 ], [ -5.95719, 39.852012 ], [ -5.948801, 39.850835 ], [ -5.934671, 39.844948 ], [ -5.928195, 39.840827 ], [ -5.912152, 39.827286 ], [ -5.910533, 39.824637 ], [ -5.890811, 39.821987 ], [ -5.83915, 39.803442 ], [ -5.821341, 39.800204 ], [ -5.766442, 39.803442 ], [ -5.680929, 39.796672 ], [ -5.64222, 39.798144 ], [ -5.480909, 39.855545 ], [ -5.464866, 39.858194 ], [ -5.429542, 39.856722 ], [ -5.413352, 39.860549 ], [ -5.400253, 39.871735 ], [ -5.39937, 39.877622 ], [ -5.403344, 39.881449 ], [ -5.413941, 39.885276 ], [ -5.413941, 39.892929 ], [ -5.402902, 39.894401 ], [ -5.399076, 39.894106 ], [ -5.392894, 39.892929 ], [ -5.390539, 39.89705 ], [ -5.38789, 39.899699 ], [ -5.379206, 39.90647 ], [ -5.369492, 39.899699 ], [ -5.361986, 39.891163 ], [ -5.356246, 39.881743 ], [ -5.351977, 39.871735 ], [ -5.375085, 39.860549 ], [ -5.363605, 39.844065 ], [ -5.298109, 39.802854 ], [ -5.286334, 39.797849 ], [ -5.269408, 39.796672 ], [ -5.256162, 39.800793 ], [ -5.233643, 39.815217 ], [ -5.221574, 39.816983 ] ] ] } },
{ "type": "Feature", "properties": { "name": null }, "geometry": { "type": "Polygon", "coordinates": [ [ [ 11.21984, 59.476974 ], [ 11.222489, 59.474325 ], [ 11.224844, 59.470498 ], [ 11.213658, 59.447832 ], [ 11.194525, 59.418102 ], [ 11.172742, 59.392198 ], [ 11.152725, 59.381306 ], [ 11.127115, 59.376302 ], [ 11.096796, 59.364822 ], [ 11.067654, 59.34922 ], [ 11.046165, 59.333913 ], [ 11.07148, 59.332147 ], [ 11.073541, 59.318018 ], [ 11.056762, 59.306538 ], [ 11.026148, 59.313014 ], [ 11.01143, 59.329498 ], [ 11.018495, 59.345099 ], [ 11.038806, 59.356874 ], [ 11.086199, 59.367471 ], [ 11.117107, 59.382484 ], [ 11.144188, 59.399262 ], [ 11.155963, 59.412214 ], [ 11.162733, 59.430759 ], [ 11.179512, 59.454014 ], [ 11.199823, 59.474619 ], [ 11.218074, 59.484922 ], [ 11.218074, 59.479918 ], [ 11.21984, 59.476974 ] ] ] } },
{ "type": "Feature", "properties": { "name": "Øyeren" }, "geometry": { "type": "Polygon", "coordinates": [ [ [ 11.231909, 59.744846 ], [ 11.229848, 59.737192 ], [ 11.247216, 59.670077 ], [ 11.24545, 59.642996 ], [ 11.216013, 59.651827 ], [ 11.205416, 59.676848 ], [ 11.199529, 59.74985 ], [ 11.188343, 59.761036 ], [ 11.190698, 59.779875 ], [ 11.190992, 59.795771 ], [ 11.186282, 59.809606 ], [ 11.174508, 59.822558 ], [ 11.123877, 59.845518 ], [ 11.112986, 59.856704 ], [ 11.109748, 59.874072 ], [ 11.110925, 59.887024 ], [ 11.107982, 59.898209 ], [ 11.092675, 59.912045 ], [ 11.059411, 59.932944 ], [ 11.050875, 59.947663 ], [ 11.058528, 59.966502 ], [ 11.063533, 59.962675 ], [ 11.073541, 59.957377 ], [ 11.078839, 59.95355 ], [ 11.096796, 59.946485 ], [ 11.11122, 59.935594 ], [ 11.136829, 59.908512 ], [ 11.145955, 59.902331 ], [ 11.166854, 59.89556 ], [ 11.178335, 59.887907 ], [ 11.189226, 59.872894 ], [ 11.195702, 59.866418 ], [ 11.20571, 59.863474 ], [ 11.210715, 59.855821 ], [ 11.226316, 59.818731 ], [ 11.231909, 59.794888 ], [ 11.241328, 59.778992 ], [ 11.243389, 59.771044 ], [ 11.241328, 59.760741 ], [ 11.231909, 59.744846 ] ] ] } },
{ "type": "Feature", "properties": { "name": null }, "geometry": { "type": "Polygon", "coordinates": [ [ [ 28.461041, 59.320373 ], [ 28.47988, 59.316252 ], [ 28.493127, 59.306538 ], [ 28.486945, 59.301533 ], [ 28.470461, 59.299473 ], [ 28.332404, 59.299473 ], [ 28.304734, 59.296529 ], [ 28.291193, 59.28446 ], [ 28.301201, 59.258262 ], [ 28.273531, 59.262089 ], [ 28.259402, 59.266798 ], [ 28.253514, 59.275041 ], [ 28.255869, 59.285932 ], [ 28.259402, 59.294174 ], [ 28.258224, 59.30065 ], [ 28.24645, 59.306832 ], [ 28.225256, 59.3033 ], [ 28.186694, 59.267387 ], [ 28.164028, 59.258262 ], [ 28.157257, 59.249431 ], [ 28.150781, 59.228825 ], [ 28.144305, 59.186437 ], [ 28.134003, 59.169364 ], [ 28.111042, 59.156412 ], [ 28.085727, 59.149053 ], [ 28.069243, 59.148464 ], [ 28.080134, 59.153763 ], [ 28.091025, 59.163182 ], [ 28.099856, 59.174368 ], [ 28.103389, 59.186437 ], [ 28.103389, 59.216757 ], [ 28.106332, 59.223233 ], [ 28.114869, 59.235007 ], [ 28.11693, 59.241189 ], [ 28.1028, 59.274158 ], [ 28.069831, 59.26827 ], [ 28.03333, 59.247959 ], [ 28.007132, 59.237951 ], [ 27.998301, 59.243544 ], [ 27.975929, 59.266798 ], [ 27.966215, 59.275041 ], [ 27.946493, 59.278573 ], [ 27.93619, 59.267093 ], [ 27.927948, 59.25208 ], [ 27.914407, 59.244721 ], [ 27.897923, 59.23118 ], [ 27.886442, 59.201744 ], [ 27.870841, 59.172896 ], [ 27.841993, 59.161416 ], [ 27.872902, 59.236773 ], [ 27.890269, 59.258262 ], [ 27.881733, 59.275924 ], [ 27.903221, 59.290642 ], [ 27.95915, 59.306832 ], [ 28.076013, 59.305654 ], [ 28.096324, 59.319784 ], [ 28.072481, 59.319195 ], [ 28.000067, 59.333913 ], [ 28.031858, 59.342156 ], [ 28.113103, 59.345688 ], [ 28.156963, 59.364233 ], [ 28.17698, 59.358346 ], [ 28.224372, 59.332147 ], [ 28.274709, 59.314191 ], [ 28.320041, 59.310953 ], [ 28.329166, 59.313014 ], [ 28.334465, 59.317135 ], [ 28.343884, 59.330087 ], [ 28.348888, 59.333913 ], [ 28.363018, 59.337446 ], [ 28.379502, 59.339506 ], [ 28.395692, 59.33774 ], [ 28.424834, 59.318901 ], [ 28.442496, 59.318312 ], [ 28.461041, 59.320373 ] ] ] } },
{ "type": "Feature", "properties": { "name": null }, "geometry": { "type": "Polygon", "coordinates": [ [ [ 30.480379, 46.156115 ], [ 30.480379, 46.156115 ], [ 30.480379, 46.156115 ], [ 30.480379, 46.156115 ], [ 30.491271, 46.149344 ], [ 30.497747, 46.146401 ], [ 30.500985, 46.143163 ], [ 30.501573, 46.135803 ], [ 30.498041, 46.124912 ], [ 30.490682, 46.11667 ], [ 30.483617, 46.110194 ], [ 30.480379, 46.104601 ], [ 30.475375, 46.099597 ], [ 30.451531, 46.083701 ], [ 30.442995, 46.080463 ], [ 30.43122, 46.083701 ], [ 30.422978, 46.091354 ], [ 30.366755, 46.175248 ], [ 30.341145, 46.201741 ], [ 30.302878, 46.223818 ], [ 30.23223, 46.243246 ], [ 30.210153, 46.245601 ], [ 30.192197, 46.252372 ], [ 30.125376, 46.305063 ], [ 30.11419, 46.320075 ], [ 30.110658, 46.327434 ], [ 30.108892, 46.338326 ], [ 30.111541, 46.344802 ], [ 30.115368, 46.350395 ], [ 30.117428, 46.357754 ], [ 30.128614, 46.373944 ], [ 30.206915, 46.396316 ], [ 30.218101, 46.396316 ], [ 30.227815, 46.393372 ], [ 30.235468, 46.388368 ], [ 30.240767, 46.382186 ], [ 30.233996, 46.362758 ], [ 30.243122, 46.341858 ], [ 30.2599, 46.324196 ], [ 30.274913, 46.313305 ], [ 30.294635, 46.310361 ], [ 30.301406, 46.325963 ], [ 30.303761, 46.350395 ], [ 30.309354, 46.374827 ], [ 30.320539, 46.361286 ], [ 30.327015, 46.343036 ], [ 30.329665, 46.322725 ], [ 30.330253, 46.302708 ], [ 30.339379, 46.289756 ], [ 30.398546, 46.265912 ], [ 30.407671, 46.259142 ], [ 30.412675, 46.254432 ], [ 30.415325, 46.248251 ], [ 30.418563, 46.238242 ], [ 30.419151, 46.229411 ], [ 30.416796, 46.222346 ], [ 30.413853, 46.215282 ], [ 30.412381, 46.207628 ], [ 30.421212, 46.194676 ], [ 30.480379, 46.156115 ] ] ] } },
{ "type": "Feature", "properties": { "name": "Lake Lembeni" }, "geometry": { "type": "Polygon", "coordinates": [ [ [ 37.457986, -3.586419 ], [ 37.471233, -3.580237 ], [ 37.477414, -3.595544 ], [ 37.473293, -3.612323 ], [ 37.452688, -3.650001 ], [ 37.446212, -3.668546 ], [ 37.453571, -3.762743 ], [ 37.441502, -3.783054 ], [ 37.427373, -3.768041 ], [ 37.395287, -3.71064 ], [ 37.341713, -3.659715 ], [ 37.330232, -3.638816 ], [ 37.334059, -3.609968 ], [ 37.361729, -3.603786 ], [ 37.424723, -3.609968 ], [ 37.441208, -3.600843 ], [ 37.457986, -3.586419 ] ] ] } },
{ "type": "Feature", "properties": { "name": null }, "geometry": { "type": "Polygon", "coordinates": [ [ [ 31.427054, 49.770612 ], [ 31.430881, 49.796221 ], [ 31.443244, 49.843614 ], [ 31.440595, 49.869812 ], [ 31.425582, 49.925742 ], [ 31.427937, 49.948702 ], [ 31.440595, 49.97961 ], [ 31.440595, 50.014345 ], [ 31.467382, 50.004042 ], [ 31.4821, 50.000804 ], [ 31.488576, 50.003748 ], [ 31.494169, 50.01464 ], [ 31.50771, 50.02141 ], [ 31.523311, 50.021704 ], [ 31.536263, 50.014345 ], [ 31.526549, 49.998155 ], [ 31.541562, 49.983437 ], [ 31.563933, 49.966953 ], [ 31.576591, 49.944875 ], [ 31.581007, 49.8548 ], [ 31.590721, 49.828896 ], [ 31.579829, 49.823892 ], [ 31.570115, 49.826246 ], [ 31.560107, 49.830073 ], [ 31.549215, 49.828896 ], [ 31.542151, 49.820359 ], [ 31.526549, 49.793572 ], [ 31.518601, 49.787685 ], [ 31.472681, 49.760898 ], [ 31.441184, 49.752655 ], [ 31.427054, 49.770612 ] ] ] } },
{ "type": "Feature", "properties": { "name": "Lake Kwania" }, "geometry": { "type": "Polygon", "coordinates": [ [ [ 32.540339, 1.625298 ], [ 32.55388, 1.631185 ], [ 32.564183, 1.640899 ], [ 32.540339, 1.640899 ], [ 32.514435, 1.645021 ], [ 32.490297, 1.653263 ], [ 32.461155, 1.672396 ], [ 32.449381, 1.677695 ], [ 32.436723, 1.680933 ], [ 32.423477, 1.68211 ], [ 32.410819, 1.679755 ], [ 32.401694, 1.675046 ], [ 32.394923, 1.670336 ], [ 32.389036, 1.668275 ], [ 32.381088, 1.66386 ], [ 32.323982, 1.640899 ], [ 32.327808, 1.625887 ], [ 32.349591, 1.61735 ], [ 32.375201, 1.611757 ], [ 32.39198, 1.606164 ], [ 32.399928, 1.617939 ], [ 32.409642, 1.616762 ], [ 32.419356, 1.608519 ], [ 32.436723, 1.588797 ], [ 32.441139, 1.584676 ], [ 32.488531, 1.587914 ], [ 32.505016, 1.584087 ], [ 32.516201, 1.572018 ], [ 32.51679, 1.556711 ], [ 32.50531, 1.554062 ], [ 32.488826, 1.558477 ], [ 32.475285, 1.565248 ], [ 32.475285, 1.551707 ], [ 32.402282, 1.568191 ], [ 32.39198, 1.582615 ], [ 32.388447, 1.591741 ], [ 32.378733, 1.5991 ], [ 32.36637, 1.604398 ], [ 32.342527, 1.607342 ], [ 32.329869, 1.610286 ], [ 32.303376, 1.620588 ], [ 32.303376, 1.634423 ], [ 32.281004, 1.648847 ], [ 32.235084, 1.668275 ], [ 32.248036, 1.668864 ], [ 32.25981, 1.667392 ], [ 32.283065, 1.661505 ], [ 32.337817, 1.656795 ], [ 32.348119, 1.657973 ], [ 32.367842, 1.674751 ], [ 32.39198, 1.688881 ], [ 32.429364, 1.697712 ], [ 32.459095, 1.689175 ], [ 32.487354, 1.675634 ], [ 32.519734, 1.668275 ], [ 32.535924, 1.669158 ], [ 32.570953, 1.676223 ], [ 32.585083, 1.68211 ], [ 32.596268, 1.691824 ], [ 32.620701, 1.723027 ], [ 32.622467, 1.729797 ], [ 32.647782, 1.743044 ], [ 32.669271, 1.80015 ], [ 32.686933, 1.811631 ], [ 32.682223, 1.799267 ], [ 32.683989, 1.78867 ], [ 32.693703, 1.763944 ], [ 32.700768, 1.763944 ], [ 32.708716, 1.780134 ], [ 32.746689, 1.79809 ], [ 32.762879, 1.811631 ], [ 32.766705, 1.826643 ], [ 32.767294, 1.844894 ], [ 32.770826, 1.860201 ], [ 32.78319, 1.866382 ], [ 32.776419, 1.853136 ], [ 32.789077, 1.854608 ], [ 32.795259, 1.858729 ], [ 32.799968, 1.863439 ], [ 32.810566, 1.866382 ], [ 32.82234, 1.86285 ], [ 32.833232, 1.856374 ], [ 32.839413, 1.854902 ], [ 32.837647, 1.866382 ], [ 32.84795, 1.870798 ], [ 32.851482, 1.873741 ], [ 32.865317, 1.839595 ], [ 32.872676, 1.839595 ], [ 32.872676, 1.847249 ], [ 32.879447, 1.847249 ], [ 32.883862, 1.839301 ], [ 32.889749, 1.833119 ], [ 32.897403, 1.828704 ], [ 32.906823, 1.825466 ], [ 32.920069, 1.859612 ], [ 32.931255, 1.879334 ], [ 32.944207, 1.888165 ], [ 32.961869, 1.893758 ], [ 32.987184, 1.920545 ], [ 33.002785, 1.929082 ], [ 33.023096, 1.926727 ], [ 33.017798, 1.912303 ], [ 32.990128, 1.877274 ], [ 32.964224, 1.857257 ], [ 32.95451, 1.847249 ], [ 32.974821, 1.844599 ], [ 32.978353, 1.831942 ], [ 32.977764, 1.818107 ], [ 32.986007, 1.811631 ], [ 32.996309, 1.816046 ], [ 33.006023, 1.823111 ], [ 33.013677, 1.8237 ], [ 33.01662, 1.808393 ], [ 33.014854, 1.806626 ], [ 33.007201, 1.794852 ], [ 33.006023, 1.791908 ], [ 32.994837, 1.789259 ], [ 32.992777, 1.783372 ], [ 32.994543, 1.776307 ], [ 32.995426, 1.770714 ], [ 32.991599, 1.757762 ], [ 32.988656, 1.729503 ], [ 32.989245, 1.715668 ], [ 32.982474, 1.715668 ], [ 32.976587, 1.736862 ], [ 32.973938, 1.762177 ], [ 32.968639, 1.784843 ], [ 32.95451, 1.798679 ], [ 32.947739, 1.791908 ], [ 32.938614, 1.795441 ], [ 32.927134, 1.796029 ], [ 32.91742, 1.793674 ], [ 32.913593, 1.788081 ], [ 32.908883, 1.78396 ], [ 32.898286, 1.785727 ], [ 32.879447, 1.791908 ], [ 32.869733, 1.789553 ], [ 32.860607, 1.785432 ], [ 32.854131, 1.785432 ], [ 32.851482, 1.795146 ], [ 32.817336, 1.832825 ], [ 32.812626, 1.823994 ], [ 32.806739, 1.818401 ], [ 32.793198, 1.808393 ], [ 32.787016, 1.802211 ], [ 32.785839, 1.798384 ], [ 32.785545, 1.793674 ], [ 32.779952, 1.769537 ], [ 32.782601, 1.761294 ], [ 32.786722, 1.75423 ], [ 32.789371, 1.743338 ], [ 32.796436, 1.735979 ], [ 32.796436, 1.731858 ], [ 32.786428, 1.729797 ], [ 32.741684, 1.728326 ], [ 32.731087, 1.724793 ], [ 32.727849, 1.715374 ], [ 32.73462, 1.695651 ], [ 32.728144, 1.697712 ], [ 32.714014, 1.699478 ], [ 32.707538, 1.701833 ], [ 32.696647, 1.690353 ], [ 32.649843, 1.670041 ], [ 32.628649, 1.635307 ], [ 32.57949, 1.624121 ], [ 32.564183, 1.613229 ], [ 32.569187, 1.610874 ], [ 32.569481, 1.609697 ], [ 32.571542, 1.606164 ], [ 32.561533, 1.605576 ], [ 32.552408, 1.603221 ], [ 32.544166, 1.598805 ], [ 32.536807, 1.592624 ], [ 32.539162, 1.598217 ], [ 32.539456, 1.600866 ], [ 32.540339, 1.602632 ], [ 32.543577, 1.606164 ], [ 32.533569, 1.618822 ], [ 32.540339, 1.625298 ] ] ] } },
{ "type": "Feature", "properties": { "name": null }, "geometry": { "type": "Polygon", "coordinates": [ [ [ 20.81876, 41.11248 ], [ 20.80728, 41.093935 ], [ 20.805808, 41.071563 ], [ 20.811401, 41.020049 ], [ 20.805513, 40.999444 ], [ 20.793739, 40.976778 ], [ 20.786085, 40.955878 ], [ 20.791384, 40.94116 ], [ 20.791384, 40.934389 ], [ 20.780198, 40.929091 ], [ 20.75135, 40.924087 ], [ 20.728684, 40.909368 ], [ 20.713672, 40.90613 ], [ 20.678348, 40.906425 ], [ 20.659509, 40.910251 ], [ 20.650678, 40.920554 ], [ 20.648323, 40.935861 ], [ 20.647734, 40.9547 ], [ 20.644791, 40.972951 ], [ 20.63331, 41.016223 ], [ 20.635665, 41.033884 ], [ 20.650678, 41.053901 ], [ 20.654505, 41.067736 ], [ 20.651267, 41.070974 ], [ 20.643907, 41.070974 ], [ 20.636548, 41.07274 ], [ 20.63331, 41.081571 ], [ 20.650089, 41.165171 ], [ 20.654505, 41.17459 ], [ 20.669223, 41.179595 ], [ 20.722503, 41.17459 ], [ 20.748995, 41.16311 ], [ 20.759593, 41.153396 ], [ 20.763714, 41.136617 ], [ 20.77019, 41.12867 ], [ 20.786085, 41.120427 ], [ 20.804336, 41.114246 ], [ 20.81876, 41.11248 ] ] ] } },
{ "type": "Feature", "properties": { "name": "Lago di Como" }, "geometry": { "type": "Polygon", "coordinates": [ [ [ 8.846088, 46.169067 ], [ 8.847854, 46.1673 ], [ 8.849031, 46.164945 ], [ 8.841672, 46.154348 ], [ 8.78015, 46.117553 ], [ 8.753363, 46.099597 ], [ 8.74777, 46.094298 ], [ 8.746004, 46.092532 ], [ 8.744826, 46.090177 ], [ 8.741883, 46.083407 ], [ 8.741883, 46.063979 ], [ 8.743943, 46.053381 ], [ 8.752774, 46.028949 ], [ 8.753069, 46.027183 ], [ 8.753363, 46.017469 ], [ 8.753069, 46.015997 ], [ 8.752774, 46.015703 ], [ 8.752185, 46.014231 ], [ 8.750419, 46.010699 ], [ 8.746004, 46.003928 ], [ 8.738056, 45.994509 ], [ 8.732463, 45.989799 ], [ 8.7201, 45.981557 ], [ 8.648569, 45.945055 ], [ 8.618838, 45.922684 ], [ 8.616778, 45.920329 ], [ 8.607947, 45.908554 ], [ 8.607947, 45.90826 ], [ 8.607947, 45.90826 ], [ 8.607947, 45.907671 ], [ 8.607358, 45.907082 ], [ 8.606475, 45.905905 ], [ 8.606181, 45.905316 ], [ 8.604415, 45.88265 ], [ 8.621488, 45.847032 ], [ 8.621488, 45.827015 ], [ 8.61825, 45.819656 ], [ 8.613246, 45.814063 ], [ 8.607358, 45.809942 ], [ 8.580277, 45.798462 ], [ 8.574978, 45.794341 ], [ 8.574978, 45.794341 ], [ 8.574978, 45.794047 ], [ 8.574978, 45.794047 ], [ 8.572918, 45.791103 ], [ 8.571151, 45.787865 ], [ 8.570268, 45.783744 ], [ 8.570268, 45.779034 ], [ 8.570563, 45.778445 ], [ 8.572035, 45.776385 ], [ 8.572035, 45.775502 ], [ 8.572623, 45.774324 ], [ 8.576744, 45.768143 ], [ 8.577039, 45.767554 ], [ 8.577627, 45.766671 ], [ 8.620605, 45.72546 ], [ 8.618544, 45.723988 ], [ 8.616484, 45.723399 ], [ 8.614423, 45.723105 ], [ 8.612068, 45.722222 ], [ 8.594112, 45.729875 ], [ 8.578805, 45.741944 ], [ 8.566147, 45.756957 ], [ 8.555845, 45.773441 ], [ 8.54878, 45.791103 ], [ 8.552018, 45.800523 ], [ 8.559966, 45.807587 ], [ 8.56703, 45.818479 ], [ 8.574389, 45.852036 ], [ 8.566442, 45.869993 ], [ 8.52111, 45.897663 ], [ 8.51375, 45.905022 ], [ 8.4955, 45.929749 ], [ 8.492851, 45.937696 ], [ 8.494322, 45.939757 ], [ 8.496383, 45.941229 ], [ 8.498738, 45.942406 ], [ 8.501387, 45.942701 ], [ 8.503742, 45.942995 ], [ 8.514634, 45.941229 ], [ 8.540538, 45.932987 ], [ 8.56026, 45.932103 ], [ 8.591463, 45.942995 ], [ 8.6156, 45.955064 ], [ 8.627081, 45.9636 ], [ 8.6783, 46.010404 ], [ 8.68772, 46.01482 ], [ 8.696551, 46.020413 ], [ 8.713624, 46.038663 ], [ 8.713918, 46.05191 ], [ 8.706853, 46.064567 ], [ 8.700377, 46.081052 ], [ 8.700083, 46.088705 ], [ 8.700377, 46.091649 ], [ 8.700377, 46.091943 ], [ 8.71068, 46.110488 ], [ 8.733346, 46.130505 ], [ 8.763371, 46.149344 ], [ 8.795163, 46.164357 ], [ 8.831369, 46.171716 ], [ 8.841083, 46.171421 ], [ 8.843733, 46.170244 ], [ 8.846088, 46.169067 ] ] ] } },
{ "type": "Feature", "properties": { "name": "Lago di Garda" }, "geometry": { "type": "Polygon", "coordinates": [ [ [ 10.855123, 45.895602 ], [ 10.86778, 45.879707 ], [ 10.869841, 45.860279 ], [ 10.862776, 45.837613 ], [ 10.848058, 45.813475 ], [ 10.784475, 45.743416 ], [ 10.776233, 45.731641 ], [ 10.762398, 45.721044 ], [ 10.72001, 45.670414 ], [ 10.710884, 45.652163 ], [ 10.692045, 45.597411 ], [ 10.68969, 45.575923 ], [ 10.710884, 45.580927 ], [ 10.712945, 45.565326 ], [ 10.725308, 45.52853 ], [ 10.731195, 45.518227 ], [ 10.718243, 45.482315 ], [ 10.712356, 45.474073 ], [ 10.705586, 45.458766 ], [ 10.704114, 45.453762 ], [ 10.700876, 45.449346 ], [ 10.693222, 45.451112 ], [ 10.679976, 45.457294 ], [ 10.655838, 45.459355 ], [ 10.630523, 45.467008 ], [ 10.611978, 45.481432 ], [ 10.608446, 45.504392 ], [ 10.602558, 45.481138 ], [ 10.58313, 45.472012 ], [ 10.559287, 45.474367 ], [ 10.538976, 45.484081 ], [ 10.546629, 45.490852 ], [ 10.538387, 45.494678 ], [ 10.530439, 45.497033 ], [ 10.521314, 45.498211 ], [ 10.5116, 45.498211 ], [ 10.5116, 45.504392 ], [ 10.51631, 45.504687 ], [ 10.519253, 45.506453 ], [ 10.521608, 45.509102 ], [ 10.567529, 45.540599 ], [ 10.573711, 45.549136 ], [ 10.567529, 45.561499 ], [ 10.557521, 45.57239 ], [ 10.55546, 45.581221 ], [ 10.573711, 45.587109 ], [ 10.567823, 45.598589 ], [ 10.556932, 45.605654 ], [ 10.542214, 45.608597 ], [ 10.525435, 45.608009 ], [ 10.591078, 45.635384 ], [ 10.602853, 45.642155 ], [ 10.628168, 45.66276 ], [ 10.714417, 45.717218 ], [ 10.729429, 45.73017 ], [ 10.763576, 45.786982 ], [ 10.783004, 45.799934 ], [ 10.787713, 45.80641 ], [ 10.82392, 45.843794 ], [ 10.831574, 45.856746 ], [ 10.835695, 45.870876 ], [ 10.841876, 45.884711 ], [ 10.855123, 45.895602 ] ] ] } },
{ "type": "Feature", "properties": { "name": null }, "geometry": { "type": "Polygon", "coordinates": [ [ [ 15.784544, 58.513226 ], [ 15.761584, 58.510871 ], [ 15.611458, 58.480552 ], [ 15.600272, 58.447289 ], [ 15.574663, 58.451999 ], [ 15.514907, 58.488794 ], [ 15.526093, 58.49998 ], [ 15.555823, 58.518525 ], [ 15.559945, 58.524706 ], [ 15.560828, 58.531182 ], [ 15.564066, 58.536775 ], [ 15.62441, 58.546489 ], [ 15.953215, 58.518525 ], [ 15.953215, 58.510871 ], [ 15.857252, 58.510871 ], [ 15.784544, 58.513226 ] ] ] } },
{ "type": "Feature", "properties": { "name": null }, "geometry": { "type": "Polygon", "coordinates": [ [ [ 15.106624, 58.552082 ], [ 15.063941, 58.54855 ], [ 15.048928, 58.552082 ], [ 15.075127, 58.573865 ], [ 15.098382, 58.581519 ], [ 15.255572, 58.568567 ], [ 15.28177, 58.559441 ], [ 15.275, 58.552082 ], [ 15.261459, 58.550316 ], [ 15.239382, 58.541191 ], [ 15.226724, 58.538836 ], [ 15.191401, 58.540308 ], [ 15.130762, 58.551494 ], [ 15.106624, 58.552082 ] ] ] } },
{ "type": "Feature", "properties": { "name": "Lake Xau" }, "geometry": { "type": "Polygon", "coordinates": [ [ [ 24.80445, -21.287417 ], [ 24.763533, -21.322152 ], [ 24.715552, -21.336576 ], [ 24.684349, -21.319208 ], [ 24.684055, -21.296542 ], [ 24.699362, -21.281235 ], [ 24.721439, -21.271227 ], [ 24.740279, -21.265045 ], [ 24.7444, -21.265928 ], [ 24.755291, -21.271521 ], [ 24.761178, -21.270932 ], [ 24.7653, -21.267989 ], [ 24.772953, -21.260041 ], [ 24.785022, -21.250916 ], [ 24.791792, -21.242968 ], [ 24.800035, -21.238847 ], [ 24.814164, -21.243557 ], [ 24.80445, -21.287417 ] ] ] } },
{ "type": "Feature", "properties": { "name": "Lake Adobed" }, "geometry": { "type": "Polygon", "coordinates": [ [ [ 41.594391, 11.400836 ], [ 41.611759, 11.392594 ], [ 41.617646, 11.379348 ], [ 41.607049, 11.372872 ], [ 41.573786, 11.36669 ], [ 41.566721, 11.384646 ], [ 41.576435, 11.397304 ], [ 41.594391, 11.400836 ] ] ] } },
{ "type": "Feature", "properties": { "name": "Koka Reservoir" }, "geometry": { "type": "Polygon", "coordinates": [ [ [ 39.110252, 8.476329 ], [ 39.128208, 8.476623 ], [ 39.139983, 8.469264 ], [ 39.139983, 8.458078 ], [ 39.119083, 8.397439 ], [ 39.088469, 8.333562 ], [ 39.079933, 8.321493 ], [ 39.066686, 8.309424 ], [ 39.047553, 8.321199 ], [ 39.003104, 8.330324 ], [ 38.986619, 8.340921 ], [ 38.983676, 8.350635 ], [ 38.988974, 8.357406 ], [ 38.997216, 8.36241 ], [ 39.002221, 8.367414 ], [ 39.001926, 8.374773 ], [ 38.996333, 8.383604 ], [ 38.998394, 8.389197 ], [ 39.010463, 8.400383 ], [ 39.02312, 8.403915 ], [ 39.035189, 8.404798 ], [ 39.044903, 8.408036 ], [ 39.054617, 8.420105 ], [ 39.068747, 8.452485 ], [ 39.079344, 8.464849 ], [ 39.092002, 8.471325 ], [ 39.110252, 8.476329 ] ] ] } },
{ "type": "Feature", "properties": { "name": "Lake Gemeri" }, "geometry": { "type": "Polygon", "coordinates": [ [ [ 41.703011, 11.523292 ], [ 41.690354, 11.499154 ], [ 41.665922, 11.510046 ], [ 41.643844, 11.529474 ], [ 41.62736, 11.553906 ], [ 41.620001, 11.579515 ], [ 41.622356, 11.596589 ], [ 41.630598, 11.60748 ], [ 41.642372, 11.610718 ], [ 41.654736, 11.606597 ], [ 41.674458, 11.58658 ], [ 41.694181, 11.555672 ], [ 41.703011, 11.523292 ] ] ] } },
{ "type": "Feature", "properties": { "name": null }, "geometry": { "type": "Polygon", "coordinates": [ [ [ 42.556079, 0.031611 ], [ 42.561966, 0.017481 ], [ 42.570797, -0.032561 ], [ 42.570797, -0.045807 ], [ 42.550486, -0.031089 ], [ 42.515751, 0.008062 ], [ 42.495145, 0.018659 ], [ 42.484843, 0.017776 ], [ 42.449225, 0.005707 ], [ 42.433329, 0.008356 ], [ 42.380343, 0.037204 ], [ 42.309696, 0.047212 ], [ 42.289679, 0.055454 ], [ 42.30528, 0.068995 ], [ 42.310579, 0.091367 ], [ 42.315289, 0.139642 ], [ 42.338544, 0.09431 ], [ 42.354734, 0.076354 ], [ 42.379166, 0.05987 ], [ 42.399771, 0.051039 ], [ 42.467475, 0.037792 ], [ 42.539006, 0.037498 ], [ 42.556079, 0.031611 ] ] ] } },
{ "type": "Feature", "properties": { "name": "Lac Onangué" }, "geometry": { "type": "Polygon", "coordinates": [ [ [ 10.256092, -0.944206 ], [ 10.24785, -0.971582 ], [ 10.237252, -0.983945 ], [ 10.244612, -0.987184 ], [ 10.253737, -0.994248 ], [ 10.259035, -0.997486 ], [ 10.259035, -1.003668 ], [ 10.242257, -1.003374 ], [ 10.218413, -1.009555 ], [ 10.203989, -1.011027 ], [ 10.202517, -1.010144 ], [ 10.186622, -1.003668 ], [ 10.177791, -1.004551 ], [ 10.170726, -1.007789 ], [ 10.165428, -1.012499 ], [ 10.16219, -1.01868 ], [ 10.15483, -1.007789 ], [ 10.140407, -0.993071 ], [ 10.135402, -0.983945 ], [ 10.125983, -0.989244 ], [ 10.093897, -0.999841 ], [ 10.087127, -1.000724 ], [ 10.09272, -1.009555 ], [ 10.105966, -1.012499 ], [ 10.121862, -1.013971 ], [ 10.135402, -1.01868 ], [ 10.087127, -1.045468 ], [ 10.075352, -1.048117 ], [ 10.055335, -1.048706 ], [ 10.04621, -1.052827 ], [ 10.035024, -1.069017 ], [ 10.021189, -1.114054 ], [ 10.011475, -1.128478 ], [ 10.002644, -1.132599 ], [ 9.993225, -1.134071 ], [ 9.984394, -1.132599 ], [ 9.977329, -1.128478 ], [ 9.969381, -1.118176 ], [ 9.975268, -1.116115 ], [ 9.987337, -1.116409 ], [ 9.997934, -1.113466 ], [ 10.008826, -1.096981 ], [ 10.012947, -1.07667 ], [ 10.011181, -1.054299 ], [ 10.005294, -1.031632 ], [ 10.032081, -1.031632 ], [ 10.054452, -1.028689 ], [ 10.070937, -1.01868 ], [ 10.080356, -0.997486 ], [ 10.065933, -0.983945 ], [ 10.059751, -0.983945 ], [ 10.058279, -0.997486 ], [ 10.050331, -1.011616 ], [ 10.038851, -1.020741 ], [ 10.025605, -1.01868 ], [ 10.023838, -1.010733 ], [ 10.028548, -0.999841 ], [ 10.03002, -0.988067 ], [ 10.018246, -0.976881 ], [ 10.014419, -0.985123 ], [ 10.008532, -0.99101 ], [ 10.000878, -0.995426 ], [ 9.991458, -0.997486 ], [ 9.994991, -0.991599 ], [ 10.001761, -0.975998 ], [ 10.005294, -0.97011 ], [ 9.993225, -0.965401 ], [ 9.979978, -0.955981 ], [ 9.971442, -0.946856 ], [ 9.973797, -0.943029 ], [ 9.986454, -0.943029 ], [ 9.996757, -0.941557 ], [ 10.000289, -0.933315 ], [ 9.991458, -0.915064 ], [ 9.997934, -0.908588 ], [ 10.010003, -0.913004 ], [ 10.012947, -0.896814 ], [ 10.008237, -0.87297 ], [ 9.997934, -0.853542 ], [ 10.002056, -0.840885 ], [ 9.997051, -0.821751 ], [ 9.987632, -0.803206 ], [ 9.977329, -0.791431 ], [ 9.984099, -0.78525 ], [ 9.998523, -0.793492 ], [ 10.017951, -0.800262 ], [ 10.031198, -0.811154 ], [ 10.025605, -0.832937 ], [ 10.041795, -0.841768 ], [ 10.060045, -0.874442 ], [ 10.073586, -0.887688 ], [ 10.065933, -0.901229 ], [ 10.078001, -0.89181 ], [ 10.087715, -0.87562 ], [ 10.09949, -0.860313 ], [ 10.118035, -0.853542 ], [ 10.120979, -0.862373 ], [ 10.087127, -0.915064 ], [ 10.093897, -0.915064 ], [ 10.106849, -0.901818 ], [ 10.123039, -0.905939 ], [ 10.13864, -0.919774 ], [ 10.149238, -0.935375 ], [ 10.135697, -0.951271 ], [ 10.153064, -0.965106 ], [ 10.17838, -0.965989 ], [ 10.190154, -0.943029 ], [ 10.201929, -0.948327 ], [ 10.209582, -0.944206 ], [ 10.2243, -0.922423 ], [ 10.229893, -0.936553 ], [ 10.231071, -0.943029 ], [ 10.252854, -0.925367 ], [ 10.261096, -0.923601 ], [ 10.265806, -0.935375 ], [ 10.256092, -0.944206 ] ] ] } },
{ "type": "Feature", "properties": { "name": "Lac Mai-Ndombe" }, "geometry": { "type": "Polygon", "coordinates": [ [ [ 18.581887, -2.07427 ], [ 18.591895, -2.082512 ], [ 18.591895, -2.124606 ], [ 18.543914, -2.182891 ], [ 18.534788, -2.188778 ], [ 18.490634, -2.207912 ], [ 18.465319, -2.212916 ], [ 18.454721, -2.217331 ], [ 18.434705, -2.235876 ], [ 18.447068, -2.24559 ], [ 18.495638, -2.258837 ], [ 18.466496, -2.270317 ], [ 18.417926, -2.279736 ], [ 18.409684, -2.28268 ], [ 18.394082, -2.30358 ], [ 18.373771, -2.346557 ], [ 18.353755, -2.374227 ], [ 18.337859, -2.408962 ], [ 18.328439, -2.421326 ], [ 18.306068, -2.440165 ], [ 18.296354, -2.450468 ], [ 18.287817, -2.471956 ], [ 18.289878, -2.513756 ], [ 18.282813, -2.532595 ], [ 18.292232, -2.551434 ], [ 18.286345, -2.580577 ], [ 18.275159, -2.612368 ], [ 18.268978, -2.638566 ], [ 18.266328, -2.645925 ], [ 18.259852, -2.652401 ], [ 18.252788, -2.657994 ], [ 18.248667, -2.662704 ], [ 18.245723, -2.670652 ], [ 18.244251, -2.683898 ], [ 18.241602, -2.69008 ], [ 18.226589, -2.704504 ], [ 18.212165, -2.705387 ], [ 18.197153, -2.703326 ], [ 18.180374, -2.710685 ], [ 18.181846, -2.696262 ], [ 18.186556, -2.68331 ], [ 18.19833, -2.679777 ], [ 18.206278, -2.680366 ], [ 18.21452, -2.676539 ], [ 18.220113, -2.665942 ], [ 18.225117, -2.642099 ], [ 18.231593, -2.631796 ], [ 18.238364, -2.614723 ], [ 18.245723, -2.563798 ], [ 18.251905, -2.552906 ], [ 18.251021, -2.542604 ], [ 18.220408, -2.477255 ], [ 18.220408, -2.456649 ], [ 18.22394, -2.43104 ], [ 18.23071, -2.408079 ], [ 18.241602, -2.395421 ], [ 18.261324, -2.393361 ], [ 18.278397, -2.356271 ], [ 18.296354, -2.271789 ], [ 18.301063, -2.145212 ], [ 18.310777, -2.121663 ], [ 18.30018, -2.106062 ], [ 18.28399, -2.09046 ], [ 18.266034, -2.078097 ], [ 18.251905, -2.073093 ], [ 18.239541, -2.066617 ], [ 18.223351, -2.051899 ], [ 18.20098, -2.025406 ], [ 18.197153, -2.023051 ], [ 18.19362, -2.023345 ], [ 18.190088, -2.022757 ], [ 18.186556, -2.018635 ], [ 18.185673, -2.013926 ], [ 18.18685, -2.003034 ], [ 18.178019, -1.941512 ], [ 18.174487, -1.932975 ], [ 18.169483, -1.925616 ], [ 18.166833, -1.917669 ], [ 18.172721, -1.911487 ], [ 18.181552, -1.906483 ], [ 18.186556, -1.901773 ], [ 18.187439, -1.891176 ], [ 18.185378, -1.881462 ], [ 18.170071, -1.834658 ], [ 18.169483, -1.829948 ], [ 18.152409, -1.81729 ], [ 18.05733, -1.779023 ], [ 18.049382, -1.769603 ], [ 18.04791, -1.763716 ], [ 18.053503, -1.723683 ], [ 18.069693, -1.681588 ], [ 18.077347, -1.669814 ], [ 18.094714, -1.658334 ], [ 18.11738, -1.650975 ], [ 18.137397, -1.653624 ], [ 18.146228, -1.672758 ], [ 18.152998, -1.704255 ], [ 18.168894, -1.710436 ], [ 18.18685, -1.710731 ], [ 18.193915, -1.724271 ], [ 18.199508, -1.733691 ], [ 18.20098, -1.738106 ], [ 18.215698, -1.71544 ], [ 18.206867, -1.696012 ], [ 18.189499, -1.679528 ], [ 18.180374, -1.665987 ], [ 18.181552, -1.639494 ], [ 18.18685, -1.620949 ], [ 18.198625, -1.60682 ], [ 18.220408, -1.594162 ], [ 18.239247, -1.588275 ], [ 18.262207, -1.587392 ], [ 18.281635, -1.59534 ], [ 18.290172, -1.617711 ], [ 18.283401, -1.65068 ], [ 18.286345, -1.65539 ], [ 18.29812, -1.65539 ], [ 18.307539, -1.656862 ], [ 18.313427, -1.660983 ], [ 18.316959, -1.669814 ], [ 18.324318, -1.669814 ], [ 18.329911, -1.659511 ], [ 18.372005, -1.635079 ], [ 18.376126, -1.628309 ], [ 18.382013, -1.612707 ], [ 18.38584, -1.607703 ], [ 18.392905, -1.604465 ], [ 18.409095, -1.60211 ], [ 18.432938, -1.587981 ], [ 18.444713, -1.592691 ], [ 18.454427, -1.602405 ], [ 18.464435, -1.607703 ], [ 18.478271, -1.60211 ], [ 18.500642, -1.578561 ], [ 18.516244, -1.573557 ], [ 18.50859, -1.591807 ], [ 18.490045, -1.622127 ], [ 18.481803, -1.641849 ], [ 18.472972, -1.68306 ], [ 18.465907, -1.703077 ], [ 18.454721, -1.717501 ], [ 18.445596, -1.719561 ], [ 18.418809, -1.722505 ], [ 18.413216, -1.727509 ], [ 18.409095, -1.733691 ], [ 18.39997, -1.738106 ], [ 18.378775, -1.744877 ], [ 18.303124, -1.779023 ], [ 18.303124, -1.785793 ], [ 18.316959, -1.792564 ], [ 18.301358, -1.806399 ], [ 18.296059, -1.845844 ], [ 18.286345, -1.854086 ], [ 18.282224, -1.863211 ], [ 18.284873, -1.962117 ], [ 18.290761, -1.983017 ], [ 18.303124, -1.99803 ], [ 18.323141, -2.003034 ], [ 18.338448, -1.997441 ], [ 18.351694, -1.997147 ], [ 18.364646, -2.018635 ], [ 18.394377, -1.9839 ], [ 18.410567, -1.969182 ], [ 18.430584, -1.963295 ], [ 18.442064, -1.972715 ], [ 18.431172, -1.992731 ], [ 18.414099, -2.011865 ], [ 18.406151, -2.018635 ], [ 18.397026, -2.03983 ], [ 18.398204, -2.055431 ], [ 18.403208, -2.070443 ], [ 18.406151, -2.09046 ], [ 18.402325, -2.15993 ], [ 18.406151, -2.17612 ], [ 18.421164, -2.182007 ], [ 18.444419, -2.179064 ], [ 18.468262, -2.170233 ], [ 18.485335, -2.159047 ], [ 18.556866, -2.087517 ], [ 18.581887, -2.07427 ] ] ] } },
{ "type": "Feature", "properties": { "name": "Lake Rentenue" }, "geometry": { "type": "Polygon", "coordinates": [ [ [ 27.044267, -11.037069 ], [ 27.035436, -11.036186 ], [ 27.019834, -11.030888 ], [ 27.01012, -11.02971 ], [ 26.995991, -11.020879 ], [ 26.99658, -11.001157 ], [ 27.007177, -10.968188 ], [ 27.005411, -10.962301 ], [ 26.996285, -10.953764 ], [ 26.993342, -10.947877 ], [ 26.99393, -10.939929 ], [ 26.99658, -10.932276 ], [ 26.997168, -10.923739 ], [ 26.993342, -10.913731 ], [ 26.985983, -10.913731 ], [ 26.976563, -10.928154 ], [ 26.973619, -10.936102 ], [ 26.973031, -10.947877 ], [ 26.963317, -10.937868 ], [ 26.958901, -10.926388 ], [ 26.957429, -10.913142 ], [ 26.958901, -10.899307 ], [ 26.951836, -10.906077 ], [ 26.948304, -10.866632 ], [ 26.951836, -10.851031 ], [ 26.969498, -10.844849 ], [ 27.002467, -10.843083 ], [ 27.006588, -10.848382 ], [ 26.993342, -10.865161 ], [ 27.029254, -10.866632 ], [ 27.04515, -10.862806 ], [ 27.054275, -10.85162 ], [ 27.044267, -10.845732 ], [ 27.031903, -10.828071 ], [ 27.020718, -10.817474 ], [ 27.007471, -10.811881 ], [ 26.993342, -10.80776 ], [ 26.982156, -10.800106 ], [ 26.979212, -10.783327 ], [ 26.98245, -10.78686 ], [ 26.985983, -10.788037 ], [ 26.989221, -10.788626 ], [ 26.993342, -10.789509 ], [ 27.001878, -10.798634 ], [ 27.025722, -10.806288 ], [ 27.037496, -10.813647 ], [ 27.044561, -10.816296 ], [ 27.063989, -10.817768 ], [ 27.067816, -10.820417 ], [ 27.069288, -10.824833 ], [ 27.073114, -10.83072 ], [ 27.078707, -10.835724 ], [ 27.094014, -10.84014 ], [ 27.107849, -10.850148 ], [ 27.116386, -10.85162 ], [ 27.126689, -10.848382 ], [ 27.128455, -10.843966 ], [ 27.129338, -10.837785 ], [ 27.136108, -10.831014 ], [ 27.172021, -10.81924 ], [ 27.183207, -10.808937 ], [ 27.177614, -10.789509 ], [ 27.190566, -10.790098 ], [ 27.199985, -10.795102 ], [ 27.207933, -10.802461 ], [ 27.218825, -10.810114 ], [ 27.206756, -10.820712 ], [ 27.177025, -10.820123 ], [ 27.171138, -10.834547 ], [ 27.165545, -10.843083 ], [ 27.153476, -10.848676 ], [ 27.141701, -10.857507 ], [ 27.136108, -10.875463 ], [ 27.129044, -10.886355 ], [ 27.112265, -10.890476 ], [ 27.094014, -10.892831 ], [ 27.080768, -10.899307 ], [ 27.07753, -10.913142 ], [ 27.080768, -10.968188 ], [ 27.068699, -11.015286 ], [ 27.071348, -11.023528 ], [ 27.066638, -11.025589 ], [ 27.053098, -11.035009 ], [ 27.044267, -11.037069 ] ] ] } },
{ "type": "Feature", "properties": { "name": null }, "geometry": { "type": "Polygon", "coordinates": [ [ [ 27.645064, 49.475953 ], [ 27.666552, 49.481252 ], [ 27.686569, 49.478602 ], [ 27.698049, 49.46565 ], [ 27.66302, 49.46565 ], [ 27.657427, 49.462118 ], [ 27.654189, 49.462707 ], [ 27.643298, 49.445045 ], [ 27.631523, 49.413842 ], [ 27.622987, 49.397064 ], [ 27.612978, 49.389999 ], [ 27.544391, 49.39883 ], [ 27.472566, 49.417375 ], [ 27.606502, 49.417375 ], [ 27.61916, 49.422968 ], [ 27.623281, 49.436508 ], [ 27.624753, 49.452404 ], [ 27.629757, 49.46565 ], [ 27.645064, 49.475953 ] ] ] } },
{ "type": "Feature", "properties": { "name": "Lough Derg" }, "geometry": { "type": "Polygon", "coordinates": [ [ [ -8.168159, 53.075143 ], [ -8.164921, 53.073966 ], [ -8.161683, 53.070139 ], [ -8.181553, 53.062486 ], [ -8.22085, 53.052477 ], [ -8.237482, 53.042763 ], [ -8.268979, 53.005085 ], [ -8.284727, 52.995076 ], [ -8.273689, 52.97712 ], [ -8.266771, 52.960341 ], [ -8.270892, 52.948861 ], [ -8.292086, 52.946506 ], [ -8.292086, 52.940325 ], [ -8.287376, 52.938558 ], [ -8.278546, 52.933554 ], [ -8.287229, 52.926195 ], [ -8.296796, 52.92178 ], [ -8.30754, 52.919425 ], [ -8.319462, 52.91913 ], [ -8.306657, 52.909711 ], [ -8.30077, 52.907061 ], [ -8.292086, 52.90559 ], [ -8.292086, 52.899408 ], [ -8.361409, 52.900291 ], [ -8.36656, 52.899408 ], [ -8.374214, 52.895287 ], [ -8.376422, 52.892049 ], [ -8.377158, 52.888811 ], [ -8.397174, 52.868794 ], [ -8.429554, 52.827583 ], [ -8.44913, 52.816692 ], [ -8.45222, 52.826111 ], [ -8.462229, 52.837886 ], [ -8.463406, 52.844068 ], [ -8.457077, 52.852898 ], [ -8.434264, 52.867617 ], [ -8.429407, 52.874976 ], [ -8.43603, 52.892932 ], [ -8.452956, 52.899702 ], [ -8.497552, 52.899408 ], [ -8.475622, 52.914126 ], [ -8.446333, 52.922074 ], [ -8.353756, 52.931788 ], [ -8.333886, 52.942974 ], [ -8.331531, 52.960636 ], [ -8.350518, 52.984774 ], [ -8.352431, 52.994488 ], [ -8.34257, 53.003613 ], [ -8.328882, 53.011266 ], [ -8.301212, 53.022452 ], [ -8.293411, 53.027162 ], [ -8.291792, 53.035404 ], [ -8.292086, 53.05336 ], [ -8.277957, 53.0722 ], [ -8.244399, 53.079264 ], [ -8.175371, 53.07691 ], [ -8.171544, 53.075732 ], [ -8.168159, 53.075143 ] ] ] } },
{ "type": "Feature", "properties": { "name": null }, "geometry": { "type": "Polygon", "coordinates": [ [ [ -7.975203, 53.853736 ], [ -7.997722, 53.867866 ], [ -8.006112, 53.879935 ], [ -7.976822, 53.879346 ], [ -7.972112, 53.876108 ], [ -7.967991, 53.874048 ], [ -7.964753, 53.871104 ], [ -7.962546, 53.865217 ], [ -7.955775, 53.865217 ], [ -7.948416, 53.869926 ], [ -7.942087, 53.867572 ], [ -7.937525, 53.860507 ], [ -7.935906, 53.851382 ], [ -7.940027, 53.839607 ], [ -7.949152, 53.837252 ], [ -7.958425, 53.841373 ], [ -7.962546, 53.848144 ], [ -7.975203, 53.853736 ] ] ] } },
{ "type": "Feature", "properties": { "name": "Lough Ree" }, "geometry": { "type": "Polygon", "coordinates": [ [ [ -7.866583, 53.560844 ], [ -7.853925, 53.557901 ], [ -7.839649, 53.549658 ], [ -7.885569, 53.537295 ], [ -7.903673, 53.526992 ], [ -7.901171, 53.516395 ], [ -7.905881, 53.508153 ], [ -7.912062, 53.501971 ], [ -7.919716, 53.49785 ], [ -7.928988, 53.495201 ], [ -7.928988, 53.488431 ], [ -7.90853, 53.488431 ], [ -7.90853, 53.481366 ], [ -7.913828, 53.478128 ], [ -7.916772, 53.475184 ], [ -7.91898, 53.471652 ], [ -7.922218, 53.467825 ], [ -7.901612, 53.467236 ], [ -7.894842, 53.467825 ], [ -7.894842, 53.461055 ], [ -7.957836, 53.454579 ], [ -7.977558, 53.461349 ], [ -7.976822, 53.488431 ], [ -7.983004, 53.488431 ], [ -7.992276, 53.475773 ], [ -7.998605, 53.491669 ], [ -8.004198, 53.529347 ], [ -7.983004, 53.536118 ], [ -7.990952, 53.541416 ], [ -7.996545, 53.556429 ], [ -8.004198, 53.562905 ], [ -8.01244, 53.561727 ], [ -8.018328, 53.554957 ], [ -8.025687, 53.552013 ], [ -8.038197, 53.562905 ], [ -8.031427, 53.570264 ], [ -8.041141, 53.570264 ], [ -8.047764, 53.571736 ], [ -8.059244, 53.577034 ], [ -8.059244, 53.584688 ], [ -8.053946, 53.587631 ], [ -8.045115, 53.59499 ], [ -8.038197, 53.598228 ], [ -8.045262, 53.607059 ], [ -8.05424, 53.625016 ], [ -8.059244, 53.631786 ], [ -8.059244, 53.639145 ], [ -8.047322, 53.64827 ], [ -8.033046, 53.662989 ], [ -8.018033, 53.672703 ], [ -8.004198, 53.666521 ], [ -8.01141, 53.642089 ], [ -8.011116, 53.632963 ], [ -8.004198, 53.618245 ], [ -7.980355, 53.593224 ], [ -7.972112, 53.580861 ], [ -7.976822, 53.570264 ], [ -7.976822, 53.562905 ], [ -7.958719, 53.552896 ], [ -7.951654, 53.550541 ], [ -7.938996, 53.549658 ], [ -7.925603, 53.554074 ], [ -7.911326, 53.560844 ], [ -7.899699, 53.562316 ], [ -7.894842, 53.549658 ], [ -7.879388, 53.558195 ], [ -7.866583, 53.560844 ] ] ] } },
{ "type": "Feature", "properties": { "name": "Lough Allen" }, "geometry": { "type": "Polygon", "coordinates": [ [ [ -8.049972, 54.061852 ], [ -8.059244, 54.056848 ], [ -8.068517, 54.063912 ], [ -8.072196, 54.078925 ], [ -8.072491, 54.108361 ], [ -8.079261, 54.122197 ], [ -8.092507, 54.13927 ], [ -8.099866, 54.153399 ], [ -8.089711, 54.159286 ], [ -8.056889, 54.154871 ], [ -8.043643, 54.156637 ], [ -8.031427, 54.16694 ], [ -8.017739, 54.153105 ], [ -8.025245, 54.122491 ], [ -8.026864, 54.106595 ], [ -8.023921, 54.097764 ], [ -8.032604, 54.087756 ], [ -8.049972, 54.061852 ] ] ] } },
{ "type": "Feature", "properties": { "name": "Loch Lochy" }, "geometry": { "type": "Polygon", "coordinates": [ [ [ -4.958118, 56.931608 ], [ -4.969157, 56.926898 ], [ -4.974897, 56.933668 ], [ -4.974161, 56.943677 ], [ -4.965183, 56.948681 ], [ -4.933686, 56.962516 ], [ -4.899245, 56.990775 ], [ -4.864658, 57.013147 ], [ -4.83581, 57.010203 ], [ -4.839048, 57.009026 ], [ -4.841844, 57.006671 ], [ -4.844788, 57.004021 ], [ -4.854944, 56.99784 ], [ -4.864363, 56.990481 ], [ -4.882467, 56.973113 ], [ -4.891592, 56.966637 ], [ -4.914405, 56.958395 ], [ -4.931331, 56.946326 ], [ -4.949434, 56.938084 ], [ -4.958118, 56.931608 ] ] ] } },
{ "type": "Feature", "properties": { "name": null }, "geometry": { "type": "Polygon", "coordinates": [ [ [ 74.649422, 34.398328 ], [ 74.660608, 34.3998 ], [ 74.665023, 34.382727 ], [ 74.663257, 34.375368 ], [ 74.652954, 34.369481 ], [ 74.642357, 34.370069 ], [ 74.627345, 34.375662 ], [ 74.61351, 34.383316 ], [ 74.605267, 34.389792 ], [ 74.596731, 34.380666 ], [ 74.587311, 34.376545 ], [ 74.57848, 34.37684 ], [ 74.571121, 34.382433 ], [ 74.563762, 34.365654 ], [ 74.574654, 34.332391 ], [ 74.571121, 34.31414 ], [ 74.557286, 34.301188 ], [ 74.540802, 34.298833 ], [ 74.525495, 34.305604 ], [ 74.515781, 34.32091 ], [ 74.522845, 34.355057 ], [ 74.521079, 34.380961 ], [ 74.522845, 34.389792 ], [ 74.52991, 34.402744 ], [ 74.541096, 34.413635 ], [ 74.555225, 34.420406 ], [ 74.569944, 34.419817 ], [ 74.593493, 34.410986 ], [ 74.649422, 34.398328 ] ] ] } },
{ "type": "Feature", "properties": { "name": null }, "geometry": { "type": "Polygon", "coordinates": [ [ [ 73.847868, 33.162588 ], [ 73.865825, 33.149636 ], [ 73.87024, 33.13845 ], [ 73.87024, 33.128441 ], [ 73.864059, 33.123143 ], [ 73.851695, 33.125792 ], [ 73.846397, 33.127853 ], [ 73.841687, 33.12903 ], [ 73.83109, 33.12903 ], [ 73.823142, 33.131679 ], [ 73.820787, 33.137567 ], [ 73.820198, 33.144337 ], [ 73.817549, 33.149636 ], [ 73.795766, 33.162882 ], [ 73.728357, 33.190552 ], [ 73.712167, 33.207625 ], [ 73.704219, 33.209686 ], [ 73.700981, 33.194085 ], [ 73.702453, 33.184959 ], [ 73.714522, 33.155817 ], [ 73.669189, 33.134917 ], [ 73.650056, 33.132268 ], [ 73.63887, 33.149636 ], [ 73.641519, 33.152874 ], [ 73.647407, 33.160821 ], [ 73.652116, 33.172007 ], [ 73.652411, 33.183782 ], [ 73.646818, 33.194085 ], [ 73.638576, 33.200266 ], [ 73.618559, 33.211158 ], [ 73.615026, 33.216162 ], [ 73.613555, 33.222638 ], [ 73.612966, 33.228525 ], [ 73.612083, 33.231469 ], [ 73.607079, 33.231763 ], [ 73.598836, 33.229997 ], [ 73.59236, 33.227348 ], [ 73.585296, 33.227348 ], [ 73.581175, 33.226759 ], [ 73.57882, 33.228231 ], [ 73.577348, 33.238534 ], [ 73.580586, 33.238239 ], [ 73.587356, 33.2403 ], [ 73.594421, 33.243243 ], [ 73.597953, 33.245893 ], [ 73.596482, 33.265615 ], [ 73.592655, 33.285043 ], [ 73.590889, 33.303588 ], [ 73.597953, 33.320956 ], [ 73.60855, 33.309475 ], [ 73.614438, 33.296818 ], [ 73.613849, 33.283866 ], [ 73.604724, 33.27268 ], [ 73.617087, 33.255901 ], [ 73.637104, 33.234118 ], [ 73.658887, 33.22146 ], [ 73.676549, 33.231174 ], [ 73.679787, 33.240888 ], [ 73.680964, 33.251486 ], [ 73.680375, 33.272974 ], [ 73.684791, 33.28416 ], [ 73.693033, 33.28887 ], [ 73.698626, 33.293874 ], [ 73.69421, 33.306826 ], [ 73.717465, 33.309181 ], [ 73.733066, 33.318012 ], [ 73.744547, 33.323016 ], [ 73.748668, 33.320956 ], [ 73.753378, 33.297701 ], [ 73.741603, 33.270619 ], [ 73.721586, 33.246481 ], [ 73.700981, 33.231469 ], [ 73.715405, 33.225582 ], [ 73.762503, 33.217928 ], [ 73.788996, 33.20792 ], [ 73.802536, 33.204387 ], [ 73.817549, 33.204976 ], [ 73.810779, 33.180838 ], [ 73.825497, 33.169947 ], [ 73.847868, 33.162588 ] ] ] } },
{ "type": "Feature", "properties": { "name": null }, "geometry": { "type": "Polygon", "coordinates": [ [ [ -5.095586, 6.318934 ], [ -5.079396, 6.314519 ], [ -5.070712, 6.297446 ], [ -5.078219, 6.214729 ], [ -5.095145, 6.200011 ], [ -5.133265, 6.228859 ], [ -5.194934, 6.300389 ], [ -5.190077, 6.315696 ], [ -5.199938, 6.325705 ], [ -5.208916, 6.337185 ], [ -5.201116, 6.35573 ], [ -5.204501, 6.358673 ], [ -5.210241, 6.364855 ], [ -5.214804, 6.368976 ], [ -5.205973, 6.36927 ], [ -5.201263, 6.366621 ], [ -5.159758, 6.279489 ], [ -5.139594, 6.258884 ], [ -5.129438, 6.266832 ], [ -5.123992, 6.258884 ], [ -5.119577, 6.246226 ], [ -5.112365, 6.239161 ], [ -5.0975, 6.243577 ], [ -5.091759, 6.257118 ], [ -5.094556, 6.273308 ], [ -5.105595, 6.286848 ], [ -5.100443, 6.288909 ], [ -5.096469, 6.292441 ], [ -5.091907, 6.294208 ], [ -5.104711, 6.311575 ], [ -5.095586, 6.318934 ] ] ] } },
{ "type": "Feature", "properties": { "name": null }, "geometry": { "type": "Polygon", "coordinates": [ [ [ 2.546695, 6.438446 ], [ 2.554937, 6.424611 ], [ 2.557587, 6.410481 ], [ 2.545518, 6.4043 ], [ 2.519319, 6.400767 ], [ 2.480169, 6.385755 ], [ 2.450144, 6.382517 ], [ 2.436603, 6.384577 ], [ 2.416881, 6.394586 ], [ 2.402162, 6.396646 ], [ 2.37773, 6.395469 ], [ 2.376847, 6.401062 ], [ 2.379202, 6.433147 ], [ 2.381557, 6.446099 ], [ 2.388327, 6.45493 ], [ 2.402162, 6.458168 ], [ 2.417175, 6.463467 ], [ 2.431893, 6.474064 ], [ 2.446023, 6.481717 ], [ 2.460152, 6.478774 ], [ 2.466923, 6.47583 ], [ 2.479875, 6.470237 ], [ 2.494887, 6.468471 ], [ 2.508428, 6.472003 ], [ 2.517259, 6.467294 ], [ 2.526384, 6.460523 ], [ 2.534921, 6.452575 ], [ 2.546695, 6.438446 ] ] ] } },
{ "type": "Feature", "properties": { "name": null }, "geometry": { "type": "Polygon", "coordinates": [ [ [ 37.75971, -0.795847 ], [ 37.799449, -0.783484 ], [ 37.812695, -0.79879 ], [ 37.800626, -0.802028 ], [ 37.782376, -0.809388 ], [ 37.772367, -0.812626 ], [ 37.758532, -0.818513 ], [ 37.747935, -0.81292 ], [ 37.741165, -0.800262 ], [ 37.737632, -0.78525 ], [ 37.75971, -0.795847 ] ] ] } },
{ "type": "Feature", "properties": { "name": "Masinga Res." }, "geometry": { "type": "Polygon", "coordinates": [ [ [ 37.658448, -0.795258 ], [ 37.670223, -0.789371 ], [ 37.682292, -0.778185 ], [ 37.671106, -0.827933 ], [ 37.658448, -0.841179 ], [ 37.635194, -0.832937 ], [ 37.629306, -0.843828 ], [ 37.621064, -0.85207 ], [ 37.601047, -0.867083 ], [ 37.590745, -0.862667 ], [ 37.58368, -0.865611 ], [ 37.580442, -0.874736 ], [ 37.580442, -0.887688 ], [ 37.558365, -0.882979 ], [ 37.528045, -0.913004 ], [ 37.50479, -0.901229 ], [ 37.49125, -0.908588 ], [ 37.467112, -0.90535 ], [ 37.453571, -0.911826 ], [ 37.445034, -0.923601 ], [ 37.43797, -0.935964 ], [ 37.431199, -0.94244 ], [ 37.422957, -0.935375 ], [ 37.425606, -0.925073 ], [ 37.422663, -0.918891 ], [ 37.417953, -0.913592 ], [ 37.415304, -0.905056 ], [ 37.417658, -0.896519 ], [ 37.427078, -0.892398 ], [ 37.429139, -0.884156 ], [ 37.42855, -0.873853 ], [ 37.426195, -0.87091 ], [ 37.422074, -0.870615 ], [ 37.415304, -0.867083 ], [ 37.414715, -0.869438 ], [ 37.391754, -0.862373 ], [ 37.388811, -0.860313 ], [ 37.359374, -0.858546 ], [ 37.349366, -0.854425 ], [ 37.337003, -0.842945 ], [ 37.308744, -0.823517 ], [ 37.297264, -0.810859 ], [ 37.292554, -0.791431 ], [ 37.305211, -0.797613 ], [ 37.340241, -0.819396 ], [ 37.343479, -0.81498 ], [ 37.350249, -0.809976 ], [ 37.355253, -0.804972 ], [ 37.359374, -0.814097 ], [ 37.36585, -0.821457 ], [ 37.381452, -0.832937 ], [ 37.393226, -0.830287 ], [ 37.409122, -0.831759 ], [ 37.422957, -0.837352 ], [ 37.429139, -0.846772 ], [ 37.448861, -0.837352 ], [ 37.460341, -0.848538 ], [ 37.469172, -0.865611 ], [ 37.480947, -0.874442 ], [ 37.484774, -0.87562 ], [ 37.489778, -0.878269 ], [ 37.496548, -0.880624 ], [ 37.50479, -0.880918 ], [ 37.512444, -0.875914 ], [ 37.51627, -0.868555 ], [ 37.521569, -0.863551 ], [ 37.532755, -0.867083 ], [ 37.53511, -0.850599 ], [ 37.544529, -0.849715 ], [ 37.556304, -0.854131 ], [ 37.566607, -0.853542 ], [ 37.573083, -0.845006 ], [ 37.570433, -0.837647 ], [ 37.567195, -0.830876 ], [ 37.570139, -0.822634 ], [ 37.576909, -0.820573 ], [ 37.58574, -0.822045 ], [ 37.59516, -0.824695 ], [ 37.60458, -0.826166 ], [ 37.621947, -0.826166 ], [ 37.63431, -0.823811 ], [ 37.637254, -0.816747 ], [ 37.624891, -0.802028 ], [ 37.617532, -0.789665 ], [ 37.617826, -0.776124 ], [ 37.621064, -0.761112 ], [ 37.621358, -0.743744 ], [ 37.628129, -0.743744 ], [ 37.633133, -0.755813 ], [ 37.639315, -0.76641 ], [ 37.641964, -0.777008 ], [ 37.635194, -0.791431 ], [ 37.647263, -0.796141 ], [ 37.658448, -0.795258 ] ] ] } },
{ "type": "Feature", "properties": { "name": "Lake Bunyonyi" }, "geometry": { "type": "Polygon", "coordinates": [ [ [ 29.918732, -1.30598 ], [ 29.918438, -1.302742 ], [ 29.918732, -1.292439 ], [ 29.911373, -1.292439 ], [ 29.9152, -1.329235 ], [ 29.914023, -1.34513 ], [ 29.904897, -1.353667 ], [ 29.903425, -1.33159 ], [ 29.898421, -1.305685 ], [ 29.898421, -1.283608 ], [ 29.911373, -1.271834 ], [ 29.89224, -1.260353 ], [ 29.863981, -1.227679 ], [ 29.843081, -1.210312 ], [ 29.841903, -1.216199 ], [ 29.836899, -1.230917 ], [ 29.830717, -1.217671 ], [ 29.831306, -1.206485 ], [ 29.838077, -1.200303 ], [ 29.865158, -1.207074 ], [ 29.874578, -1.216199 ], [ 29.881937, -1.22709 ], [ 29.890768, -1.237099 ], [ 29.901659, -1.24328 ], [ 29.924031, -1.252406 ], [ 29.932273, -1.257704 ], [ 29.944048, -1.274777 ], [ 29.957588, -1.320109 ], [ 29.966714, -1.340126 ], [ 29.959649, -1.346308 ], [ 29.943165, -1.313045 ], [ 29.939338, -1.298621 ], [ 29.934628, -1.300681 ], [ 29.923148, -1.303919 ], [ 29.918732, -1.30598 ] ] ] } },
{ "type": "Feature", "properties": { "name": null }, "geometry": { "type": "Polygon", "coordinates": [ [ [ 75.560773, 24.819131 ], [ 75.573137, 24.836204 ], [ 75.577846, 24.854454 ], [ 75.57608, 24.862402 ], [ 75.566661, 24.874766 ], [ 75.564306, 24.885068 ], [ 75.57137, 24.909501 ], [ 75.571665, 24.918626 ], [ 75.576963, 24.922453 ], [ 75.582556, 24.925102 ], [ 75.589621, 24.926279 ], [ 75.599041, 24.926279 ], [ 75.593742, 24.90273 ], [ 75.605222, 24.87506 ], [ 75.622295, 24.84739 ], [ 75.633776, 24.823252 ], [ 75.639369, 24.792638 ], [ 75.637897, 24.778214 ], [ 75.629949, 24.765262 ], [ 75.606989, 24.739064 ], [ 75.591976, 24.730527 ], [ 75.585206, 24.744951 ], [ 75.555475, 24.75702 ], [ 75.418301, 24.7267 ], [ 75.379739, 24.754959 ], [ 75.411825, 24.754959 ], [ 75.43508, 24.758492 ], [ 75.457157, 24.764379 ], [ 75.472464, 24.772327 ], [ 75.486888, 24.781747 ], [ 75.530748, 24.795876 ], [ 75.545466, 24.805001 ], [ 75.560773, 24.819131 ] ] ] } },
{ "type": "Feature", "properties": { "name": "Bolmen" }, "geometry": { "type": "Polygon", "coordinates": [ [ [ 13.803179, 57.053769 ], [ 13.821136, 57.046704 ], [ 13.828495, 57.031103 ], [ 13.824079, 57.014913 ], [ 13.821724, 57.010203 ], [ 13.814365, 57.004021 ], [ 13.798175, 56.998428 ], [ 13.766384, 56.975174 ], [ 13.762557, 56.964577 ], [ 13.774037, 56.948681 ], [ 13.768445, 56.937789 ], [ 13.768739, 56.914829 ], [ 13.766384, 56.900405 ], [ 13.761085, 56.88657 ], [ 13.752843, 56.872146 ], [ 13.73577, 56.849775 ], [ 13.696325, 56.822987 ], [ 13.694559, 56.818278 ], [ 13.685139, 56.813568 ], [ 13.673071, 56.802088 ], [ 13.662473, 56.788547 ], [ 13.656586, 56.777361 ], [ 13.667772, 56.770296 ], [ 13.663357, 56.765292 ], [ 13.650993, 56.762937 ], [ 13.636864, 56.76382 ], [ 13.643634, 56.783543 ], [ 13.642162, 56.798261 ], [ 13.630976, 56.804442 ], [ 13.609488, 56.797966 ], [ 13.615375, 56.808269 ], [ 13.616847, 56.818278 ], [ 13.61302, 56.82652 ], [ 13.602718, 56.832113 ], [ 13.609782, 56.842121 ], [ 13.619496, 56.846537 ], [ 13.631271, 56.849186 ], [ 13.643634, 56.853013 ], [ 13.635686, 56.853601 ], [ 13.616847, 56.860077 ], [ 13.631565, 56.874207 ], [ 13.638336, 56.883626 ], [ 13.643634, 56.894224 ], [ 13.595653, 56.889219 ], [ 13.582406, 56.894224 ], [ 13.616847, 56.914535 ], [ 13.611548, 56.919539 ], [ 13.602718, 56.93514 ], [ 13.630682, 56.949858 ], [ 13.658352, 57.009614 ], [ 13.684845, 57.017562 ], [ 13.67778, 57.010203 ], [ 13.694853, 57.018151 ], [ 13.702801, 57.028454 ], [ 13.699858, 57.039934 ], [ 13.684845, 57.051708 ], [ 13.738419, 57.075552 ], [ 13.761085, 57.073491 ], [ 13.766384, 57.044938 ], [ 13.782574, 57.052886 ], [ 13.803179, 57.053769 ] ] ] } },
{ "type": "Feature", "properties": { "name": "Åsnen" }, "geometry": { "type": "Polygon", "coordinates": [ [ [ 14.83993, 56.643131 ], [ 14.855237, 56.622231 ], [ 14.863185, 56.612811 ], [ 14.856414, 56.598388 ], [ 14.848761, 56.589557 ], [ 14.839341, 56.588085 ], [ 14.8258, 56.596033 ], [ 14.817558, 56.602214 ], [ 14.811965, 56.604864 ], [ 14.806372, 56.602803 ], [ 14.79813, 56.596033 ], [ 14.791654, 56.592795 ], [ 14.787827, 56.596916 ], [ 14.784295, 56.603097 ], [ 14.777525, 56.606041 ], [ 14.756625, 56.597799 ], [ 14.767811, 56.578076 ], [ 14.789594, 56.55541 ], [ 14.801368, 56.537749 ], [ 14.777525, 56.543342 ], [ 14.766045, 56.548051 ], [ 14.76104, 56.555116 ], [ 14.758097, 56.563064 ], [ 14.751621, 56.56954 ], [ 14.733664, 56.578665 ], [ 14.714236, 56.557177 ], [ 14.704522, 56.549229 ], [ 14.692159, 56.544519 ], [ 14.680385, 56.568657 ], [ 14.676558, 56.587202 ], [ 14.669787, 56.590145 ], [ 14.660957, 56.590145 ], [ 14.650948, 56.593089 ], [ 14.638291, 56.602803 ], [ 14.629754, 56.613106 ], [ 14.625044, 56.626058 ], [ 14.623867, 56.64372 ], [ 14.615624, 56.673745 ], [ 14.599729, 56.703181 ], [ 14.589132, 56.732912 ], [ 14.595902, 56.76382 ], [ 14.601495, 56.760877 ], [ 14.605322, 56.757639 ], [ 14.607677, 56.754106 ], [ 14.610032, 56.749985 ], [ 14.627105, 56.710246 ], [ 14.637407, 56.674922 ], [ 14.640645, 56.67139 ], [ 14.655069, 56.646369 ], [ 14.654481, 56.640187 ], [ 14.668021, 56.641953 ], [ 14.676852, 56.647252 ], [ 14.678618, 56.655789 ], [ 14.671554, 56.667563 ], [ 14.687155, 56.674628 ], [ 14.695397, 56.675805 ], [ 14.7057, 56.674922 ], [ 14.701284, 56.700826 ], [ 14.70099, 56.715545 ], [ 14.7057, 56.729674 ], [ 14.731604, 56.712601 ], [ 14.765161, 56.67345 ], [ 14.788416, 56.661382 ], [ 14.805195, 56.66197 ], [ 14.816675, 56.660498 ], [ 14.829333, 56.654022 ], [ 14.83993, 56.643131 ] ] ] } },
{ "type": "Feature", "properties": { "name": "Foxen" }, "geometry": { "type": "Polygon", "coordinates": [ [ [ 12.211258, 59.046025 ], [ 12.184766, 59.042199 ], [ 12.18035, 59.028069 ], [ 12.197423, 58.991274 ], [ 12.180939, 58.998044 ], [ 12.167692, 59.008935 ], [ 12.15739, 59.022771 ], [ 12.149147, 59.038666 ], [ 12.163277, 59.043376 ], [ 12.170342, 59.055151 ], [ 12.172108, 59.070752 ], [ 12.170047, 59.086942 ], [ 12.166809, 59.101071 ], [ 12.162099, 59.111374 ], [ 12.15474, 59.119322 ], [ 12.043176, 59.185848 ], [ 12.012562, 59.193796 ], [ 11.989602, 59.212341 ], [ 11.959871, 59.219995 ], [ 11.889813, 59.249725 ], [ 11.872445, 59.277396 ], [ 11.848602, 59.333913 ], [ 11.836827, 59.32626 ], [ 11.827996, 59.316252 ], [ 11.813867, 59.292997 ], [ 11.823875, 59.268859 ], [ 11.827702, 59.249137 ], [ 11.827407, 59.200272 ], [ 11.831823, 59.187026 ], [ 11.841831, 59.184082 ], [ 11.854195, 59.184082 ], [ 11.86538, 59.179372 ], [ 11.868618, 59.173485 ], [ 11.867735, 59.161122 ], [ 11.869207, 59.155234 ], [ 11.885397, 59.134923 ], [ 11.895994, 59.115201 ], [ 11.896583, 59.109902 ], [ 11.882748, 59.086942 ], [ 11.876272, 59.071341 ], [ 11.874506, 59.061627 ], [ 11.875978, 59.035428 ], [ 11.884514, 59.015117 ], [ 11.901587, 58.9951 ], [ 11.912479, 58.975672 ], [ 11.903353, 58.956539 ], [ 11.927491, 58.926219 ], [ 11.931024, 58.919154 ], [ 11.926314, 58.905614 ], [ 11.915422, 58.911795 ], [ 11.903942, 58.92563 ], [ 11.873623, 58.980088 ], [ 11.856844, 58.992745 ], [ 11.827407, 58.998338 ], [ 11.838593, 59.012468 ], [ 11.840065, 59.026009 ], [ 11.831823, 59.037489 ], [ 11.813867, 59.046025 ], [ 11.83094, 59.058683 ], [ 11.831234, 59.075756 ], [ 11.820931, 59.091652 ], [ 11.807096, 59.101366 ], [ 11.840948, 59.102543 ], [ 11.849485, 59.116967 ], [ 11.841243, 59.137867 ], [ 11.824464, 59.158178 ], [ 11.815339, 59.164065 ], [ 11.80533, 59.168775 ], [ 11.796794, 59.175251 ], [ 11.793556, 59.186437 ], [ 11.795322, 59.217345 ], [ 11.793556, 59.230297 ], [ 11.77972, 59.265032 ], [ 11.77766, 59.275924 ], [ 11.776777, 59.285343 ], [ 11.775011, 59.294174 ], [ 11.769418, 59.303005 ], [ 11.718198, 59.350103 ], [ 11.704069, 59.36806 ], [ 11.759115, 59.332147 ], [ 11.790023, 59.317135 ], [ 11.813867, 59.319784 ], [ 11.826524, 59.342744 ], [ 11.822109, 59.368354 ], [ 11.808568, 59.391903 ], [ 11.793556, 59.408388 ], [ 11.809157, 59.416335 ], [ 11.817105, 59.422517 ], [ 11.820048, 59.431937 ], [ 11.821226, 59.450187 ], [ 11.819165, 59.456663 ], [ 11.815044, 59.461962 ], [ 11.814161, 59.468143 ], [ 11.821226, 59.477269 ], [ 11.833295, 59.483745 ], [ 11.84713, 59.485805 ], [ 11.856255, 59.481979 ], [ 11.855372, 59.470498 ], [ 11.841831, 59.456958 ], [ 11.848896, 59.443123 ], [ 11.851251, 59.427227 ], [ 11.85655, 59.41398 ], [ 11.887163, 59.403383 ], [ 11.900704, 59.393964 ], [ 11.911007, 59.390431 ], [ 11.916894, 59.402206 ], [ 11.908946, 59.431054 ], [ 11.910713, 59.442534 ], [ 11.943976, 59.422223 ], [ 11.963404, 59.415747 ], [ 12.005203, 59.408388 ], [ 12.005203, 59.402206 ], [ 11.953395, 59.408388 ], [ 11.9375, 59.402206 ], [ 11.943093, 59.384838 ], [ 11.930141, 59.372769 ], [ 11.912184, 59.362761 ], [ 11.903353, 59.350692 ], [ 11.899821, 59.343333 ], [ 11.885986, 59.328909 ], [ 11.88628, 59.323022 ], [ 11.894817, 59.316546 ], [ 11.900115, 59.314191 ], [ 11.90247, 59.309187 ], [ 11.904531, 59.283283 ], [ 11.908063, 59.278573 ], [ 11.914539, 59.276512 ], [ 11.931024, 59.267093 ], [ 11.944564, 59.262089 ], [ 11.95104, 59.258262 ], [ 11.956633, 59.251786 ], [ 11.964287, 59.237068 ], [ 11.971352, 59.230297 ], [ 11.980182, 59.225882 ], [ 12.048475, 59.204688 ], [ 12.063782, 59.197034 ], [ 12.126776, 59.153174 ], [ 12.154152, 59.144343 ], [ 12.171813, 59.134629 ], [ 12.187709, 59.123149 ], [ 12.197423, 59.114318 ], [ 12.204782, 59.095773 ], [ 12.203899, 59.061627 ], [ 12.211258, 59.046025 ] ] ] } },
{ "type": "Feature", "properties": { "name": "Müritz" }, "geometry": { "type": "Polygon", "coordinates": [ [ [ 12.767018, 53.436917 ], [ 12.780264, 53.423965 ], [ 12.787035, 53.406303 ], [ 12.784091, 53.388936 ], [ 12.772611, 53.383637 ], [ 12.757304, 53.382165 ], [ 12.742586, 53.3751 ], [ 12.706673, 53.347725 ], [ 12.697842, 53.337716 ], [ 12.717565, 53.344487 ], [ 12.713738, 53.335067 ], [ 12.707262, 53.330063 ], [ 12.699608, 53.330357 ], [ 12.691661, 53.337716 ], [ 12.690483, 53.343898 ], [ 12.696076, 53.360088 ], [ 12.697842, 53.36833 ], [ 12.693721, 53.388641 ], [ 12.683418, 53.399827 ], [ 12.668111, 53.403065 ], [ 12.656926, 53.402771 ], [ 12.657809, 53.407186 ], [ 12.656926, 53.412779 ], [ 12.646328, 53.400121 ], [ 12.634848, 53.397178 ], [ 12.629255, 53.402182 ], [ 12.63632, 53.412779 ], [ 12.628667, 53.425142 ], [ 12.615715, 53.431324 ], [ 12.598936, 53.431618 ], [ 12.581568, 53.426908 ], [ 12.581568, 53.433679 ], [ 12.605706, 53.446925 ], [ 12.638086, 53.487842 ], [ 12.656926, 53.501971 ], [ 12.653688, 53.510214 ], [ 12.665756, 53.514923 ], [ 12.683713, 53.514629 ], [ 12.697842, 53.508742 ], [ 12.669878, 53.49785 ], [ 12.664579, 53.490491 ], [ 12.723452, 53.451046 ], [ 12.735521, 53.447514 ], [ 12.750828, 53.444865 ], [ 12.767018, 53.436917 ] ] ] } },
{ "type": "Feature", "properties": { "name": "Schweriner See" }, "geometry": { "type": "Polygon", "coordinates": [ [ [ 11.452682, 53.756891 ], [ 11.495659, 53.781029 ], [ 11.533926, 53.790154 ], [ 11.525979, 53.783089 ], [ 11.491832, 53.769548 ], [ 11.49772, 53.753653 ], [ 11.498897, 53.73658 ], [ 11.494776, 53.721861 ], [ 11.484768, 53.714208 ], [ 11.484768, 53.708026 ], [ 11.487711, 53.698901 ], [ 11.48153, 53.69478 ], [ 11.470049, 53.695369 ], [ 11.457686, 53.700667 ], [ 11.463868, 53.686243 ], [ 11.473287, 53.676235 ], [ 11.48153, 53.664166 ], [ 11.484768, 53.642677 ], [ 11.488889, 53.637673 ], [ 11.506551, 53.626193 ], [ 11.512143, 53.618245 ], [ 11.510966, 53.612652 ], [ 11.505667, 53.608237 ], [ 11.498897, 53.607059 ], [ 11.491832, 53.61118 ], [ 11.475937, 53.606176 ], [ 11.457392, 53.609709 ], [ 11.438847, 53.617362 ], [ 11.424129, 53.625604 ], [ 11.42825, 53.634141 ], [ 11.436786, 53.642972 ], [ 11.4465, 53.650036 ], [ 11.454448, 53.652686 ], [ 11.455331, 53.679179 ], [ 11.457686, 53.687126 ], [ 11.437669, 53.687126 ], [ 11.443262, 53.700667 ], [ 11.427661, 53.72716 ], [ 11.452682, 53.756891 ] ] ] } },
{ "type": "Feature", "properties": { "name": "Upper Lough Erne" }, "geometry": { "type": "Polygon", "coordinates": [ [ [ -7.458447, 54.193727 ], [ -7.448586, 54.179009 ], [ -7.434898, 54.16694 ], [ -7.444318, 54.161053 ], [ -7.460508, 54.154282 ], [ -7.477728, 54.150456 ], [ -7.490091, 54.153105 ], [ -7.493035, 54.164291 ], [ -7.489797, 54.177831 ], [ -7.492593, 54.189312 ], [ -7.513788, 54.194021 ], [ -7.524532, 54.19932 ], [ -7.540133, 54.222869 ], [ -7.554704, 54.228168 ], [ -7.569864, 54.230523 ], [ -7.613135, 54.248773 ], [ -7.613135, 54.255544 ], [ -7.595621, 54.257604 ], [ -7.568834, 54.274972 ], [ -7.551025, 54.276738 ], [ -7.546609, 54.26879 ], [ -7.542341, 54.266729 ], [ -7.537631, 54.266435 ], [ -7.531744, 54.262903 ], [ -7.528359, 54.257898 ], [ -7.525268, 54.250539 ], [ -7.523649, 54.244358 ], [ -7.524385, 54.242591 ], [ -7.514376, 54.23847 ], [ -7.489355, 54.232877 ], [ -7.47655, 54.228168 ], [ -7.478464, 54.223752 ], [ -7.481407, 54.212272 ], [ -7.483468, 54.207857 ], [ -7.468603, 54.205207 ], [ -7.458447, 54.193727 ] ] ] } },
{ "type": "Feature", "properties": { "name": "Lac Alaotra" }, "geometry": { "type": "Polygon", "coordinates": [ [ [ 48.578769, -17.327336 ], [ 48.592898, -17.339111 ], [ 48.600257, -17.364132 ], [ 48.596136, -17.402105 ], [ 48.580829, -17.437428 ], [ 48.52019, -17.520145 ], [ 48.512831, -17.53398 ], [ 48.510476, -17.548992 ], [ 48.508121, -17.593147 ], [ 48.502823, -17.611103 ], [ 48.493697, -17.627882 ], [ 48.481334, -17.646133 ], [ 48.467499, -17.620523 ], [ 48.461317, -17.587848 ], [ 48.460729, -17.553702 ], [ 48.463378, -17.524266 ], [ 48.473681, -17.497184 ], [ 48.509888, -17.458034 ], [ 48.526666, -17.434779 ], [ 48.532554, -17.411819 ], [ 48.532848, -17.367958 ], [ 48.542268, -17.346764 ], [ 48.560813, -17.329397 ], [ 48.578769, -17.327336 ] ] ] } },
{ "type": "Feature", "properties": { "name": "Lake Cheshi" }, "geometry": { "type": "Polygon", "coordinates": [ [ [ 29.871045, -8.569415 ], [ 29.896655, -8.569709 ], [ 29.898716, -8.582661 ], [ 29.884586, -8.614158 ], [ 29.881054, -8.615041 ], [ 29.873695, -8.623578 ], [ 29.867513, -8.633586 ], [ 29.867219, -8.638002 ], [ 29.86192, -8.640651 ], [ 29.856327, -8.647127 ], [ 29.852206, -8.655075 ], [ 29.847202, -8.683039 ], [ 29.837782, -8.699818 ], [ 29.82277, -8.707177 ], [ 29.802459, -8.700112 ], [ 29.804519, -8.721601 ], [ 29.800104, -8.729254 ], [ 29.789801, -8.732492 ], [ 29.768607, -8.743973 ], [ 29.764486, -8.744561 ], [ 29.762131, -8.747505 ], [ 29.760659, -8.765756 ], [ 29.757421, -8.771054 ], [ 29.751828, -8.773703 ], [ 29.744469, -8.774586 ], [ 29.722097, -8.783417 ], [ 29.702963, -8.800491 ], [ 29.682947, -8.811088 ], [ 29.658514, -8.801374 ], [ 29.655865, -8.788422 ], [ 29.668228, -8.764284 ], [ 29.662341, -8.751332 ], [ 29.652038, -8.747211 ], [ 29.637909, -8.746622 ], [ 29.611122, -8.748094 ], [ 29.611122, -8.740735 ], [ 29.619953, -8.736908 ], [ 29.640264, -8.736908 ], [ 29.651744, -8.734259 ], [ 29.662047, -8.729549 ], [ 29.667934, -8.723661 ], [ 29.67912, -8.706588 ], [ 29.687068, -8.700407 ], [ 29.691189, -8.695697 ], [ 29.694721, -8.680979 ], [ 29.698842, -8.68039 ], [ 29.703258, -8.681273 ], [ 29.707085, -8.679213 ], [ 29.7115, -8.670676 ], [ 29.713561, -8.663022 ], [ 29.709145, -8.658313 ], [ 29.692661, -8.658607 ], [ 29.692661, -8.651837 ], [ 29.71827, -8.651542 ], [ 29.730045, -8.653603 ], [ 29.741231, -8.658607 ], [ 29.79245, -8.613864 ], [ 29.802459, -8.61092 ], [ 29.809818, -8.6015 ], [ 29.817177, -8.597674 ], [ 29.826008, -8.595024 ], [ 29.836899, -8.590315 ], [ 29.871045, -8.569415 ] ] ] } },
{ "type": "Feature", "properties": { "name": "Lago di Bracciano" }, "geometry": { "type": "Polygon", "coordinates": [ [ [ 11.976944, 42.639935 ], [ 11.98813, 42.631398 ], [ 11.99961, 42.620213 ], [ 11.99961, 42.612854 ], [ 11.993134, 42.60049 ], [ 11.994901, 42.561045 ], [ 11.985187, 42.544267 ], [ 11.963698, 42.53573 ], [ 11.941032, 42.537496 ], [ 11.919838, 42.546033 ], [ 11.870385, 42.579296 ], [ 11.859493, 42.592837 ], [ 11.861554, 42.612854 ], [ 11.875389, 42.631987 ], [ 11.893934, 42.642584 ], [ 11.944859, 42.653476 ], [ 11.963404, 42.647 ], [ 11.976944, 42.639935 ] ] ] } },
{ "type": "Feature", "properties": { "name": null }, "geometry": { "type": "Polygon", "coordinates": [ [ [ 21.030113, 40.842253 ], [ 21.030408, 40.844903 ], [ 21.030408, 40.844903 ], [ 21.030113, 40.841959 ], [ 21.030113, 40.842253 ] ] ] } },
{ "type": "Feature", "properties": { "name": null }, "geometry": { "type": "Polygon", "coordinates": [ [ [ 21.030408, 40.840193 ], [ 21.030996, 40.839898 ], [ 21.031291, 40.839604 ], [ 21.030996, 40.839604 ], [ 21.030408, 40.840193 ] ] ] } },
{ "type": "Feature", "properties": { "name": null }, "geometry": { "type": "Polygon", "coordinates": [ [ [ 21.032174, 40.839604 ], [ 21.034529, 40.839898 ], [ 21.036, 40.839604 ], [ 21.037472, 40.838721 ], [ 21.036, 40.83931 ], [ 21.034529, 40.839604 ], [ 21.032174, 40.839604 ] ] ] } },
{ "type": "Feature", "properties": { "name": null }, "geometry": { "type": "Polygon", "coordinates": [ [ [ 21.024226, 40.844903 ], [ 21.008919, 40.816644 ], [ 20.945042, 40.785441 ], [ 20.92061, 40.762481 ], [ 20.907658, 40.776021 ], [ 20.914134, 40.790151 ], [ 20.923259, 40.799865 ], [ 20.932973, 40.808107 ], [ 20.941215, 40.816938 ], [ 20.942098, 40.824003 ], [ 20.940921, 40.833128 ], [ 20.940626, 40.84137 ], [ 20.944748, 40.844903 ], [ 20.951812, 40.846669 ], [ 20.96918, 40.858443 ], [ 20.953873, 40.866097 ], [ 20.935328, 40.877577 ], [ 20.926791, 40.891706 ], [ 20.941215, 40.906425 ], [ 20.950635, 40.884936 ], [ 20.970063, 40.89259 ], [ 20.984487, 40.910546 ], [ 20.978894, 40.920554 ], [ 20.968002, 40.923203 ], [ 20.941215, 40.94116 ], [ 20.927969, 40.939982 ], [ 20.917372, 40.94322 ], [ 20.907658, 40.9547 ], [ 20.90648, 40.969124 ], [ 20.915311, 40.981782 ], [ 20.944748, 41.00592 ], [ 20.964764, 41.015928 ], [ 20.985959, 41.014751 ], [ 21.030408, 41.002682 ], [ 21.030702, 41.007392 ], [ 21.02923, 41.008569 ], [ 21.026581, 41.008275 ], [ 21.024226, 41.009452 ], [ 21.031585, 41.01063 ], [ 21.037472, 41.010041 ], [ 21.042182, 41.007392 ], [ 21.044537, 41.002682 ], [ 21.058372, 40.985903 ], [ 21.060727, 40.977072 ], [ 21.06632, 40.974423 ], [ 21.073385, 40.973245 ], [ 21.078978, 40.968536 ], [ 21.093107, 40.924675 ], [ 21.102821, 40.910251 ], [ 21.119894, 40.861976 ], [ 21.115479, 40.846963 ], [ 21.105176, 40.835483 ], [ 21.078978, 40.816938 ], [ 21.071913, 40.829301 ], [ 21.062493, 40.838721 ], [ 21.049247, 40.844314 ], [ 21.030408, 40.844903 ], [ 21.024226, 40.844903 ] ] ] } },
{ "type": "Feature", "properties": { "name": null }, "geometry": { "type": "Polygon", "coordinates": [ [ [ 21.116362, 40.798687 ], [ 21.12902, 40.768368 ], [ 21.130197, 40.762481 ], [ 21.123427, 40.757476 ], [ 21.10341, 40.733339 ], [ 21.099289, 40.725096 ], [ 21.085748, 40.715382 ], [ 21.019516, 40.686535 ], [ 20.996261, 40.680353 ], [ 20.996261, 40.688007 ], [ 21.020105, 40.69566 ], [ 21.051896, 40.711261 ], [ 21.0778, 40.732456 ], [ 21.085159, 40.755416 ], [ 21.080449, 40.760126 ], [ 21.054545, 40.773078 ], [ 21.050719, 40.779554 ], [ 21.054251, 40.783969 ], [ 21.065142, 40.790445 ], [ 21.074268, 40.800454 ], [ 21.084865, 40.807518 ], [ 21.097523, 40.811051 ], [ 21.113124, 40.810756 ], [ 21.116362, 40.798687 ] ] ] } },
{ "type": "Feature", "properties": { "name": null }, "geometry": { "type": "Polygon", "coordinates": [ [ [ 14.387492, 51.6463 ], [ 14.399267, 51.6672 ], [ 14.417517, 51.651598 ], [ 14.408392, 51.645122 ], [ 14.400739, 51.637469 ], [ 14.390436, 51.623928 ], [ 14.394263, 51.614509 ], [ 14.39338, 51.606266 ], [ 14.387492, 51.600085 ], [ 14.37719, 51.596552 ], [ 14.387492, 51.6463 ] ] ] } },
{ "type": "Feature", "properties": { "name": "Lac Upemba" }, "geometry": { "type": "Polygon", "coordinates": [ [ [ 26.540315, -8.522022 ], [ 26.553856, -8.535268 ], [ 26.567691, -8.528204 ], [ 26.557094, -8.543511 ], [ 26.529424, -8.564411 ], [ 26.519415, -8.582955 ], [ 26.514411, -8.608271 ], [ 26.512939, -8.634764 ], [ 26.485564, -8.672442 ], [ 26.48262, -8.679213 ], [ 26.465547, -8.684511 ], [ 26.424925, -8.708355 ], [ 26.383419, -8.716008 ], [ 26.380476, -8.721895 ], [ 26.379887, -8.730432 ], [ 26.369584, -8.740735 ], [ 26.356632, -8.741912 ], [ 26.341914, -8.736908 ], [ 26.328962, -8.728666 ], [ 26.321014, -8.720718 ], [ 26.331611, -8.713947 ], [ 26.341914, -8.688338 ], [ 26.356043, -8.679213 ], [ 26.326901, -8.685394 ], [ 26.311889, -8.705705 ], [ 26.301292, -8.716008 ], [ 26.286573, -8.692165 ], [ 26.280392, -8.692165 ], [ 26.277742, -8.698935 ], [ 26.265968, -8.713947 ], [ 26.255076, -8.696286 ], [ 26.246245, -8.674503 ], [ 26.243596, -8.65007 ], [ 26.252427, -8.624461 ], [ 26.259786, -8.634469 ], [ 26.267145, -8.632997 ], [ 26.283335, -8.614158 ], [ 26.291872, -8.610331 ], [ 26.304235, -8.609743 ], [ 26.328079, -8.61092 ], [ 26.314244, -8.576774 ], [ 26.331905, -8.577363 ], [ 26.341619, -8.57383 ], [ 26.367524, -8.539684 ], [ 26.374294, -8.534385 ], [ 26.39019, -8.528204 ], [ 26.403436, -8.52526 ], [ 26.426691, -8.523788 ], [ 26.437877, -8.521433 ], [ 26.479382, -8.501122 ], [ 26.497927, -8.5023 ], [ 26.520004, -8.510248 ], [ 26.540315, -8.522022 ] ] ] } },
{ "type": "Feature", "properties": { "name": "Lauwerszee" }, "geometry": { "type": "Polygon", "coordinates": [ [ [ 6.218888, 53.36362 ], [ 6.247147, 53.360971 ], [ 6.263042, 53.351846 ], [ 6.251268, 53.341543 ], [ 6.218593, 53.340071 ], [ 6.153245, 53.344487 ], [ 6.146769, 53.354789 ], [ 6.150301, 53.363326 ], [ 6.157071, 53.371568 ], [ 6.167668, 53.401299 ], [ 6.184742, 53.406892 ], [ 6.206819, 53.402771 ], [ 6.228896, 53.392762 ], [ 6.220654, 53.386581 ], [ 6.211823, 53.38452 ], [ 6.203286, 53.386581 ], [ 6.19475, 53.392762 ], [ 6.195633, 53.370685 ], [ 6.218888, 53.36362 ] ] ] } },
{ "type": "Feature", "properties": { "name": null }, "geometry": { "type": "Polygon", "coordinates": [ [ [ 13.191196, 52.515263 ], [ 13.197967, 52.515263 ], [ 13.219161, 52.507609 ], [ 13.206798, 52.50025 ], [ 13.197967, 52.487004 ], [ 13.192963, 52.471697 ], [ 13.191196, 52.456979 ], [ 13.189136, 52.450503 ], [ 13.183837, 52.440789 ], [ 13.177361, 52.431958 ], [ 13.170591, 52.426365 ], [ 13.163232, 52.438434 ], [ 13.144687, 52.438728 ], [ 13.102593, 52.432546 ], [ 13.114073, 52.441966 ], [ 13.176773, 52.466987 ], [ 13.18472, 52.482294 ], [ 13.191196, 52.515263 ] ] ] } },
{ "type": "Feature", "properties": { "name": null }, "geometry": { "type": "Polygon", "coordinates": [ [ [ 12.843552, 53.221148 ], [ 12.849145, 53.217616 ], [ 12.856504, 53.214672 ], [ 12.842081, 53.210256 ], [ 12.814705, 53.214378 ], [ 12.799987, 53.207313 ], [ 12.794982, 53.216144 ], [ 12.793511, 53.224386 ], [ 12.797043, 53.231156 ], [ 12.80764, 53.235277 ], [ 12.80764, 53.214672 ], [ 12.814999, 53.216733 ], [ 12.829717, 53.224092 ], [ 12.83531, 53.228213 ], [ 12.843552, 53.221148 ] ] ] } },
{ "type": "Feature", "properties": { "name": null }, "geometry": { "type": "Polygon", "coordinates": [ [ [ 12.489727, 52.414885 ], [ 12.492965, 52.412235 ], [ 12.495908, 52.39163 ], [ 12.490904, 52.379561 ], [ 12.478247, 52.371613 ], [ 12.45823, 52.364254 ], [ 12.430854, 52.371024 ], [ 12.430854, 52.378089 ], [ 12.437624, 52.380444 ], [ 12.443217, 52.383388 ], [ 12.440568, 52.388686 ], [ 12.409071, 52.398106 ], [ 12.389937, 52.398989 ], [ 12.404067, 52.404876 ], [ 12.451459, 52.405759 ], [ 12.489727, 52.414885 ] ] ] } },
{ "type": "Feature", "properties": { "name": null }, "geometry": { "type": "Polygon", "coordinates": [ [ [ 12.940693, 52.373968 ], [ 12.931273, 52.398989 ], [ 12.923619, 52.408703 ], [ 12.913905, 52.416945 ], [ 12.890062, 52.432546 ], [ 12.89801, 52.433135 ], [ 12.903603, 52.431663 ], [ 12.911256, 52.426365 ], [ 12.943342, 52.413118 ], [ 12.951584, 52.405759 ], [ 12.948346, 52.394573 ], [ 12.950701, 52.382505 ], [ 12.957471, 52.371907 ], [ 12.965714, 52.364254 ], [ 12.948935, 52.365431 ], [ 12.940693, 52.373968 ] ] ] } },
{ "type": "Feature", "properties": { "name": null }, "geometry": { "type": "Polygon", "coordinates": [ [ [ 12.980726, 52.353068 ], [ 12.985436, 52.351891 ], [ 12.992795, 52.350713 ], [ 12.973661, 52.343943 ], [ 12.931273, 52.316567 ], [ 12.936866, 52.332463 ], [ 12.946874, 52.348947 ], [ 12.959238, 52.359839 ], [ 12.971895, 52.358072 ], [ 12.976605, 52.354834 ], [ 12.980726, 52.353068 ] ] ] } },
{ "type": "Feature", "properties": { "name": null }, "geometry": { "type": "Polygon", "coordinates": [ [ [ 13.681018, 52.445793 ], [ 13.683668, 52.445793 ], [ 13.685434, 52.444321 ], [ 13.684845, 52.439317 ], [ 13.651288, 52.432252 ], [ 13.633626, 52.431663 ], [ 13.623323, 52.439317 ], [ 13.628033, 52.450208 ], [ 13.6454, 52.454035 ], [ 13.665417, 52.452563 ], [ 13.67778, 52.44697 ], [ 13.681018, 52.445793 ] ] ] } },
{ "type": "Feature", "properties": { "name": null }, "geometry": { "type": "Polygon", "coordinates": [ [ [ 14.214701, 52.088729 ], [ 14.230302, 52.086374 ], [ 14.246492, 52.089907 ], [ 14.246492, 52.083725 ], [ 14.237661, 52.082253 ], [ 14.231479, 52.079898 ], [ 14.226181, 52.075777 ], [ 14.219116, 52.069595 ], [ 14.226181, 52.06047 ], [ 14.227358, 52.048401 ], [ 14.222943, 52.036921 ], [ 14.21264, 52.028385 ], [ 14.208519, 52.031328 ], [ 14.204987, 52.0328 ], [ 14.192329, 52.035449 ], [ 14.19645, 52.029562 ], [ 14.198805, 52.022792 ], [ 14.197039, 52.017199 ], [ 14.188796, 52.014844 ], [ 14.182909, 52.019848 ], [ 14.18497, 52.030739 ], [ 14.18968, 52.040453 ], [ 14.192329, 52.042808 ], [ 14.197627, 52.074011 ], [ 14.196156, 52.088435 ], [ 14.18497, 52.097266 ], [ 14.18497, 52.10433 ], [ 14.21264, 52.11169 ], [ 14.206753, 52.097266 ], [ 14.214701, 52.088729 ] ] ] } },
{ "type": "Feature", "properties": { "name": "Jezioro Dąbie" }, "geometry": { "type": "Polygon", "coordinates": [ [ [ 14.704228, 53.467531 ], [ 14.711587, 53.460172 ], [ 14.714825, 53.451341 ], [ 14.7057, 53.439861 ], [ 14.665078, 53.434268 ], [ 14.652714, 53.427497 ], [ 14.671554, 53.412779 ], [ 14.663017, 53.408364 ], [ 14.652714, 53.406303 ], [ 14.641823, 53.40748 ], [ 14.630637, 53.412779 ], [ 14.634169, 53.417194 ], [ 14.635347, 53.420727 ], [ 14.635936, 53.425731 ], [ 14.637407, 53.433679 ], [ 14.630637, 53.426908 ], [ 14.607677, 53.443099 ], [ 14.609737, 53.456639 ], [ 14.623867, 53.461643 ], [ 14.637407, 53.453696 ], [ 14.646827, 53.466353 ], [ 14.648593, 53.481955 ], [ 14.64771, 53.499028 ], [ 14.652126, 53.524637 ], [ 14.651243, 53.530819 ], [ 14.652714, 53.534646 ], [ 14.661545, 53.536118 ], [ 14.676852, 53.536118 ], [ 14.681562, 53.534057 ], [ 14.685683, 53.529347 ], [ 14.686861, 53.519633 ], [ 14.690687, 53.511685 ], [ 14.697163, 53.506092 ], [ 14.7057, 53.501971 ], [ 14.699813, 53.481071 ], [ 14.699518, 53.474595 ], [ 14.704228, 53.467531 ] ] ] } },
{ "type": "Feature", "properties": { "name": "Alesayqin Ha" }, "geometry": { "type": "Polygon", "coordinates": [ [ [ 79.884099, 35.268469 ], [ 79.895874, 35.248746 ], [ 79.910003, 35.223137 ], [ 79.905294, 35.192228 ], [ 79.888809, 35.165735 ], [ 79.867615, 35.153667 ], [ 79.852602, 35.154844 ], [ 79.831702, 35.158376 ], [ 79.813452, 35.164264 ], [ 79.805504, 35.17074 ], [ 79.804327, 35.175744 ], [ 79.801383, 35.181042 ], [ 79.799028, 35.187224 ], [ 79.798734, 35.195172 ], [ 79.801677, 35.201059 ], [ 79.811391, 35.209007 ], [ 79.812274, 35.214894 ], [ 79.795496, 35.229907 ], [ 79.767237, 35.242565 ], [ 79.749281, 35.258755 ], [ 79.764587, 35.283776 ], [ 79.794318, 35.295844 ], [ 79.835235, 35.30026 ], [ 79.875563, 35.296433 ], [ 79.901761, 35.283776 ], [ 79.887043, 35.278183 ], [ 79.880567, 35.277005 ], [ 79.884099, 35.268469 ] ] ] } },
{ "type": "Feature", "properties": { "name": null }, "geometry": { "type": "Polygon", "coordinates": [ [ [ 78.436122, 54.536073 ], [ 78.401387, 54.542843 ], [ 78.408158, 54.542843 ], [ 78.403742, 54.554912 ], [ 78.409335, 54.56492 ], [ 78.42111, 54.572574 ], [ 78.435533, 54.577578 ], [ 78.445542, 54.577872 ], [ 78.462026, 54.571396 ], [ 78.470268, 54.570807 ], [ 78.480571, 54.575223 ], [ 78.487047, 54.587586 ], [ 78.49735, 54.594651 ], [ 78.517955, 54.589352 ], [ 78.596845, 54.557267 ], [ 78.614212, 54.54667 ], [ 78.606853, 54.518705 ], [ 78.588014, 54.50958 ], [ 78.563287, 54.513701 ], [ 78.538561, 54.523709 ], [ 78.50677, 54.532246 ], [ 78.436122, 54.536073 ] ] ] } },
{ "type": "Feature", "properties": { "name": "Ozero Bol'shoye Topol'noye" }, "geometry": { "type": "Polygon", "coordinates": [ [ [ 78.061397, 53.351846 ], [ 78.067578, 53.322409 ], [ 78.068167, 53.291207 ], [ 78.062868, 53.272073 ], [ 78.039025, 53.258532 ], [ 78.007528, 53.253822 ], [ 77.975148, 53.259121 ], [ 77.94895, 53.275311 ], [ 77.94895, 53.268541 ], [ 77.939235, 53.298566 ], [ 77.928638, 53.318582 ], [ 77.928344, 53.337716 ], [ 77.94895, 53.364798 ], [ 77.95778, 53.373334 ], [ 77.966906, 53.37981 ], [ 77.979269, 53.383931 ], [ 77.997814, 53.385403 ], [ 78.013121, 53.382165 ], [ 78.039614, 53.368036 ], [ 78.048739, 53.364798 ], [ 78.061397, 53.351846 ] ] ] } },
{ "type": "Feature", "properties": { "name": "Ozero Kuchukskoye" }, "geometry": { "type": "Polygon", "coordinates": [ [ [ 79.756934, 52.627121 ], [ 79.731324, 52.654497 ], [ 79.714546, 52.664211 ], [ 79.698944, 52.689526 ], [ 79.692468, 52.70395 ], [ 79.689819, 52.717491 ], [ 79.693057, 52.72956 ], [ 79.707186, 52.753992 ], [ 79.710424, 52.765178 ], [ 79.72161, 52.771065 ], [ 79.792846, 52.782545 ], [ 79.808448, 52.780191 ], [ 79.82817, 52.774598 ], [ 79.847598, 52.766061 ], [ 79.861728, 52.754581 ], [ 79.863494, 52.748105 ], [ 79.862022, 52.731326 ], [ 79.864966, 52.724261 ], [ 79.870264, 52.717785 ], [ 79.876151, 52.708366 ], [ 79.880567, 52.698946 ], [ 79.882333, 52.690115 ], [ 79.879095, 52.668626 ], [ 79.870853, 52.656263 ], [ 79.84436, 52.635658 ], [ 79.830819, 52.627121 ], [ 79.810803, 52.620056 ], [ 79.789608, 52.61623 ], [ 79.772535, 52.617407 ], [ 79.756934, 52.627121 ] ] ] } },
{ "type": "Feature", "properties": { "name": "Ozero Kuchukskoye" }, "geometry": { "type": "Polygon", "coordinates": [ [ [ 79.710424, 52.665977 ], [ 79.711308, 52.665683 ], [ 79.714546, 52.664211 ], [ 79.717784, 52.659207 ], [ 79.710424, 52.665977 ] ] ] } },
{ "type": "Feature", "properties": { "name": "Ozero Maraldy" }, "geometry": { "type": "Polygon", "coordinates": [ [ [ 77.797058, 52.349536 ], [ 77.815603, 52.335995 ], [ 77.825905, 52.322749 ], [ 77.822667, 52.285659 ], [ 77.787932, 52.276239 ], [ 77.744955, 52.28507 ], [ 77.716696, 52.303321 ], [ 77.723467, 52.303321 ], [ 77.725233, 52.311857 ], [ 77.73583, 52.326575 ], [ 77.76144, 52.354246 ], [ 77.777041, 52.357778 ], [ 77.797058, 52.349536 ] ] ] } },
{ "type": "Feature", "properties": { "name": "Ozero Tandovo" }, "geometry": { "type": "Polygon", "coordinates": [ [ [ 77.953659, 55.116264 ], [ 77.945712, 55.13216 ], [ 77.942768, 55.150116 ], [ 77.951893, 55.168367 ], [ 77.973676, 55.181024 ], [ 77.998697, 55.186323 ], [ 78.018419, 55.181024 ], [ 78.0299, 55.174548 ], [ 78.059336, 55.153648 ], [ 78.061985, 55.149527 ], [ 78.06434, 55.143051 ], [ 78.068756, 55.139519 ], [ 78.08318, 55.146584 ], [ 78.091716, 55.146289 ], [ 78.100253, 55.14364 ], [ 78.107317, 55.140108 ], [ 78.100253, 55.137458 ], [ 78.079942, 55.125684 ], [ 78.098781, 55.115087 ], [ 78.103196, 55.10184 ], [ 78.094365, 55.09036 ], [ 78.072877, 55.085356 ], [ 78.022541, 55.081235 ], [ 77.998697, 55.082707 ], [ 77.976914, 55.092126 ], [ 77.964551, 55.102723 ], [ 77.953659, 55.116264 ] ] ] } },
{ "type": "Feature", "properties": { "name": "Ebeyty Lake" }, "geometry": { "type": "Polygon", "coordinates": [ [ [ 71.788203, 54.679722 ], [ 71.803215, 54.658234 ], [ 71.808808, 54.639689 ], [ 71.795856, 54.617906 ], [ 71.767008, 54.608486 ], [ 71.733745, 54.607603 ], [ 71.706664, 54.611724 ], [ 71.686353, 54.621144 ], [ 71.666336, 54.637039 ], [ 71.652795, 54.657351 ], [ 71.651912, 54.680017 ], [ 71.668396, 54.698267 ], [ 71.696655, 54.710336 ], [ 71.726681, 54.714163 ], [ 71.748169, 54.707981 ], [ 71.768186, 54.698562 ], [ 71.788203, 54.679722 ] ] ] } },
{ "type": "Feature", "properties": { "name": "Ozero Ik" }, "geometry": { "type": "Polygon", "coordinates": [ [ [ 71.624536, 56.082073 ], [ 71.630129, 56.078835 ], [ 71.63896, 56.07177 ], [ 71.632484, 56.051753 ], [ 71.627774, 56.041745 ], [ 71.621298, 56.037624 ], [ 71.610995, 56.036741 ], [ 71.582442, 56.031737 ], [ 71.551534, 56.018196 ], [ 71.521509, 56.014958 ], [ 71.492072, 56.017902 ], [ 71.470289, 56.027616 ], [ 71.466168, 56.035858 ], [ 71.467051, 56.046455 ], [ 71.470289, 56.056758 ], [ 71.480003, 56.077069 ], [ 71.484419, 56.081779 ], [ 71.507968, 56.084722 ], [ 71.600987, 56.090904 ], [ 71.624536, 56.082073 ] ] ] } },
{ "type": "Feature", "properties": { "name": "Ozero Artevo" }, "geometry": { "type": "Polygon", "coordinates": [ [ [ 72.181473, 57.456753 ], [ 72.193542, 57.447039 ], [ 72.200312, 57.435265 ], [ 72.200018, 57.421724 ], [ 72.187066, 57.402296 ], [ 72.170287, 57.401119 ], [ 72.131726, 57.421724 ], [ 72.095813, 57.436148 ], [ 72.077563, 57.445862 ], [ 72.070204, 57.456459 ], [ 72.083744, 57.468528 ], [ 72.112592, 57.471472 ], [ 72.144089, 57.468234 ], [ 72.166166, 57.462641 ], [ 72.181473, 57.456753 ] ] ] } },
{ "type": "Feature", "properties": { "name": "Ozero Bolshoy Uvat" }, "geometry": { "type": "Polygon", "coordinates": [ [ [ 70.642832, 57.536526 ], [ 70.616928, 57.531522 ], [ 70.568358, 57.534466 ], [ 70.554523, 57.531522 ], [ 70.54422, 57.523868 ], [ 70.530974, 57.504146 ], [ 70.521259, 57.497376 ], [ 70.493884, 57.491783 ], [ 70.341403, 57.487662 ], [ 70.313733, 57.49296 ], [ 70.291655, 57.507384 ], [ 70.283119, 57.524163 ], [ 70.283119, 57.543591 ], [ 70.292244, 57.559486 ], [ 70.312261, 57.566257 ], [ 70.575717, 57.579209 ], [ 70.626053, 57.591572 ], [ 70.65284, 57.593927 ], [ 70.66432, 57.582741 ], [ 70.663143, 57.565962 ], [ 70.657256, 57.549184 ], [ 70.642832, 57.536526 ] ] ] } },
{ "type": "Feature", "properties": { "name": "Ozero Bolshoy Shishkarym" }, "geometry": { "type": "Polygon", "coordinates": [ [ [ 68.595824, 57.860327 ], [ 68.586993, 57.842665 ], [ 68.581989, 57.823531 ], [ 68.582283, 57.803809 ], [ 68.588759, 57.784675 ], [ 68.573452, 57.779082 ], [ 68.556379, 57.777022 ], [ 68.539895, 57.780848 ], [ 68.526943, 57.792328 ], [ 68.533124, 57.794683 ], [ 68.541661, 57.801748 ], [ 68.547254, 57.805281 ], [ 68.505748, 57.819999 ], [ 68.487498, 57.832951 ], [ 68.485732, 57.853851 ], [ 68.500744, 57.868569 ], [ 68.525471, 57.876517 ], [ 68.575513, 57.880343 ], [ 68.582283, 57.875339 ], [ 68.587582, 57.870335 ], [ 68.595824, 57.860327 ] ] ] } },
{ "type": "Feature", "properties": { "name": "Ozero Andreyevskoye" }, "geometry": { "type": "Polygon", "coordinates": [ [ [ 66.959748, 58.917683 ], [ 66.986241, 58.90944 ], [ 66.999487, 58.902081 ], [ 66.975644, 58.893839 ], [ 66.793138, 58.888246 ], [ 66.776065, 58.906202 ], [ 66.768706, 58.920626 ], [ 66.777242, 58.931223 ], [ 66.806973, 58.936227 ], [ 66.873499, 58.937111 ], [ 66.902347, 58.943292 ], [ 66.926485, 58.960071 ], [ 66.935021, 58.968019 ], [ 66.943558, 58.973317 ], [ 66.953861, 58.976261 ], [ 66.968284, 58.977144 ], [ 66.98212, 58.973023 ], [ 66.990656, 58.963898 ], [ 66.991539, 58.954772 ], [ 66.981531, 58.950357 ], [ 66.972406, 58.947413 ], [ 66.959748, 58.940054 ], [ 66.949445, 58.931518 ], [ 66.947385, 58.92563 ], [ 66.959748, 58.917683 ] ] ] } },
{ "type": "Feature", "properties": { "name": "Ozero Tuman" }, "geometry": { "type": "Polygon", "coordinates": [ [ [ 66.344527, 59.611204 ], [ 66.368665, 59.603551 ], [ 66.376907, 59.597075 ], [ 66.368076, 59.587361 ], [ 66.357185, 59.587361 ], [ 66.343644, 59.592659 ], [ 66.32922, 59.596192 ], [ 66.303022, 59.585006 ], [ 66.283888, 59.586478 ], [ 66.265049, 59.592365 ], [ 66.252097, 59.600902 ], [ 66.24356, 59.61091 ], [ 66.223838, 59.624451 ], [ 66.21795, 59.635637 ], [ 66.286243, 59.635637 ], [ 66.279767, 59.648 ], [ 66.269464, 59.658303 ], [ 66.257395, 59.665662 ], [ 66.244443, 59.669783 ], [ 66.250036, 59.682441 ], [ 66.256806, 59.685679 ], [ 66.284182, 59.680969 ], [ 66.305965, 59.671843 ], [ 66.320389, 59.669783 ], [ 66.365721, 59.670372 ], [ 66.367782, 59.662718 ], [ 66.354241, 59.641818 ], [ 66.338934, 59.628572 ], [ 66.336873, 59.621507 ], [ 66.344527, 59.611204 ] ] ] } },
{ "type": "Feature", "properties": { "name": "Ozero Yakh-Tur" }, "geometry": { "type": "Polygon", "coordinates": [ [ [ 67.260588, 59.815788 ], [ 67.287964, 59.801364 ], [ 67.307392, 59.780464 ], [ 67.307098, 59.758681 ], [ 67.293851, 59.755737 ], [ 67.273246, 59.758975 ], [ 67.253523, 59.75927 ], [ 67.244987, 59.748378 ], [ 67.242043, 59.732482 ], [ 67.233507, 59.723946 ], [ 67.22026, 59.723357 ], [ 67.20407, 59.731305 ], [ 67.190235, 59.735426 ], [ 67.176694, 59.737487 ], [ 67.165214, 59.741313 ], [ 67.156972, 59.75191 ], [ 67.156089, 59.763979 ], [ 67.161093, 59.774871 ], [ 67.167275, 59.783407 ], [ 67.170807, 59.789589 ], [ 67.1764, 59.818437 ], [ 67.192001, 59.821086 ], [ 67.213784, 59.814316 ], [ 67.238216, 59.816671 ], [ 67.260588, 59.815788 ] ] ] } },
{ "type": "Feature", "properties": { "name": "Ozero Leushinskiy Tuman" }, "geometry": { "type": "Polygon", "coordinates": [ [ [ 65.723124, 59.714821 ], [ 65.752561, 59.7107 ], [ 65.765513, 59.693332 ], [ 65.763452, 59.673315 ], [ 65.756387, 59.648883 ], [ 65.741669, 59.633576 ], [ 65.716943, 59.641818 ], [ 65.693099, 59.65271 ], [ 65.640702, 59.666251 ], [ 65.591249, 59.693626 ], [ 65.555337, 59.700691 ], [ 65.166776, 59.720119 ], [ 65.155296, 59.723946 ], [ 65.147054, 59.730422 ], [ 65.139106, 59.739547 ], [ 65.129981, 59.748084 ], [ 65.117617, 59.75191 ], [ 65.061982, 59.750144 ], [ 65.048736, 59.755148 ], [ 65.011352, 59.778992 ], [ 65.020183, 59.796359 ], [ 65.049619, 59.802835 ], [ 65.083765, 59.801658 ], [ 65.120855, 59.794005 ], [ 65.160889, 59.792238 ], [ 65.169425, 59.789589 ], [ 65.165304, 59.777815 ], [ 65.158239, 59.770455 ], [ 65.156768, 59.763391 ], [ 65.169425, 59.75191 ], [ 65.177962, 59.74985 ], [ 65.198567, 59.752205 ], [ 65.20681, 59.748378 ], [ 65.212991, 59.741902 ], [ 65.21829, 59.738958 ], [ 65.225354, 59.738075 ], [ 65.366061, 59.739547 ], [ 65.384017, 59.736898 ], [ 65.398735, 59.727478 ], [ 65.414925, 59.721002 ], [ 65.437591, 59.722768 ], [ 65.477919, 59.731305 ], [ 65.457902, 59.741902 ], [ 65.449954, 59.744846 ], [ 65.538558, 59.747789 ], [ 65.566817, 59.744846 ], [ 65.64394, 59.714526 ], [ 65.66955, 59.710111 ], [ 65.723124, 59.714821 ] ] ] } },
{ "type": "Feature", "properties": { "name": "Ozero Teke" }, "geometry": { "type": "Polygon", "coordinates": [ [ [ 73.060444, 53.836663 ], [ 73.078695, 53.826066 ], [ 73.083994, 53.817235 ], [ 73.081344, 53.809287 ], [ 73.063388, 53.783089 ], [ 73.046021, 53.767782 ], [ 73.027476, 53.759246 ], [ 72.980966, 53.762189 ], [ 72.948586, 53.773081 ], [ 72.913851, 53.780734 ], [ 72.851152, 53.810465 ], [ 72.839083, 53.822534 ], [ 72.825542, 53.843434 ], [ 72.82201, 53.863156 ], [ 72.84026, 53.871987 ], [ 72.864987, 53.876991 ], [ 72.88412, 53.889943 ], [ 72.915912, 53.923501 ], [ 72.938872, 53.933804 ], [ 72.96301, 53.93086 ], [ 72.984793, 53.91938 ], [ 73.049553, 53.858152 ], [ 73.056618, 53.841373 ], [ 73.060444, 53.836663 ] ] ] } },
{ "type": "Feature", "properties": { "name": "Qyzylqaq Kli" }, "geometry": { "type": "Polygon", "coordinates": [ [ [ 73.882309, 53.475184 ], [ 73.892023, 53.467825 ], [ 73.901737, 53.454284 ], [ 73.899971, 53.446631 ], [ 73.892906, 53.439566 ], [ 73.887902, 53.428086 ], [ 73.890257, 53.421316 ], [ 73.891729, 53.412485 ], [ 73.892023, 53.406303 ], [ 73.889374, 53.390996 ], [ 73.885841, 53.384814 ], [ 73.879071, 53.378338 ], [ 73.86347, 53.372157 ], [ 73.808424, 53.365386 ], [ 73.763386, 53.369507 ], [ 73.720409, 53.378633 ], [ 73.63887, 53.406303 ], [ 73.664185, 53.44251 ], [ 73.673605, 53.447514 ], [ 73.687734, 53.450752 ], [ 73.699803, 53.458994 ], [ 73.718348, 53.478128 ], [ 73.746902, 53.494024 ], [ 73.776632, 53.496084 ], [ 73.841687, 53.488431 ], [ 73.853167, 53.486664 ], [ 73.867885, 53.48166 ], [ 73.882309, 53.475184 ] ] ] } },
{ "type": "Feature", "properties": { "name": "Žalauly Kli" }, "geometry": { "type": "Polygon", "coordinates": [ [ [ 74.132519, 52.91913 ], [ 74.145765, 52.878214 ], [ 74.201694, 52.816692 ], [ 74.179911, 52.809038 ], [ 74.14812, 52.81051 ], [ 74.081888, 52.825817 ], [ 74.060105, 52.855548 ], [ 74.058339, 52.895876 ], [ 74.074823, 52.931199 ], [ 74.108381, 52.946506 ], [ 74.123688, 52.938558 ], [ 74.132519, 52.91913 ] ] ] } },
{ "type": "Feature", "properties": { "name": "Shreksor Kli" }, "geometry": { "type": "Polygon", "coordinates": [ [ [ 75.852783, 52.309502 ], [ 75.871033, 52.267408 ], [ 75.873388, 52.251513 ], [ 75.871916, 52.232379 ], [ 75.866323, 52.220604 ], [ 75.842185, 52.196761 ], [ 75.832766, 52.191757 ], [ 75.820403, 52.190874 ], [ 75.806273, 52.19264 ], [ 75.793027, 52.196466 ], [ 75.783607, 52.200293 ], [ 75.740924, 52.217072 ], [ 75.72444, 52.230318 ], [ 75.721791, 52.248275 ], [ 75.75211, 52.235617 ], [ 75.766534, 52.236206 ], [ 75.777131, 52.248275 ], [ 75.763885, 52.266819 ], [ 75.785373, 52.288308 ], [ 75.831588, 52.319511 ], [ 75.825701, 52.344532 ], [ 75.825407, 52.344532 ], [ 75.818931, 52.365726 ], [ 75.817753, 52.383388 ], [ 75.818931, 52.388981 ], [ 75.823052, 52.391335 ], [ 75.831588, 52.39163 ], [ 75.841891, 52.388392 ], [ 75.84454, 52.38221 ], [ 75.843952, 52.373968 ], [ 75.845423, 52.364254 ], [ 75.845129, 52.357484 ], [ 75.84248, 52.351008 ], [ 75.841891, 52.343354 ], [ 75.848956, 52.33364 ], [ 75.855726, 52.32422 ], [ 75.856315, 52.317156 ], [ 75.852783, 52.309502 ] ] ] } },
{ "type": "Feature", "properties": { "name": "Qarasor Kli" }, "geometry": { "type": "Polygon", "coordinates": [ [ [ 75.489537, 49.924858 ], [ 75.583145, 49.904842 ], [ 75.616997, 49.882764 ], [ 75.599041, 49.842437 ], [ 75.577846, 49.832428 ], [ 75.56254, 49.842142 ], [ 75.534281, 49.880409 ], [ 75.513675, 49.893656 ], [ 75.490126, 49.901015 ], [ 75.465399, 49.902192 ], [ 75.44185, 49.897777 ], [ 75.407704, 49.881587 ], [ 75.372969, 49.856566 ], [ 75.368848, 49.851562 ], [ 75.359723, 49.836549 ], [ 75.352658, 49.828896 ], [ 75.345299, 49.823597 ], [ 75.322927, 49.81094 ], [ 75.306443, 49.80623 ], [ 75.289958, 49.79681 ], [ 75.280244, 49.79475 ], [ 75.271413, 49.795633 ], [ 75.255518, 49.800342 ], [ 75.229614, 49.803875 ], [ 75.208419, 49.810351 ], [ 75.189286, 49.820065 ], [ 75.176923, 49.832134 ], [ 75.187814, 49.84067 ], [ 75.277595, 49.857155 ], [ 75.296434, 49.851856 ], [ 75.315568, 49.849796 ], [ 75.338234, 49.863631 ], [ 75.382977, 49.928096 ], [ 75.396813, 49.938694 ], [ 75.46069, 49.937222 ], [ 75.471581, 49.933984 ], [ 75.489537, 49.924858 ] ] ] } },
{ "type": "Feature", "properties": { "name": "Ozero Sartlan" }, "geometry": { "type": "Polygon", "coordinates": [ [ [ 78.429646, 54.949948 ], [ 78.406097, 54.949948 ], [ 78.394617, 54.954364 ], [ 78.406391, 54.961723 ], [ 78.437005, 54.973203 ], [ 78.449957, 54.98174 ], [ 78.450546, 54.984683 ], [ 78.451135, 54.997635 ], [ 78.452607, 55.004111 ], [ 78.449957, 55.002934 ], [ 78.452901, 55.005583 ], [ 78.453784, 55.006761 ], [ 78.454961, 55.007938 ], [ 78.455845, 55.008527 ], [ 78.457022, 55.009116 ], [ 78.483809, 55.03031 ], [ 78.514129, 55.045617 ], [ 78.548275, 55.055036 ], [ 78.586837, 55.05798 ], [ 78.620394, 55.054742 ], [ 78.66396, 55.044734 ], [ 78.704877, 55.029427 ], [ 78.731075, 55.009704 ], [ 78.732547, 54.981445 ], [ 78.709586, 54.954953 ], [ 78.675735, 54.93523 ], [ 78.644826, 54.927871 ], [ 78.624221, 54.924928 ], [ 78.559755, 54.907266 ], [ 78.533557, 54.90756 ], [ 78.514423, 54.912859 ], [ 78.477039, 54.934642 ], [ 78.464381, 54.927282 ], [ 78.457905, 54.931404 ], [ 78.452312, 54.940823 ], [ 78.442304, 54.948182 ], [ 78.429646, 54.949948 ] ] ] } },
{ "type": "Feature", "properties": { "name": null }, "geometry": { "type": "Polygon", "coordinates": [ [ [ 78.134399, 54.652641 ], [ 78.094954, 54.624087 ], [ 78.087301, 54.611724 ], [ 78.113499, 54.605542 ], [ 78.127629, 54.588469 ], [ 78.128806, 54.565803 ], [ 78.114677, 54.542843 ], [ 78.090244, 54.525475 ], [ 78.059042, 54.510463 ], [ 78.026367, 54.499866 ], [ 77.997814, 54.495745 ], [ 77.974854, 54.500749 ], [ 77.945417, 54.512523 ], [ 77.919513, 54.526947 ], [ 77.894198, 54.554029 ], [ 77.861523, 54.560505 ], [ 77.798529, 54.564626 ], [ 77.80059, 54.569041 ], [ 77.802945, 54.572868 ], [ 77.805594, 54.575812 ], [ 77.809127, 54.578755 ], [ 77.827966, 54.588764 ], [ 77.840918, 54.603188 ], [ 77.855636, 54.615845 ], [ 77.880657, 54.619378 ], [ 77.889194, 54.617023 ], [ 77.910682, 54.608486 ], [ 77.922162, 54.605542 ], [ 77.938352, 54.605248 ], [ 77.983684, 54.611724 ], [ 78.015476, 54.611724 ], [ 78.031371, 54.61349 ], [ 78.045207, 54.619378 ], [ 78.052566, 54.629092 ], [ 78.048739, 54.635568 ], [ 78.042852, 54.640572 ], [ 78.045207, 54.646459 ], [ 78.056687, 54.649403 ], [ 78.069933, 54.646165 ], [ 78.082885, 54.641161 ], [ 78.092894, 54.639689 ], [ 78.104374, 54.645576 ], [ 78.113793, 54.653229 ], [ 78.122919, 54.657645 ], [ 78.134399, 54.652641 ] ] ] } },
{ "type": "Feature", "properties": { "name": null }, "geometry": { "type": "Polygon", "coordinates": [ [ [ 77.819135, 54.585231 ], [ 77.813836, 54.581993 ], [ 77.809127, 54.578755 ], [ 77.805005, 54.577578 ], [ 77.819135, 54.585231 ] ] ] } },
{ "type": "Feature", "properties": { "name": "Iken Zhbolat Lake" }, "geometry": { "type": "Polygon", "coordinates": [ [ [ 77.45324, 53.320054 ], [ 77.493863, 53.299743 ], [ 77.512702, 53.254411 ], [ 77.482971, 53.22733 ], [ 77.433518, 53.221737 ], [ 77.393779, 53.242048 ], [ 77.401432, 53.248229 ], [ 77.33314, 53.235866 ], [ 77.311946, 53.242048 ], [ 77.311946, 53.248229 ], [ 77.326958, 53.255294 ], [ 77.345797, 53.260298 ], [ 77.413207, 53.31034 ], [ 77.45324, 53.320054 ] ] ] } },
{ "type": "Feature", "properties": { "name": null }, "geometry": { "type": "Polygon", "coordinates": [ [ [ 77.776452, 54.886955 ], [ 77.735241, 54.893725 ], [ 77.709926, 54.913447 ], [ 77.709926, 54.899907 ], [ 77.706393, 54.917863 ], [ 77.736419, 54.935525 ], [ 77.776747, 54.949065 ], [ 77.805005, 54.954364 ], [ 77.797646, 54.951715 ], [ 77.791465, 54.947888 ], [ 77.786755, 54.942589 ], [ 77.7844, 54.934642 ], [ 77.846511, 54.907266 ], [ 77.818252, 54.891959 ], [ 77.776452, 54.886955 ] ] ] } },
{ "type": "Feature", "properties": { "name": "Qiyakty Kli" }, "geometry": { "type": "Polygon", "coordinates": [ [ [ 69.290229, 50.04702 ], [ 69.302886, 50.044959 ], [ 69.308185, 50.03083 ], [ 69.308185, 50.024059 ], [ 69.30583, 50.016406 ], [ 69.29906, 50.010224 ], [ 69.284341, 50.007575 ], [ 69.273744, 50.003748 ], [ 69.262853, 49.986086 ], [ 69.253728, 49.97961 ], [ 69.239304, 49.978138 ], [ 69.198681, 49.982259 ], [ 69.185435, 49.986381 ], [ 69.170717, 50.002571 ], [ 69.156587, 50.02818 ], [ 69.155116, 50.049963 ], [ 69.178076, 50.054673 ], [ 69.214577, 50.038189 ], [ 69.222525, 50.0376 ], [ 69.233122, 50.045253 ], [ 69.241364, 50.045548 ], [ 69.250195, 50.042898 ], [ 69.26403, 50.041132 ], [ 69.290229, 50.04702 ] ] ] } },
{ "type": "Feature", "properties": { "name": "Kerey Kli" }, "geometry": { "type": "Polygon", "coordinates": [ [ [ 68.739473, 50.178895 ], [ 68.753309, 50.164471 ], [ 68.759196, 50.141805 ], [ 68.75478, 50.124732 ], [ 68.742417, 50.112368 ], [ 68.725344, 50.103243 ], [ 68.698851, 50.097356 ], [ 68.680895, 50.103243 ], [ 68.663822, 50.112663 ], [ 68.640273, 50.117373 ], [ 68.630264, 50.124732 ], [ 68.634091, 50.140922 ], [ 68.647632, 50.157112 ], [ 68.667354, 50.164471 ], [ 68.716219, 50.177129 ], [ 68.739473, 50.178895 ] ] ] } },
{ "type": "Feature", "properties": { "name": "Qozhakl" }, "geometry": { "type": "Polygon", "coordinates": [ [ [ 69.166007, 50.912744 ], [ 69.164241, 50.918043 ], [ 69.152466, 50.919515 ], [ 69.135393, 50.908329 ], [ 69.119498, 50.905091 ], [ 69.108606, 50.91039 ], [ 69.100364, 50.923047 ], [ 69.099186, 50.936588 ], [ 69.109195, 50.946008 ], [ 69.104485, 50.951012 ], [ 69.095948, 50.966613 ], [ 69.103013, 50.970145 ], [ 69.109489, 50.971323 ], [ 69.115965, 50.970145 ], [ 69.122736, 50.966613 ], [ 69.137748, 50.963964 ], [ 69.178076, 50.946008 ], [ 69.199565, 50.944241 ], [ 69.210162, 50.949246 ], [ 69.217815, 50.95631 ], [ 69.229295, 50.959548 ], [ 69.240481, 50.955427 ], [ 69.281103, 50.931878 ], [ 69.281692, 50.918632 ], [ 69.27345, 50.908035 ], [ 69.259615, 50.90097 ], [ 69.243719, 50.898321 ], [ 69.218404, 50.911567 ], [ 69.204569, 50.915982 ], [ 69.198387, 50.908329 ], [ 69.195443, 50.902736 ], [ 69.188673, 50.896849 ], [ 69.180725, 50.892433 ], [ 69.174544, 50.890962 ], [ 69.166007, 50.894494 ], [ 69.16483, 50.903325 ], [ 69.166007, 50.912744 ] ] ] } },
{ "type": "Feature", "properties": { "name": "Yke Lake" }, "geometry": { "type": "Polygon", "coordinates": [ [ [ 61.540799, 51.000465 ], [ 61.632935, 51.000759 ], [ 61.633229, 50.969851 ], [ 61.629108, 50.951012 ], [ 61.613507, 50.941887 ], [ 61.528435, 50.931878 ], [ 61.516955, 50.931878 ], [ 61.499882, 50.939532 ], [ 61.497822, 50.948068 ], [ 61.507536, 50.955722 ], [ 61.524314, 50.959548 ], [ 61.504003, 50.977799 ], [ 61.49841, 50.98663 ], [ 61.49635, 51.000759 ], [ 61.490462, 51.012828 ], [ 61.490757, 51.018716 ], [ 61.499882, 51.02107 ], [ 61.514895, 51.020776 ], [ 61.521371, 51.018127 ], [ 61.524314, 51.011651 ], [ 61.540799, 51.000465 ] ] ] } },
{ "type": "Feature", "properties": { "name": "Saryqopa Kli" }, "geometry": { "type": "Polygon", "coordinates": [ [ [ 64.231876, 50.350215 ], [ 64.244533, 50.363755 ], [ 64.25984, 50.350803 ], [ 64.254542, 50.339618 ], [ 64.224222, 50.32225 ], [ 64.212153, 50.313419 ], [ 64.203617, 50.303705 ], [ 64.175652, 50.260434 ], [ 64.153575, 50.234235 ], [ 64.127376, 50.216279 ], [ 64.1, 50.219811 ], [ 64.110303, 50.231292 ], [ 64.135618, 50.248953 ], [ 64.147687, 50.260728 ], [ 64.153575, 50.271325 ], [ 64.168882, 50.31548 ], [ 64.150631, 50.308121 ], [ 64.130026, 50.289281 ], [ 64.096762, 50.250131 ], [ 64.084988, 50.2413 ], [ 64.079395, 50.243949 ], [ 64.078217, 50.252486 ], [ 64.079689, 50.260728 ], [ 64.087048, 50.269853 ], [ 64.095879, 50.274563 ], [ 64.1, 50.281333 ], [ 64.09323, 50.294874 ], [ 64.099117, 50.298995 ], [ 64.09794, 50.303705 ], [ 64.09323, 50.309298 ], [ 64.09794, 50.324311 ], [ 64.084105, 50.337851 ], [ 64.074979, 50.350509 ], [ 64.09323, 50.363755 ], [ 64.09323, 50.370526 ], [ 64.073508, 50.369937 ], [ 64.060261, 50.366405 ], [ 64.052902, 50.368465 ], [ 64.051725, 50.383772 ], [ 64.053197, 50.389954 ], [ 64.056729, 50.392897 ], [ 64.061144, 50.394664 ], [ 64.065854, 50.397313 ], [ 64.066443, 50.400257 ], [ 64.065265, 50.408793 ], [ 64.065854, 50.411442 ], [ 64.072625, 50.414386 ], [ 64.078217, 50.413503 ], [ 64.082927, 50.411442 ], [ 64.08646, 50.411442 ], [ 64.110598, 50.433225 ], [ 64.12561, 50.440879 ], [ 64.141506, 50.43823 ], [ 64.152397, 50.425866 ], [ 64.15122, 50.412031 ], [ 64.134735, 50.383772 ], [ 64.155047, 50.3823 ], [ 64.168882, 50.39643 ], [ 64.172414, 50.417624 ], [ 64.161523, 50.43823 ], [ 64.183894, 50.448827 ], [ 64.201262, 50.443528 ], [ 64.212742, 50.426161 ], [ 64.216863, 50.40114 ], [ 64.215686, 50.389365 ], [ 64.210387, 50.365816 ], [ 64.210093, 50.356396 ], [ 64.204794, 50.342561 ], [ 64.205972, 50.336674 ], [ 64.217157, 50.339323 ], [ 64.224516, 50.344033 ], [ 64.231876, 50.350215 ] ] ] } },
{ "type": "Feature", "properties": { "name": null }, "geometry": { "type": "Polygon", "coordinates": [ [ [ 64.182717, 50.212452 ], [ 64.17418, 50.203621 ], [ 64.169765, 50.194496 ], [ 64.17212, 50.185959 ], [ 64.182717, 50.178895 ], [ 64.173886, 50.166531 ], [ 64.152103, 50.146809 ], [ 64.147687, 50.133857 ], [ 64.142389, 50.124732 ], [ 64.115896, 50.108247 ], [ 64.107065, 50.096178 ], [ 64.156813, 50.115312 ], [ 64.175063, 50.117373 ], [ 64.17212, 50.104715 ], [ 64.164172, 50.08617 ], [ 64.161523, 50.075279 ], [ 64.157696, 50.042898 ], [ 64.155341, 50.034362 ], [ 64.136207, 50.014934 ], [ 64.108243, 50.003454 ], [ 64.08852, 50.00522 ], [ 64.09323, 50.027297 ], [ 64.065854, 50.016111 ], [ 64.052019, 50.01464 ], [ 64.038478, 50.021116 ], [ 64.059967, 50.041427 ], [ 64.141506, 50.082638 ], [ 64.141506, 50.089408 ], [ 64.117957, 50.084698 ], [ 64.092347, 50.084109 ], [ 64.070564, 50.091469 ], [ 64.059084, 50.110014 ], [ 64.053491, 50.121494 ], [ 64.054374, 50.127381 ], [ 64.107065, 50.172124 ], [ 64.140917, 50.198911 ], [ 64.161228, 50.208625 ], [ 64.182717, 50.212452 ] ] ] } },
{ "type": "Feature", "properties": { "name": "Shaghalalytengiz Kli" }, "geometry": { "type": "Polygon", "coordinates": [ [ [ 70.061757, 54.11837 ], [ 70.069116, 54.101297 ], [ 70.070588, 54.085695 ], [ 70.065584, 54.070977 ], [ 70.048805, 54.047722 ], [ 70.046156, 54.041246 ], [ 70.039974, 54.03742 ], [ 70.023784, 54.036537 ], [ 70.019074, 54.041246 ], [ 70.022018, 54.052432 ], [ 70.028494, 54.064207 ], [ 70.034381, 54.071272 ], [ 69.981396, 54.104535 ], [ 69.834214, 54.011516 ], [ 69.767687, 54.008572 ], [ 69.741783, 54.070977 ], [ 69.77799, 54.141036 ], [ 69.846871, 54.191372 ], [ 69.918402, 54.194021 ], [ 69.936652, 54.188428 ], [ 69.97227, 54.167823 ], [ 69.992876, 54.159286 ], [ 70.034381, 54.147218 ], [ 70.048216, 54.137503 ], [ 70.061757, 54.11837 ] ] ] } },
{ "type": "Feature", "properties": { "name": null }, "geometry": { "type": "Polygon", "coordinates": [ [ [ 64.589822, 54.132499 ], [ 64.599536, 54.126318 ], [ 64.599831, 54.112188 ], [ 64.595121, 54.096881 ], [ 64.582169, 54.076276 ], [ 64.57687, 54.064501 ], [ 64.569217, 54.055082 ], [ 64.552732, 54.050077 ], [ 64.539486, 54.052432 ], [ 64.52359, 54.059203 ], [ 64.508283, 54.068328 ], [ 64.481202, 54.09276 ], [ 64.485029, 54.096587 ], [ 64.504162, 54.097764 ], [ 64.522119, 54.101885 ], [ 64.517703, 54.111894 ], [ 64.507695, 54.124551 ], [ 64.507695, 54.136032 ], [ 64.51682, 54.163113 ], [ 64.515348, 54.194316 ], [ 64.523002, 54.217865 ], [ 64.55862, 54.221986 ], [ 64.576282, 54.21551 ], [ 64.578931, 54.203147 ], [ 64.571277, 54.189606 ], [ 64.55862, 54.180481 ], [ 64.56539, 54.168706 ], [ 64.571572, 54.15281 ], [ 64.578931, 54.138681 ], [ 64.589822, 54.132499 ] ] ] } },
{ "type": "Feature", "properties": { "name": "Zharman Kli" }, "geometry": { "type": "Polygon", "coordinates": [ [ [ 64.504162, 51.601557 ], [ 64.521235, 51.609504 ], [ 64.545079, 51.610682 ], [ 64.535071, 51.582717 ], [ 64.51682, 51.564172 ], [ 64.492388, 51.554753 ], [ 64.463246, 51.555636 ], [ 64.457947, 51.558285 ], [ 64.449116, 51.567116 ], [ 64.445878, 51.569176 ], [ 64.436164, 51.568293 ], [ 64.420563, 51.563878 ], [ 64.412026, 51.562995 ], [ 64.393187, 51.566527 ], [ 64.386417, 51.575947 ], [ 64.386417, 51.589193 ], [ 64.395836, 51.631582 ], [ 64.43587, 51.700169 ], [ 64.45412, 51.721657 ], [ 64.480613, 51.733726 ], [ 64.510344, 51.734315 ], [ 64.538309, 51.719891 ], [ 64.540664, 51.669555 ], [ 64.538309, 51.659252 ], [ 64.525357, 51.661312 ], [ 64.504457, 51.671026 ], [ 64.485323, 51.677502 ], [ 64.476787, 51.668672 ], [ 64.476787, 51.644828 ], [ 64.479436, 51.638646 ], [ 64.484146, 51.634525 ], [ 64.488561, 51.629521 ], [ 64.490622, 51.620396 ], [ 64.49386, 51.600673 ], [ 64.504162, 51.601557 ] ] ] } },
{ "type": "Feature", "properties": { "name": "Iken Aqsuat Kli" }, "geometry": { "type": "Polygon", "coordinates": [ [ [ 64.5283, 51.410809 ], [ 64.541252, 51.399917 ], [ 64.545079, 51.391086 ], [ 64.541841, 51.382255 ], [ 64.524473, 51.351347 ], [ 64.518292, 51.343105 ], [ 64.498275, 51.336923 ], [ 64.480025, 51.340456 ], [ 64.46354, 51.350464 ], [ 64.456181, 51.35017 ], [ 64.433221, 51.371953 ], [ 64.417031, 51.380783 ], [ 64.404962, 51.384316 ], [ 64.393776, 51.393735 ], [ 64.388772, 51.41493 ], [ 64.388477, 51.436124 ], [ 64.391715, 51.445544 ], [ 64.403195, 51.451136 ], [ 64.436753, 51.47498 ], [ 64.461774, 51.482928 ], [ 64.471194, 51.489109 ], [ 64.496803, 51.512659 ], [ 64.504162, 51.512953 ], [ 64.511521, 51.510304 ], [ 64.52153, 51.508243 ], [ 64.533893, 51.500295 ], [ 64.536837, 51.481456 ], [ 64.532127, 51.445544 ], [ 64.529772, 51.437596 ], [ 64.526828, 51.432592 ], [ 64.524768, 51.427293 ], [ 64.524768, 51.419051 ], [ 64.5283, 51.410809 ] ] ] } },
{ "type": "Feature", "properties": { "name": "Koybaghar Kli" }, "geometry": { "type": "Polygon", "coordinates": [ [ [ 65.649533, 52.623 ], [ 65.665723, 52.617407 ], [ 65.670433, 52.614463 ], [ 65.668372, 52.607104 ], [ 65.663074, 52.599157 ], [ 65.658953, 52.594447 ], [ 65.655715, 52.588854 ], [ 65.650711, 52.574136 ], [ 65.64865, 52.570309 ], [ 65.631283, 52.561478 ], [ 65.614798, 52.560006 ], [ 65.598019, 52.563833 ], [ 65.580358, 52.570309 ], [ 65.561813, 52.577962 ], [ 65.543268, 52.595919 ], [ 65.541502, 52.620056 ], [ 65.559458, 52.645372 ], [ 65.586834, 52.661267 ], [ 65.596842, 52.671276 ], [ 65.600963, 52.690115 ], [ 65.606262, 52.705128 ], [ 65.619508, 52.709543 ], [ 65.652182, 52.706894 ], [ 65.666606, 52.699829 ], [ 65.667489, 52.683345 ], [ 65.661308, 52.6648 ], [ 65.65542, 52.652436 ], [ 65.650711, 52.648904 ], [ 65.642763, 52.64596 ], [ 65.636287, 52.640956 ], [ 65.635109, 52.631831 ], [ 65.639819, 52.628004 ], [ 65.649533, 52.623 ] ] ] } },
{ "type": "Feature", "properties": { "name": "Imantau Kli" }, "geometry": { "type": "Polygon", "coordinates": [ [ [ 68.325009, 52.975354 ], [ 68.30146, 52.995076 ], [ 68.302048, 52.994488 ], [ 68.258188, 53.013327 ], [ 68.234345, 53.019803 ], [ 68.208735, 53.022158 ], [ 68.199021, 53.028045 ], [ 68.197549, 53.041586 ], [ 68.200787, 53.055715 ], [ 68.205203, 53.063958 ], [ 68.220215, 53.070139 ], [ 68.234933, 53.06955 ], [ 68.286447, 53.057776 ], [ 68.314706, 53.042763 ], [ 68.340316, 53.024513 ], [ 68.355623, 53.008617 ], [ 68.359744, 52.985068 ], [ 68.346497, 52.973293 ], [ 68.325009, 52.975354 ] ] ] } },
{ "type": "Feature", "properties": { "name": "Qalybek Kli" }, "geometry": { "type": "Polygon", "coordinates": [ [ [ 70.699939, 53.95382 ], [ 70.717895, 53.949994 ], [ 70.734085, 53.940868 ], [ 70.717012, 53.934687 ], [ 70.703765, 53.93557 ], [ 70.695523, 53.931449 ], [ 70.689047, 53.87287 ], [ 70.683748, 53.854914 ], [ 70.675212, 53.841373 ], [ 70.653135, 53.8243 ], [ 70.626347, 53.814292 ], [ 70.599266, 53.815469 ], [ 70.576306, 53.832837 ], [ 70.56983, 53.844022 ], [ 70.572184, 53.852853 ], [ 70.580721, 53.869926 ], [ 70.585137, 53.882584 ], [ 70.603093, 53.906133 ], [ 70.605742, 53.914375 ], [ 70.607508, 53.927622 ], [ 70.609863, 53.934098 ], [ 70.618694, 53.947344 ], [ 70.628408, 53.953232 ], [ 70.661377, 53.95382 ], [ 70.699939, 53.95382 ] ] ] } },
{ "type": "Feature", "properties": { "name": "Kishi Qaraoy Kli" }, "geometry": { "type": "Polygon", "coordinates": [ [ [ 71.414949, 54.078336 ], [ 71.422602, 54.068034 ], [ 71.425546, 54.06038 ], [ 71.422014, 54.046839 ], [ 71.414066, 54.040069 ], [ 71.404941, 54.034182 ], [ 71.39817, 54.022701 ], [ 71.41907, 54.022701 ], [ 71.41907, 54.015931 ], [ 71.403469, 54.005923 ], [ 71.385218, 54.000035 ], [ 71.364907, 53.996797 ], [ 71.318986, 53.996797 ], [ 71.294554, 54.000919 ], [ 71.274243, 54.008866 ], [ 71.260997, 54.022701 ], [ 71.259525, 54.03477 ], [ 71.263057, 54.048606 ], [ 71.269239, 54.061852 ], [ 71.275126, 54.071272 ], [ 71.286017, 54.08128 ], [ 71.297203, 54.085107 ], [ 71.326345, 54.084812 ], [ 71.33341, 54.081574 ], [ 71.355193, 54.06715 ], [ 71.367556, 54.063912 ], [ 71.377859, 54.068034 ], [ 71.385807, 54.086873 ], [ 71.394932, 54.090994 ], [ 71.404941, 54.087167 ], [ 71.414949, 54.078336 ] ] ] } },
{ "type": "Feature", "properties": { "name": "Tyrifjorden" }, "geometry": { "type": "Polygon", "coordinates": [ [ [ 10.33086, 60.117216 ], [ 10.332921, 60.112507 ], [ 10.333804, 60.107502 ], [ 10.33351, 60.101321 ], [ 10.32409, 60.083659 ], [ 10.313787, 60.069824 ], [ 10.301424, 60.057755 ], [ 10.285528, 60.046569 ], [ 10.267278, 60.038916 ], [ 10.258152, 60.033911 ], [ 10.251676, 60.025375 ], [ 10.249616, 60.012423 ], [ 10.255209, 60.005358 ], [ 10.262273, 59.998882 ], [ 10.265806, 59.987991 ], [ 10.273459, 59.97651 ], [ 10.306722, 59.947957 ], [ 10.313787, 59.930001 ], [ 10.3079, 59.912633 ], [ 10.29642, 59.90027 ], [ 10.284939, 59.90027 ], [ 10.269338, 59.954727 ], [ 10.242551, 59.977688 ], [ 10.115091, 60.020076 ], [ 10.085949, 60.020076 ], [ 10.062989, 60.008302 ], [ 10.048271, 59.996233 ], [ 10.029431, 59.98593 ], [ 10.009709, 59.97916 ], [ 9.991458, 59.977688 ], [ 10.003233, 59.998882 ], [ 10.027665, 60.026552 ], [ 10.055041, 60.050101 ], [ 10.090659, 60.066586 ], [ 10.113914, 60.094845 ], [ 10.124805, 60.101321 ], [ 10.133342, 60.104264 ], [ 10.146588, 60.118394 ], [ 10.155714, 60.121632 ], [ 10.168371, 60.120454 ], [ 10.171021, 60.116922 ], [ 10.169549, 60.110446 ], [ 10.170726, 60.06217 ], [ 10.17573, 60.052751 ], [ 10.195158, 60.043625 ], [ 10.21076, 60.049513 ], [ 10.223417, 60.060404 ], [ 10.234309, 60.066586 ], [ 10.264334, 60.060698 ], [ 10.279347, 60.063053 ], [ 10.285528, 60.077477 ], [ 10.289649, 60.093079 ], [ 10.299658, 60.104559 ], [ 10.326739, 60.121632 ], [ 10.33086, 60.117216 ] ] ] } },
{ "type": "Feature", "properties": { "name": null }, "geometry": { "type": "Polygon", "coordinates": [ [ [ 14.227947, 58.971257 ], [ 14.20116, 58.976555 ], [ 14.151412, 58.977144 ], [ 14.109613, 58.970668 ], [ 14.099899, 58.972434 ], [ 14.116677, 58.983914 ], [ 14.137283, 58.990685 ], [ 14.230302, 58.992745 ], [ 14.247669, 58.998633 ], [ 14.25444, 59.010113 ], [ 14.242959, 59.028952 ], [ 14.225298, 59.037783 ], [ 14.182909, 59.038961 ], [ 14.164364, 59.046025 ], [ 14.193506, 59.055739 ], [ 14.224415, 59.052796 ], [ 14.280638, 59.032485 ], [ 14.273573, 59.046025 ], [ 14.291824, 59.05309 ], [ 14.342749, 59.08076 ], [ 14.343043, 59.06457 ], [ 14.342749, 59.059566 ], [ 14.348047, 59.032779 ], [ 14.349814, 59.008347 ], [ 14.356584, 58.987447 ], [ 14.37719, 58.970962 ], [ 14.363354, 58.961543 ], [ 14.342749, 58.937699 ], [ 14.328325, 58.928574 ], [ 14.264742, 58.910029 ], [ 14.242959, 58.908263 ], [ 14.238544, 58.911207 ], [ 14.24031, 58.917977 ], [ 14.246492, 58.928574 ], [ 14.246786, 58.933578 ], [ 14.249141, 58.937111 ], [ 14.252085, 58.940349 ], [ 14.253262, 58.942998 ], [ 14.250319, 58.947708 ], [ 14.241488, 58.955067 ], [ 14.239427, 58.960071 ], [ 14.227947, 58.971257 ] ] ] } },
{ "type": "Feature", "properties": { "name": null }, "geometry": { "type": "Polygon", "coordinates": [ [ [ 14.467854, 58.564151 ], [ 14.472858, 58.549139 ], [ 14.476979, 58.530888 ], [ 14.474624, 58.522057 ], [ 14.462555, 58.518525 ], [ 14.448426, 58.516464 ], [ 14.428703, 58.5094 ], [ 14.417517, 58.510871 ], [ 14.4393, 58.535892 ], [ 14.445482, 58.546489 ], [ 14.436062, 58.54855 ], [ 14.430764, 58.552082 ], [ 14.421344, 58.562385 ], [ 14.409864, 58.568861 ], [ 14.390436, 58.568567 ], [ 14.37719, 58.572982 ], [ 14.328325, 58.624496 ], [ 14.314196, 58.644218 ], [ 14.284465, 58.642158 ], [ 14.255912, 58.621847 ], [ 14.246492, 58.586817 ], [ 14.204103, 58.587406 ], [ 14.18703, 58.593293 ], [ 14.179377, 58.613899 ], [ 14.19174, 58.612427 ], [ 14.202337, 58.614193 ], [ 14.209991, 58.620375 ], [ 14.216172, 58.643924 ], [ 14.224709, 58.646868 ], [ 14.2356, 58.646279 ], [ 14.246492, 58.648045 ], [ 14.27063, 58.672477 ], [ 14.279166, 58.677187 ], [ 14.29153, 58.680131 ], [ 14.315079, 58.68278 ], [ 14.333329, 58.675421 ], [ 14.348342, 58.661586 ], [ 14.358939, 58.64569 ], [ 14.368359, 58.613016 ], [ 14.381899, 58.598592 ], [ 14.399561, 58.5877 ], [ 14.417517, 58.579753 ], [ 14.454607, 58.571216 ], [ 14.467854, 58.564151 ] ] ] } },
{ "type": "Feature", "properties": { "name": null }, "geometry": { "type": "Polygon", "coordinates": [ [ [ 16.021508, 58.637742 ], [ 16.030927, 58.6295 ], [ 16.0898, 58.607128 ], [ 16.0898, 58.600358 ], [ 15.964107, 58.589761 ], [ 15.903468, 58.593293 ], [ 15.854014, 58.617431 ], [ 15.844889, 58.637448 ], [ 15.867261, 58.644513 ], [ 15.899641, 58.646573 ], [ 15.921718, 58.651872 ], [ 15.931138, 58.670711 ], [ 15.921129, 58.68278 ], [ 15.903762, 58.69426 ], [ 15.891693, 58.710156 ], [ 15.905528, 58.704269 ], [ 15.931432, 58.688079 ], [ 15.945856, 58.68278 ], [ 15.964401, 58.673655 ], [ 15.989422, 58.666296 ], [ 16.011794, 58.655993 ], [ 16.021508, 58.637742 ] ] ] } },
{ "type": "Feature", "properties": { "name": null }, "geometry": { "type": "Polygon", "coordinates": [ [ [ 15.911415, 58.029292 ], [ 15.939086, 58.031058 ], [ 16.000902, 58.011335 ], [ 16.000902, 58.003976 ], [ 15.988833, 58.003388 ], [ 15.959397, 58.011335 ], [ 15.866672, 58.011924 ], [ 15.843123, 58.008392 ], [ 15.823106, 57.997795 ], [ 15.847244, 57.980133 ], [ 15.86049, 57.972774 ], [ 15.89287, 57.966886 ], [ 15.909649, 57.958939 ], [ 15.923779, 57.948047 ], [ 15.932021, 57.935684 ], [ 15.872559, 57.93745 ], [ 15.857547, 57.935684 ], [ 15.851954, 57.922143 ], [ 15.845183, 57.917728 ], [ 15.833114, 57.925087 ], [ 15.828993, 57.933035 ], [ 15.830465, 57.940099 ], [ 15.836353, 57.945692 ], [ 15.844006, 57.949225 ], [ 15.778363, 57.985726 ], [ 15.758052, 58.000738 ], [ 15.762173, 58.013396 ], [ 15.788666, 58.026348 ], [ 15.821046, 58.036062 ], [ 15.844006, 58.038711 ], [ 15.836647, 58.031058 ], [ 15.862845, 58.018695 ], [ 15.886983, 58.021638 ], [ 15.911415, 58.029292 ] ] ] } },
{ "type": "Feature", "properties": { "name": null }, "geometry": { "type": "Polygon", "coordinates": [ [ [ 15.368608, 57.958939 ], [ 15.369491, 57.956289 ], [ 15.370374, 57.949225 ], [ 15.359188, 57.958055 ], [ 15.35389, 57.968653 ], [ 15.350063, 57.979544 ], [ 15.34241, 57.990141 ], [ 15.332401, 57.995734 ], [ 15.30738, 58.002504 ], [ 15.295311, 58.011335 ], [ 15.288541, 57.993674 ], [ 15.296783, 57.982488 ], [ 15.310913, 57.973951 ], [ 15.322687, 57.963648 ], [ 15.32151, 57.954817 ], [ 15.329752, 57.943926 ], [ 15.343293, 57.934212 ], [ 15.356833, 57.928913 ], [ 15.346531, 57.918905 ], [ 15.345059, 57.908897 ], [ 15.34918, 57.8983 ], [ 15.356833, 57.887702 ], [ 15.33505, 57.888291 ], [ 15.321215, 57.896828 ], [ 15.260871, 57.9766 ], [ 15.24733, 57.986903 ], [ 15.244975, 57.992496 ], [ 15.239382, 57.9975 ], [ 15.227019, 57.997795 ], [ 15.22172, 57.994557 ], [ 15.215539, 57.988081 ], [ 15.206708, 57.9766 ], [ 15.196699, 57.959233 ], [ 15.194639, 57.945103 ], [ 15.198465, 57.931268 ], [ 15.206708, 57.915078 ], [ 15.187574, 57.91655 ], [ 15.167263, 57.925675 ], [ 15.151073, 57.938922 ], [ 15.144597, 57.953051 ], [ 15.132528, 57.967181 ], [ 15.106624, 57.980133 ], [ 15.068651, 57.993968 ], [ 15.050989, 58.022227 ], [ 15.018903, 58.047248 ], [ 15.004774, 58.065498 ], [ 15.041569, 58.072269 ], [ 15.025085, 58.089636 ], [ 15.016843, 58.109359 ], [ 15.019198, 58.129081 ], [ 15.034799, 58.14792 ], [ 15.033916, 58.138206 ], [ 15.035388, 58.130847 ], [ 15.038331, 58.125254 ], [ 15.045985, 58.114363 ], [ 15.059231, 58.09935 ], [ 15.062469, 58.093169 ], [ 15.06188, 58.085221 ], [ 15.056288, 58.070503 ], [ 15.05511, 58.066087 ], [ 15.054521, 58.059317 ], [ 15.052461, 58.05549 ], [ 15.051578, 58.051958 ], [ 15.05511, 58.045482 ], [ 15.063941, 58.040183 ], [ 15.077187, 58.037534 ], [ 15.090728, 58.037828 ], [ 15.108684, 58.045776 ], [ 15.117515, 58.041655 ], [ 15.126052, 58.03459 ], [ 15.134294, 58.031058 ], [ 15.142536, 58.033413 ], [ 15.1549, 58.043127 ], [ 15.161964, 58.045482 ], [ 15.179332, 58.048425 ], [ 15.185219, 58.056079 ], [ 15.181981, 58.06697 ], [ 15.172267, 58.079628 ], [ 15.187868, 58.07845 ], [ 15.201703, 58.073741 ], [ 15.21495, 58.06697 ], [ 15.227019, 58.058434 ], [ 15.212595, 58.052252 ], [ 15.21966, 58.041361 ], [ 15.227019, 58.032824 ], [ 15.236733, 58.026937 ], [ 15.250862, 58.024876 ], [ 15.259104, 58.026054 ], [ 15.273234, 58.030763 ], [ 15.28177, 58.031058 ], [ 15.289424, 58.028409 ], [ 15.301493, 58.019578 ], [ 15.308852, 58.017517 ], [ 15.325631, 58.020755 ], [ 15.335345, 58.025465 ], [ 15.344764, 58.025465 ], [ 15.360071, 58.014573 ], [ 15.36537, 58.003976 ], [ 15.366842, 57.988081 ], [ 15.365959, 57.973068 ], [ 15.363604, 57.963648 ], [ 15.368608, 57.958939 ] ] ] } },
{ "type": "Feature", "properties": { "name": null }, "geometry": { "type": "Polygon", "coordinates": [ [ [ 10.431827, 54.159581 ], [ 10.442424, 54.158403 ], [ 10.450078, 54.153105 ], [ 10.43536, 54.108361 ], [ 10.429178, 54.097764 ], [ 10.411222, 54.089228 ], [ 10.403568, 54.102769 ], [ 10.399447, 54.122491 ], [ 10.391794, 54.132499 ], [ 10.352938, 54.127495 ], [ 10.336453, 54.131616 ], [ 10.343812, 54.149278 ], [ 10.360002, 54.156048 ], [ 10.382668, 54.15546 ], [ 10.404451, 54.149572 ], [ 10.415637, 54.139564 ], [ 10.41446, 54.143096 ], [ 10.413871, 54.146334 ], [ 10.412399, 54.149867 ], [ 10.409455, 54.153105 ], [ 10.420347, 54.157226 ], [ 10.431827, 54.159581 ] ] ] } },
{ "type": "Feature", "properties": { "name": null }, "geometry": { "type": "Polygon", "coordinates": [ [ [ 21.581457, 54.090405 ], [ 21.57557, 54.097176 ], [ 21.578514, 54.097764 ], [ 21.585873, 54.104535 ], [ 21.592349, 54.107184 ], [ 21.598825, 54.10895 ], [ 21.606478, 54.112188 ], [ 21.637092, 54.132499 ], [ 21.673299, 54.125729 ], [ 21.691549, 54.124846 ], [ 21.709506, 54.132499 ], [ 21.673593, 54.149867 ], [ 21.661093, 54.153039 ], [ 21.660935, 54.163702 ], [ 21.657109, 54.190195 ], [ 21.649161, 54.197554 ], [ 21.648572, 54.204324 ], [ 21.64921, 54.211626 ], [ 21.656191, 54.212695 ], [ 21.657992, 54.207857 ], [ 21.675654, 54.201675 ], [ 21.671893, 54.193314 ], [ 21.681478, 54.190349 ], [ 21.698931, 54.198138 ], [ 21.718042, 54.200792 ], [ 21.722752, 54.184602 ], [ 21.729038, 54.166347 ], [ 21.740433, 54.17121 ], [ 21.733196, 54.180013 ], [ 21.75211, 54.192042 ], [ 21.773564, 54.183447 ], [ 21.788525, 54.186923 ], [ 21.811363, 54.179665 ], [ 21.799913, 54.172211 ], [ 21.780325, 54.173506 ], [ 21.753731, 54.169378 ], [ 21.745422, 54.158025 ], [ 21.739132, 54.153505 ], [ 21.727756, 54.159581 ], [ 21.71922, 54.15752 ], [ 21.716276, 54.153105 ], [ 21.721574, 54.144863 ], [ 21.736293, 54.145746 ], [ 21.753037, 54.14325 ], [ 21.77447, 54.115238 ], [ 21.765435, 54.108361 ], [ 21.754249, 54.105712 ], [ 21.739531, 54.107478 ], [ 21.722458, 54.104829 ], [ 21.712744, 54.096881 ], [ 21.713332, 54.089522 ], [ 21.729228, 54.077453 ], [ 21.729228, 54.071272 ], [ 21.720103, 54.060674 ], [ 21.736114, 54.042577 ], [ 21.731877, 54.035359 ], [ 21.72599, 54.030355 ], [ 21.699674, 54.033464 ], [ 21.68814, 54.051916 ], [ 21.678723, 54.059006 ], [ 21.687134, 54.066856 ], [ 21.692432, 54.073626 ], [ 21.684485, 54.085401 ], [ 21.674771, 54.10218 ], [ 21.648223, 54.114644 ], [ 21.651186, 54.098908 ], [ 21.654459, 54.089228 ], [ 21.648572, 54.083046 ], [ 21.630205, 54.080793 ], [ 21.634612, 54.074428 ], [ 21.605301, 54.071272 ], [ 21.596175, 54.0698 ], [ 21.592054, 54.074215 ], [ 21.59635, 54.081988 ], [ 21.593207, 54.094133 ], [ 21.581457, 54.090405 ] ] ] } },
{ "type": "Feature", "properties": { "name": null }, "geometry": { "type": "Polygon", "coordinates": [ [ [ 19.643069, 53.748354 ], [ 19.651017, 53.746294 ], [ 19.681042, 53.755124 ], [ 19.669562, 53.743056 ], [ 19.652195, 53.730987 ], [ 19.64042, 53.717446 ], [ 19.646896, 53.700667 ], [ 19.636299, 53.685655 ], [ 19.584785, 53.64621 ], [ 19.565946, 53.619717 ], [ 19.555055, 53.612064 ], [ 19.54328, 53.618245 ], [ 19.554171, 53.63208 ], [ 19.591556, 53.669759 ], [ 19.595382, 53.67859 ], [ 19.603625, 53.681828 ], [ 19.612456, 53.6833 ], [ 19.619226, 53.687126 ], [ 19.620992, 53.692131 ], [ 19.622758, 53.70155 ], [ 19.62217, 53.710381 ], [ 19.615988, 53.714208 ], [ 19.600387, 53.719212 ], [ 19.585668, 53.731281 ], [ 19.557704, 53.762189 ], [ 19.543869, 53.783089 ], [ 19.549756, 53.792214 ], [ 19.562708, 53.789859 ], [ 19.571245, 53.776319 ], [ 19.578604, 53.776319 ], [ 19.579487, 53.792509 ], [ 19.586257, 53.800751 ], [ 19.595677, 53.800162 ], [ 19.605391, 53.790154 ], [ 19.619815, 53.795452 ], [ 19.626585, 53.787799 ], [ 19.633355, 53.762189 ], [ 19.643069, 53.748354 ] ] ] } },
{ "type": "Feature", "properties": { "name": null }, "geometry": { "type": "Polygon", "coordinates": [ [ [ 21.569353, 53.821442 ], [ 21.570148, 53.802427 ], [ 21.565423, 53.801762 ], [ 21.560447, 53.817351 ], [ 21.544174, 53.823813 ], [ 21.524645, 53.84726 ], [ 21.509632, 53.863156 ], [ 21.479313, 53.88906 ], [ 21.480196, 53.905545 ], [ 21.501096, 53.920851 ], [ 21.525822, 53.930566 ], [ 21.537597, 53.930271 ], [ 21.528472, 53.912904 ], [ 21.511693, 53.906428 ], [ 21.502862, 53.899069 ], [ 21.517875, 53.879346 ], [ 21.525822, 53.873753 ], [ 21.54319, 53.865217 ], [ 21.552021, 53.857563 ], [ 21.555847, 53.850204 ], [ 21.557025, 53.843139 ], [ 21.559086, 53.836663 ], [ 21.569353, 53.821442 ] ] ] } },
{ "type": "Feature", "properties": { "name": null }, "geometry": { "type": "Polygon", "coordinates": [ [ [ 21.826074, 53.769843 ], [ 21.815771, 53.765722 ], [ 21.793105, 53.739229 ], [ 21.788395, 53.735402 ], [ 21.745124, 53.741584 ], [ 21.729228, 53.741584 ], [ 21.744829, 53.730987 ], [ 21.750422, 53.728043 ], [ 21.749245, 53.716268 ], [ 21.776326, 53.697429 ], [ 21.785452, 53.680062 ], [ 21.768673, 53.675646 ], [ 21.759253, 53.676235 ], [ 21.743652, 53.687126 ], [ 21.743063, 53.689481 ], [ 21.744241, 53.698018 ], [ 21.743652, 53.700667 ], [ 21.740708, 53.701256 ], [ 21.732466, 53.700078 ], [ 21.729228, 53.700667 ], [ 21.724518, 53.703611 ], [ 21.674771, 53.720684 ], [ 21.661819, 53.721273 ], [ 21.646806, 53.717152 ], [ 21.625612, 53.704199 ], [ 21.613249, 53.700667 ], [ 21.622963, 53.714797 ], [ 21.632677, 53.724511 ], [ 21.637975, 53.734225 ], [ 21.633854, 53.749237 ], [ 21.623846, 53.760717 ], [ 21.615015, 53.761306 ], [ 21.582046, 53.737757 ], [ 21.577042, 53.729515 ], [ 21.572332, 53.714208 ], [ 21.570566, 53.683888 ], [ 21.567328, 53.674174 ], [ 21.558202, 53.680062 ], [ 21.554964, 53.691542 ], [ 21.556436, 53.705966 ], [ 21.565562, 53.735402 ], [ 21.565267, 53.73658 ], [ 21.565856, 53.741584 ], [ 21.568192, 53.748295 ], [ 21.572332, 53.755124 ], [ 21.577925, 53.75954 ], [ 21.599708, 53.769548 ], [ 21.599708, 53.776319 ], [ 21.587933, 53.778379 ], [ 21.580574, 53.784267 ], [ 21.567537, 53.798089 ], [ 21.565423, 53.801762 ], [ 21.570148, 53.802427 ], [ 21.591263, 53.789601 ], [ 21.615309, 53.777791 ], [ 21.640624, 53.776319 ], [ 21.635915, 53.778085 ], [ 21.626201, 53.783089 ], [ 21.626201, 53.790154 ], [ 21.638858, 53.793981 ], [ 21.655931, 53.795158 ], [ 21.664108, 53.785661 ], [ 21.685073, 53.786621 ], [ 21.690372, 53.790448 ], [ 21.760431, 53.789565 ], [ 21.801936, 53.796335 ], [ 21.821364, 53.801634 ], [ 21.833727, 53.802517 ], [ 21.846091, 53.796335 ], [ 21.860514, 53.804283 ], [ 21.865813, 53.798985 ], [ 21.864635, 53.78721 ], [ 21.860514, 53.776319 ], [ 21.849034, 53.767488 ], [ 21.837554, 53.767782 ], [ 21.826074, 53.769843 ] ] ] } },
{ "type": "Feature", "properties": { "name": null }, "geometry": { "type": "Polygon", "coordinates": [ [ [ 21.950001, 53.671819 ], [ 21.962953, 53.667993 ], [ 21.970312, 53.666521 ], [ 21.949707, 53.660045 ], [ 21.903492, 53.664755 ], [ 21.868168, 53.64827 ], [ 21.844324, 53.643266 ], [ 21.81618, 53.640141 ], [ 21.811209, 53.650502 ], [ 21.887596, 53.666521 ], [ 21.87641, 53.672114 ], [ 21.864635, 53.672408 ], [ 21.840498, 53.666521 ], [ 21.847562, 53.67859 ], [ 21.856099, 53.688304 ], [ 21.867873, 53.687126 ], [ 21.867873, 53.680062 ], [ 21.933811, 53.691247 ], [ 21.950295, 53.687126 ], [ 21.946763, 53.683005 ], [ 21.944997, 53.679767 ], [ 21.942348, 53.672703 ], [ 21.950001, 53.671819 ] ] ] } },
{ "type": "Feature", "properties": { "name": null }, "geometry": { "type": "Polygon", "coordinates": [ [ [ 21.742616, 54.019037 ], [ 21.75519, 54.032509 ], [ 21.776581, 54.030029 ], [ 21.794871, 54.026528 ], [ 21.806725, 54.022602 ], [ 21.817585, 54.010422 ], [ 21.810767, 54.000624 ], [ 21.819303, 53.995326 ], [ 21.819303, 53.989144 ], [ 21.692083, 53.899857 ], [ 21.667994, 53.891527 ], [ 21.663408, 53.900802 ], [ 21.68413, 53.909055 ], [ 21.693233, 53.917719 ], [ 21.731693, 53.951403 ], [ 21.764333, 53.970685 ], [ 21.764582, 53.990096 ], [ 21.754543, 53.997386 ], [ 21.738554, 54.00858 ], [ 21.742616, 54.019037 ] ] ] } },
{ "type": "Feature", "properties": { "name": null }, "geometry": { "type": "Polygon", "coordinates": [ [ [ 46.790801, 49.168637 ], [ 46.801987, 49.153036 ], [ 46.804047, 49.136846 ], [ 46.7961, 49.131842 ], [ 46.752534, 49.095635 ], [ 46.673644, 49.088276 ], [ 46.599464, 49.108587 ], [ 46.572088, 49.126837 ], [ 46.570617, 49.157157 ], [ 46.579448, 49.169226 ], [ 46.595932, 49.185416 ], [ 46.614477, 49.199545 ], [ 46.629195, 49.205727 ], [ 46.664813, 49.198957 ], [ 46.673644, 49.198073 ], [ 46.682475, 49.201017 ], [ 46.694544, 49.210437 ], [ 46.705435, 49.213675 ], [ 46.709851, 49.216618 ], [ 46.715149, 49.218973 ], [ 46.72192, 49.219268 ], [ 46.726335, 49.216618 ], [ 46.7334, 49.207493 ], [ 46.738699, 49.205727 ], [ 46.743408, 49.202489 ], [ 46.755183, 49.187771 ], [ 46.759304, 49.184533 ], [ 46.774905, 49.180117 ], [ 46.790801, 49.168637 ] ] ] } },
{ "type": "Feature", "properties": { "name": null }, "geometry": { "type": "Polygon", "coordinates": [ [ [ 46.957411, 48.203417 ], [ 46.967714, 48.183989 ], [ 46.968303, 48.171037 ], [ 46.963004, 48.158379 ], [ 46.952701, 48.151609 ], [ 46.940044, 48.150726 ], [ 46.887352, 48.174275 ], [ 46.870279, 48.186638 ], [ 46.858505, 48.205183 ], [ 46.851734, 48.242567 ], [ 46.851734, 48.256991 ], [ 46.854384, 48.264056 ], [ 46.863509, 48.266411 ], [ 46.882643, 48.266411 ], [ 46.899716, 48.261112 ], [ 46.923854, 48.24816 ], [ 46.945637, 48.231382 ], [ 46.954762, 48.214897 ], [ 46.957411, 48.203417 ] ] ] } },
{ "type": "Feature", "properties": { "name": null }, "geometry": { "type": "Polygon", "coordinates": [ [ [ 48.491343, 49.012624 ], [ 48.483395, 49.005854 ], [ 48.468677, 49.000261 ], [ 48.476036, 48.995551 ], [ 48.481334, 48.990547 ], [ 48.489871, 48.979067 ], [ 48.434236, 48.9773 ], [ 48.424228, 48.975534 ], [ 48.410981, 48.964937 ], [ 48.398029, 48.96111 ], [ 48.383605, 48.963465 ], [ 48.366238, 48.972296 ], [ 48.349753, 48.966998 ], [ 48.321789, 48.964348 ], [ 48.235835, 48.965526 ], [ 48.221705, 48.970236 ], [ 48.215818, 48.982599 ], [ 48.212285, 48.998789 ], [ 48.202277, 49.004971 ], [ 48.189031, 49.00762 ], [ 48.174607, 49.013801 ], [ 48.164304, 49.024987 ], [ 48.157534, 49.047948 ], [ 48.150763, 49.05825 ], [ 48.128392, 49.072086 ], [ 48.1175, 49.080917 ], [ 48.113085, 49.092102 ], [ 48.1175, 49.107704 ], [ 48.129275, 49.11418 ], [ 48.160772, 49.115651 ], [ 48.16872, 49.11418 ], [ 48.176962, 49.110942 ], [ 48.18491, 49.10947 ], [ 48.21935, 49.123011 ], [ 48.23554, 49.122127 ], [ 48.246726, 49.119478 ], [ 48.320023, 49.092102 ], [ 48.332092, 49.082094 ], [ 48.324438, 49.074735 ], [ 48.340628, 49.056484 ], [ 48.359467, 49.041177 ], [ 48.345632, 49.033818 ], [ 48.321494, 49.050008 ], [ 48.296179, 49.063255 ], [ 48.273219, 49.065315 ], [ 48.25644, 49.047359 ], [ 48.254968, 49.019983 ], [ 48.271453, 49.001144 ], [ 48.299417, 48.991724 ], [ 48.332092, 48.992607 ], [ 48.342689, 48.997317 ], [ 48.353875, 49.004087 ], [ 48.365355, 49.00762 ], [ 48.376541, 49.003204 ], [ 48.391259, 48.994373 ], [ 48.401267, 48.996728 ], [ 48.42099, 49.013801 ], [ 48.433647, 49.019983 ], [ 48.443067, 49.021749 ], [ 48.472503, 49.020572 ], [ 48.488988, 49.018217 ], [ 48.491343, 49.012624 ] ] ] } },
{ "type": "Feature", "properties": { "name": null }, "geometry": { "type": "Polygon", "coordinates": [ [ [ 50.264298, 48.774189 ], [ 50.277544, 48.768891 ], [ 50.28196, 48.764475 ], [ 50.281371, 48.758293 ], [ 50.278133, 48.746225 ], [ 50.275189, 48.739748 ], [ 50.269596, 48.730623 ], [ 50.262237, 48.722381 ], [ 50.254289, 48.718849 ], [ 50.245458, 48.722087 ], [ 50.241926, 48.730329 ], [ 50.239571, 48.740337 ], [ 50.233978, 48.749757 ], [ 50.22603, 48.755939 ], [ 50.215728, 48.761531 ], [ 50.204247, 48.765653 ], [ 50.108285, 48.771245 ], [ 50.090034, 48.777427 ], [ 50.069723, 48.789202 ], [ 50.046763, 48.793911 ], [ 49.974055, 48.796266 ], [ 49.961103, 48.799504 ], [ 49.949034, 48.804509 ], [ 49.939614, 48.805097 ], [ 49.895165, 48.800976 ], [ 49.921658, 48.821287 ], [ 49.860136, 48.841893 ], [ 49.847772, 48.852784 ], [ 49.863668, 48.855728 ], [ 49.891338, 48.853373 ], [ 49.938142, 48.842482 ], [ 49.948445, 48.84101 ], [ 49.962574, 48.841893 ], [ 49.995543, 48.848369 ], [ 50.007318, 48.849252 ], [ 50.013205, 48.855728 ], [ 49.994366, 48.869857 ], [ 49.95286, 48.890463 ], [ 49.932549, 48.894584 ], [ 49.909, 48.904887 ], [ 49.887512, 48.918428 ], [ 49.87456, 48.93138 ], [ 49.898992, 48.929908 ], [ 49.940203, 48.914601 ], [ 49.962574, 48.910774 ], [ 50.00408, 48.913718 ], [ 50.023508, 48.909302 ], [ 50.031456, 48.893407 ], [ 50.041758, 48.878394 ], [ 50.064719, 48.8781 ], [ 50.106813, 48.890463 ], [ 50.127713, 48.892523 ], [ 50.148024, 48.889874 ], [ 50.15656, 48.882221 ], [ 50.141254, 48.869857 ], [ 50.168629, 48.860438 ], [ 50.232212, 48.857789 ], [ 50.257527, 48.849252 ], [ 50.241043, 48.842776 ], [ 50.22397, 48.841893 ], [ 50.20984, 48.837772 ], [ 50.203364, 48.821287 ], [ 50.180404, 48.83159 ], [ 50.156855, 48.839244 ], [ 50.132423, 48.839538 ], [ 50.106813, 48.828352 ], [ 50.092978, 48.811279 ], [ 50.104752, 48.800388 ], [ 50.1545, 48.788024 ], [ 50.238099, 48.780076 ], [ 50.264298, 48.774189 ] ] ] } },
{ "type": "Feature", "properties": { "name": null }, "geometry": { "type": "Polygon", "coordinates": [ [ [ 51.757018, 50.610138 ], [ 51.779684, 50.575403 ], [ 51.785572, 50.562451 ], [ 51.785277, 50.544495 ], [ 51.777918, 50.528011 ], [ 51.758196, 50.500929 ], [ 51.754663, 50.492687 ], [ 51.753191, 50.485622 ], [ 51.750837, 50.47944 ], [ 51.744066, 50.473553 ], [ 51.735235, 50.471787 ], [ 51.660467, 50.473848 ], [ 51.636623, 50.477674 ], [ 51.621022, 50.4868 ], [ 51.598945, 50.510937 ], [ 51.583343, 50.534781 ], [ 51.582166, 50.561274 ], [ 51.603655, 50.592771 ], [ 51.665765, 50.623973 ], [ 51.675185, 50.626034 ], [ 51.685782, 50.630155 ], [ 51.696674, 50.631921 ], [ 51.713747, 50.624268 ], [ 51.747893, 50.617203 ], [ 51.757018, 50.610138 ] ] ] } },
{ "type": "Feature", "properties": { "name": null }, "geometry": { "type": "Polygon", "coordinates": [ [ [ 52.495283, 49.45888 ], [ 52.507941, 49.444456 ], [ 52.512945, 49.427677 ], [ 52.509119, 49.417669 ], [ 52.499993, 49.418847 ], [ 52.490279, 49.423851 ], [ 52.484686, 49.424734 ], [ 52.482037, 49.41502 ], [ 52.489396, 49.40354 ], [ 52.484686, 49.396769 ], [ 52.466436, 49.391176 ], [ 52.44848, 49.396475 ], [ 52.432584, 49.407955 ], [ 52.419632, 49.420907 ], [ 52.405502, 49.429738 ], [ 52.347218, 49.445045 ], [ 52.343097, 49.449166 ], [ 52.343392, 49.453287 ], [ 52.343097, 49.455053 ], [ 52.334266, 49.45211 ], [ 52.331323, 49.446517 ], [ 52.333089, 49.439158 ], [ 52.331911, 49.432976 ], [ 52.320726, 49.430915 ], [ 52.28864, 49.460646 ], [ 52.280692, 49.475659 ], [ 52.299531, 49.486256 ], [ 52.290995, 49.497736 ], [ 52.29335, 49.511277 ], [ 52.303358, 49.522463 ], [ 52.316899, 49.527173 ], [ 52.325141, 49.524818 ], [ 52.333089, 49.512454 ], [ 52.341037, 49.506567 ], [ 52.352517, 49.503623 ], [ 52.389018, 49.499797 ], [ 52.440826, 49.475659 ], [ 52.461137, 49.472421 ], [ 52.478505, 49.468888 ], [ 52.495283, 49.45888 ] ] ] } },
{ "type": "Feature", "properties": { "name": null }, "geometry": { "type": "Polygon", "coordinates": [ [ [ 60.44547, 55.396793 ], [ 60.459599, 55.38649 ], [ 60.46843, 55.372655 ], [ 60.455773, 55.373244 ], [ 60.443998, 55.371772 ], [ 60.421332, 55.365885 ], [ 60.386597, 55.352344 ], [ 60.363931, 55.324674 ], [ 60.35039, 55.313488 ], [ 60.331257, 55.311428 ], [ 60.310357, 55.3703 ], [ 60.29711, 55.38649 ], [ 60.313006, 55.3912 ], [ 60.326252, 55.401503 ], [ 60.335378, 55.415338 ], [ 60.338616, 55.431234 ], [ 60.336555, 55.438887 ], [ 60.326547, 55.454783 ], [ 60.324486, 55.46538 ], [ 60.32949, 55.468324 ], [ 60.341265, 55.469207 ], [ 60.353923, 55.468029 ], [ 60.362165, 55.46538 ], [ 60.369524, 55.457727 ], [ 60.386597, 55.434766 ], [ 60.38748, 55.431234 ], [ 60.386303, 55.426524 ], [ 60.386303, 55.422697 ], [ 60.389541, 55.421225 ], [ 60.413973, 55.413866 ], [ 60.44547, 55.396793 ] ] ] } },
{ "type": "Feature", "properties": { "name": null }, "geometry": { "type": "Polygon", "coordinates": [ [ [ 60.489036, 55.564581 ], [ 60.54261, 55.534556 ], [ 60.561155, 55.516011 ], [ 60.543493, 55.503059 ], [ 60.480499, 55.485691 ], [ 60.45018, 55.487163 ], [ 60.421332, 55.503059 ], [ 60.404553, 55.522192 ], [ 60.398077, 55.540737 ], [ 60.401315, 55.559282 ], [ 60.427808, 55.596078 ], [ 60.436933, 55.597255 ], [ 60.454889, 55.591957 ], [ 60.464898, 55.586364 ], [ 60.489036, 55.564581 ] ] ] } },
{ "type": "Feature", "properties": { "name": null }, "geometry": { "type": "Polygon", "coordinates": [ [ [ 60.879068, 50.805596 ], [ 60.940002, 50.808834 ], [ 60.968849, 50.784696 ], [ 60.945006, 50.733771 ], [ 60.892315, 50.710516 ], [ 60.83874, 50.71346 ], [ 60.812247, 50.742308 ], [ 60.824022, 50.781458 ], [ 60.879068, 50.805596 ] ] ] } },
{ "type": "Feature", "properties": { "name": null }, "geometry": { "type": "Polygon", "coordinates": [ [ [ 29.103638, 54.693852 ], [ 29.117768, 54.681783 ], [ 29.124244, 54.663238 ], [ 29.118651, 54.656467 ], [ 29.082738, 54.639689 ], [ 29.062133, 54.619672 ], [ 29.050947, 54.615551 ], [ 29.041822, 54.626148 ], [ 29.046826, 54.634096 ], [ 29.048298, 54.644399 ], [ 29.046531, 54.655879 ], [ 29.041822, 54.667065 ], [ 29.051536, 54.667948 ], [ 29.058895, 54.672069 ], [ 29.064488, 54.678545 ], [ 29.069197, 54.68767 ], [ 29.06125, 54.688259 ], [ 29.041822, 54.693852 ], [ 29.066548, 54.710042 ], [ 29.078028, 54.713574 ], [ 29.082738, 54.704743 ], [ 29.103638, 54.693852 ] ] ] } },
{ "type": "Feature", "properties": { "name": null }, "geometry": { "type": "Polygon", "coordinates": [ [ [ 30.337613, 57.193592 ], [ 30.337907, 57.193886 ], [ 30.338496, 57.193886 ], [ 30.338201, 57.193297 ], [ 30.337318, 57.192414 ], [ 30.337024, 57.19212 ], [ 30.337024, 57.193003 ], [ 30.337613, 57.193592 ] ] ] } },
{ "type": "Feature", "properties": { "name": null }, "geometry": { "type": "Polygon", "coordinates": [ [ [ 30.424744, 57.210665 ], [ 30.429454, 57.19889 ], [ 30.431809, 57.186821 ], [ 30.418563, 57.176519 ], [ 30.384416, 57.160917 ], [ 30.374702, 57.160034 ], [ 30.366166, 57.160917 ], [ 30.358218, 57.163861 ], [ 30.350859, 57.168571 ], [ 30.351153, 57.170926 ], [ 30.347621, 57.179462 ], [ 30.342617, 57.188882 ], [ 30.338496, 57.193886 ], [ 30.346149, 57.203306 ], [ 30.361162, 57.214197 ], [ 30.37794, 57.224206 ], [ 30.392364, 57.229799 ], [ 30.41768, 57.232154 ], [ 30.424744, 57.223911 ], [ 30.424744, 57.210665 ] ] ] } },
{ "type": "Feature", "properties": { "name": null }, "geometry": { "type": "Polygon", "coordinates": [ [ [ 33.180876, 57.188588 ], [ 33.203542, 57.175636 ], [ 33.216788, 57.161506 ], [ 33.197949, 57.154736 ], [ 33.17646, 57.160034 ], [ 33.156149, 57.170043 ], [ 33.135544, 57.175636 ], [ 33.112877, 57.168571 ], [ 33.109639, 57.154441 ], [ 33.089034, 57.153853 ], [ 33.06313, 57.157385 ], [ 33.043113, 57.154736 ], [ 33.034871, 57.141489 ], [ 33.027806, 57.12265 ], [ 33.017209, 57.110581 ], [ 32.999253, 57.117057 ], [ 32.973349, 57.138251 ], [ 32.969522, 57.149732 ], [ 32.98895, 57.154736 ], [ 33.01662, 57.168571 ], [ 33.034577, 57.175047 ], [ 33.042819, 57.179462 ], [ 33.050767, 57.188293 ], [ 33.023685, 57.208016 ], [ 33.01662, 57.216258 ], [ 33.012794, 57.225383 ], [ 33.00985, 57.245694 ], [ 33.006023, 57.253642 ], [ 32.994543, 57.258352 ], [ 32.977176, 57.260707 ], [ 32.961574, 57.264828 ], [ 32.946856, 57.286611 ], [ 32.929194, 57.291615 ], [ 32.892987, 57.291321 ], [ 32.899463, 57.27778 ], [ 32.892693, 57.273659 ], [ 32.879152, 57.276014 ], [ 32.853837, 57.284256 ], [ 32.843534, 57.282784 ], [ 32.834115, 57.279841 ], [ 32.824989, 57.27778 ], [ 32.782895, 57.27778 ], [ 32.77377, 57.275425 ], [ 32.76229, 57.271304 ], [ 32.75081, 57.268655 ], [ 32.741684, 57.27101 ], [ 32.739329, 57.278074 ], [ 32.745805, 57.28455 ], [ 32.755225, 57.289555 ], [ 32.762584, 57.291321 ], [ 32.782601, 57.293676 ], [ 32.808505, 57.30339 ], [ 32.844417, 57.307216 ], [ 32.892987, 57.319285 ], [ 32.91477, 57.320463 ], [ 32.931255, 57.316636 ], [ 32.947445, 57.310454 ], [ 32.968639, 57.305745 ], [ 33.007789, 57.31016 ], [ 33.074316, 57.339302 ], [ 33.105224, 57.339891 ], [ 33.121414, 57.326644 ], [ 33.142903, 57.317225 ], [ 33.187352, 57.305745 ], [ 33.155266, 57.306333 ], [ 33.139959, 57.304273 ], [ 33.126418, 57.298091 ], [ 33.137604, 57.295147 ], [ 33.147907, 57.291026 ], [ 33.157621, 57.285433 ], [ 33.167335, 57.27778 ], [ 33.155855, 57.273953 ], [ 33.128479, 57.268655 ], [ 33.119059, 57.264534 ], [ 33.108756, 57.256291 ], [ 33.107579, 57.252465 ], [ 33.111994, 57.249227 ], [ 33.170573, 57.19212 ], [ 33.180876, 57.188588 ] ], [ [ 33.069017, 57.271598 ], [ 33.090506, 57.280724 ], [ 33.112877, 57.27778 ], [ 33.104047, 57.288671 ], [ 33.082264, 57.293381 ], [ 33.078731, 57.311926 ], [ 33.03752, 57.301623 ], [ 33.013677, 57.292204 ], [ 33.002785, 57.281018 ], [ 33.008967, 57.26836 ], [ 33.023096, 57.251876 ], [ 33.039286, 57.237158 ], [ 33.050767, 57.229799 ], [ 33.054005, 57.253348 ], [ 33.069017, 57.271598 ] ] ] } },
{ "type": "Feature", "properties": { "name": null }, "geometry": { "type": "Polygon", "coordinates": [ [ [ 23.120687, 54.052432 ], [ 23.133345, 54.038303 ], [ 23.134522, 54.015931 ], [ 23.117744, 54.021524 ], [ 23.104792, 54.018286 ], [ 23.0939, 54.01181 ], [ 23.083892, 54.008572 ], [ 23.037088, 54.012104 ], [ 23.025313, 54.008572 ], [ 23.02237, 54.012399 ], [ 23.019426, 54.014459 ], [ 23.011772, 54.015931 ], [ 23.015894, 54.015931 ], [ 23.019426, 54.017109 ], [ 23.022664, 54.019463 ], [ 23.025313, 54.022701 ], [ 23.035027, 54.021818 ], [ 23.114211, 54.036537 ], [ 23.114211, 54.043896 ], [ 23.085658, 54.043307 ], [ 23.071823, 54.045073 ], [ 23.059459, 54.050077 ], [ 23.064169, 54.060086 ], [ 23.064464, 54.070683 ], [ 23.07094, 54.078042 ], [ 23.094489, 54.077453 ], [ 23.094489, 54.073038 ], [ 23.093017, 54.07186 ], [ 23.090073, 54.07186 ], [ 23.086835, 54.071272 ], [ 23.120687, 54.052432 ] ] ] } },
{ "type": "Feature", "properties": { "name": null }, "geometry": { "type": "Polygon", "coordinates": [ [ [ 26.958901, 56.801499 ], [ 26.963317, 56.799144 ], [ 26.993342, 56.791196 ], [ 26.82997, 56.71996 ], [ 26.794057, 56.71054 ], [ 26.773746, 56.715839 ], [ 26.782283, 56.747041 ], [ 26.806715, 56.778244 ], [ 26.837623, 56.802382 ], [ 26.866176, 56.812096 ], [ 26.884427, 56.81504 ], [ 26.914158, 56.825637 ], [ 26.931525, 56.825931 ], [ 26.941239, 56.823282 ], [ 26.95007, 56.818572 ], [ 26.956252, 56.811507 ], [ 26.958901, 56.801499 ] ] ] } },
{ "type": "Feature", "properties": { "name": null }, "geometry": { "type": "Polygon", "coordinates": [ [ [ 26.822022, 54.883717 ], [ 26.837623, 54.884894 ], [ 26.848809, 54.879301 ], [ 26.848515, 54.856929 ], [ 26.829086, 54.831614 ], [ 26.800533, 54.814541 ], [ 26.773746, 54.817779 ], [ 26.759911, 54.81719 ], [ 26.750197, 54.81984 ], [ 26.717228, 54.841328 ], [ 26.718994, 54.855458 ], [ 26.714579, 54.865466 ], [ 26.705159, 54.866643 ], [ 26.695445, 54.868998 ], [ 26.69103, 54.882833 ], [ 26.693973, 54.895197 ], [ 26.701332, 54.900201 ], [ 26.712518, 54.90285 ], [ 26.72547, 54.907266 ], [ 26.739011, 54.897846 ], [ 26.754612, 54.889309 ], [ 26.771097, 54.882833 ], [ 26.787287, 54.879301 ], [ 26.80436, 54.880184 ], [ 26.822022, 54.883717 ] ] ] } },
{ "type": "Feature", "properties": { "name": null }, "geometry": { "type": "Polygon", "coordinates": [ [ [ 27.511717, 56.336109 ], [ 27.514072, 56.321685 ], [ 27.514072, 56.308145 ], [ 27.50318, 56.293426 ], [ 27.477571, 56.290777 ], [ 27.431061, 56.298136 ], [ 27.418109, 56.316681 ], [ 27.398975, 56.323746 ], [ 27.377192, 56.326395 ], [ 27.355704, 56.332282 ], [ 27.355704, 56.339053 ], [ 27.401036, 56.344646 ], [ 27.421936, 56.351122 ], [ 27.421347, 56.362896 ], [ 27.416343, 56.372022 ], [ 27.420758, 56.377614 ], [ 27.430472, 56.37732 ], [ 27.452255, 56.361719 ], [ 27.462558, 56.360541 ], [ 27.474038, 56.361424 ], [ 27.486402, 56.359658 ], [ 27.503475, 56.349356 ], [ 27.511717, 56.336109 ] ] ] } },
{ "type": "Feature", "properties": { "name": null }, "geometry": { "type": "Polygon", "coordinates": [ [ [ 25.293683, 57.736105 ], [ 25.302808, 57.717854 ], [ 25.321353, 57.702842 ], [ 25.316055, 57.698132 ], [ 25.311345, 57.697838 ], [ 25.300159, 57.702842 ], [ 25.278671, 57.703725 ], [ 25.251295, 57.709023 ], [ 25.227746, 57.717266 ], [ 25.217737, 57.726391 ], [ 25.210084, 57.744642 ], [ 25.193011, 57.76613 ], [ 25.1727, 57.783792 ], [ 25.156215, 57.792328 ], [ 25.178881, 57.796155 ], [ 25.229217, 57.774667 ], [ 25.259243, 57.770546 ], [ 25.259537, 57.765836 ], [ 25.258065, 57.764953 ], [ 25.255121, 57.765247 ], [ 25.251883, 57.764364 ], [ 25.281026, 57.753178 ], [ 25.293683, 57.736105 ] ] ] } },
{ "type": "Feature", "properties": { "name": "Mälaren" }, "geometry": { "type": "Polygon", "coordinates": [ [ [ 18.095008, 59.326849 ], [ 18.019651, 59.327143 ], [ 17.988743, 59.337151 ], [ 17.969609, 59.333913 ], [ 17.911914, 59.30536 ], [ 17.899551, 59.296235 ], [ 17.89749, 59.290348 ], [ 17.887776, 59.280928 ], [ 17.885421, 59.275041 ], [ 17.886599, 59.269153 ], [ 17.891897, 59.260028 ], [ 17.89278, 59.255318 ], [ 17.891308, 59.240894 ], [ 17.886599, 59.22912 ], [ 17.878062, 59.22441 ], [ 17.86511, 59.230592 ], [ 17.867465, 59.258262 ], [ 17.828903, 59.270036 ], [ 17.741477, 59.271508 ], [ 17.741477, 59.265327 ], [ 17.782982, 59.258262 ], [ 17.772091, 59.247076 ], [ 17.752369, 59.240306 ], [ 17.730586, 59.239128 ], [ 17.713513, 59.244721 ], [ 17.732941, 59.251786 ], [ 17.741477, 59.25208 ], [ 17.729703, 59.256201 ], [ 17.70527, 59.261205 ], [ 17.693496, 59.265327 ], [ 17.696145, 59.269153 ], [ 17.700561, 59.278867 ], [ 17.636978, 59.291819 ], [ 17.605481, 59.291819 ], [ 17.576928, 59.278867 ], [ 17.592823, 59.272097 ], [ 17.599888, 59.260617 ], [ 17.603715, 59.230592 ], [ 17.597533, 59.22441 ], [ 17.589585, 59.233535 ], [ 17.575456, 59.259734 ], [ 17.56633, 59.265327 ], [ 17.551907, 59.267976 ], [ 17.510696, 59.2824 ], [ 17.47184, 59.30536 ], [ 17.429746, 59.316546 ], [ 17.350856, 59.326554 ], [ 17.364985, 59.282988 ], [ 17.377643, 59.26621 ], [ 17.399426, 59.258262 ], [ 17.399426, 59.25208 ], [ 17.213977, 59.258262 ], [ 17.213977, 59.265327 ], [ 17.249889, 59.267681 ], [ 17.2702, 59.271803 ], [ 17.282269, 59.278867 ], [ 17.278442, 59.286521 ], [ 17.241647, 59.319784 ], [ 17.306113, 59.329498 ], [ 17.316121, 59.337151 ], [ 17.306701, 59.353636 ], [ 17.28433, 59.360112 ], [ 17.234288, 59.361584 ], [ 17.143918, 59.375713 ], [ 17.09888, 59.377185 ], [ 17.04354, 59.361584 ], [ 17.039419, 59.366588 ], [ 17.03883, 59.375124 ], [ 17.035886, 59.381306 ], [ 16.971715, 59.407799 ], [ 16.967594, 59.412214 ], [ 16.961412, 59.424578 ], [ 16.955819, 59.43282 ], [ 16.9464, 59.439001 ], [ 16.933153, 59.451953 ], [ 16.926383, 59.456958 ], [ 16.915786, 59.461667 ], [ 16.884878, 59.470498 ], [ 16.840723, 59.49081 ], [ 16.821295, 59.493459 ], [ 16.823944, 59.477563 ], [ 16.748293, 59.477563 ], [ 16.739756, 59.479329 ], [ 16.724449, 59.484922 ], [ 16.714735, 59.484922 ], [ 16.706199, 59.482273 ], [ 16.697368, 59.477269 ], [ 16.694424, 59.472853 ], [ 16.726215, 59.465789 ], [ 16.83984, 59.412509 ], [ 16.85132, 59.408682 ], [ 16.878402, 59.410154 ], [ 16.884878, 59.408682 ], [ 16.889882, 59.403089 ], [ 16.892825, 59.396613 ], [ 16.891942, 59.39102 ], [ 16.885466, 59.38896 ], [ 16.817174, 59.38896 ], [ 16.808343, 59.392198 ], [ 16.782439, 59.416041 ], [ 16.71032, 59.450482 ], [ 16.689714, 59.466966 ], [ 16.665871, 59.478446 ], [ 16.640555, 59.471087 ], [ 16.61524, 59.457546 ], [ 16.590219, 59.450187 ], [ 16.574323, 59.452542 ], [ 16.546064, 59.462256 ], [ 16.528697, 59.463434 ], [ 16.523693, 59.461079 ], [ 16.512801, 59.452248 ], [ 16.508091, 59.450187 ], [ 16.499261, 59.45107 ], [ 16.483954, 59.45578 ], [ 16.477183, 59.456958 ], [ 16.165452, 59.444006 ], [ 16.125418, 59.446655 ], [ 16.080969, 59.455191 ], [ 16.042407, 59.47197 ], [ 16.021508, 59.497874 ], [ 16.123946, 59.477563 ], [ 16.233744, 59.477563 ], [ 16.233744, 59.484922 ], [ 16.213139, 59.484922 ], [ 16.213139, 59.491104 ], [ 16.248462, 59.503467 ], [ 16.267302, 59.502878 ], [ 16.275249, 59.48816 ], [ 16.282314, 59.470498 ], [ 16.298504, 59.460784 ], [ 16.318815, 59.458724 ], [ 16.336772, 59.463434 ], [ 16.325586, 59.47668 ], [ 16.330296, 59.481095 ], [ 16.342659, 59.483156 ], [ 16.354139, 59.48816 ], [ 16.372978, 59.50435 ], [ 16.383575, 59.509649 ], [ 16.39535, 59.511709 ], [ 16.442743, 59.499935 ], [ 16.468647, 59.498463 ], [ 16.494551, 59.511709 ], [ 16.445981, 59.525839 ], [ 16.469824, 59.52996 ], [ 16.503676, 59.530843 ], [ 16.53429, 59.535847 ], [ 16.549008, 59.552626 ], [ 16.535762, 59.566167 ], [ 16.510152, 59.584712 ], [ 16.498083, 59.600902 ], [ 16.524576, 59.607966 ], [ 16.538411, 59.609733 ], [ 16.549302, 59.612971 ], [ 16.560194, 59.612676 ], [ 16.586392, 59.596486 ], [ 16.617006, 59.587361 ], [ 16.631724, 59.580591 ], [ 16.644971, 59.567933 ], [ 16.658512, 59.551743 ], [ 16.674702, 59.537908 ], [ 16.696484, 59.53202 ], [ 16.726804, 59.529077 ], [ 16.741817, 59.52996 ], [ 16.748293, 59.535847 ], [ 16.753297, 59.542912 ], [ 16.764483, 59.55086 ], [ 16.77714, 59.557336 ], [ 16.785971, 59.559985 ], [ 16.789798, 59.565578 ], [ 16.793036, 59.577353 ], [ 16.797746, 59.589421 ], [ 16.806282, 59.59472 ], [ 16.871337, 59.587361 ], [ 16.87899, 59.588244 ], [ 16.883994, 59.589421 ], [ 16.889882, 59.589716 ], [ 16.898713, 59.587361 ], [ 16.908132, 59.58324 ], [ 16.90931, 59.581179 ], [ 16.908721, 59.57853 ], [ 16.912842, 59.573231 ], [ 16.94375, 59.549388 ], [ 16.953759, 59.547327 ], [ 17.069738, 59.546444 ], [ 17.058258, 59.561457 ], [ 17.021462, 59.580296 ], [ 17.007922, 59.59472 ], [ 17.027644, 59.597369 ], [ 17.037947, 59.600313 ], [ 17.055609, 59.609733 ], [ 17.060907, 59.604728 ], [ 17.06444, 59.595309 ], [ 17.069738, 59.587361 ], [ 17.083868, 59.574998 ], [ 17.09211, 59.569405 ], [ 17.100646, 59.566755 ], [ 17.103001, 59.563812 ], [ 17.129494, 59.551154 ], [ 17.154221, 59.544678 ], [ 17.209267, 59.545267 ], [ 17.220747, 59.535847 ], [ 17.229872, 59.526428 ], [ 17.34438, 59.477563 ], [ 17.364102, 59.477857 ], [ 17.36057, 59.487572 ], [ 17.353211, 59.499346 ], [ 17.361159, 59.504939 ], [ 17.373228, 59.498169 ], [ 17.405902, 59.473736 ], [ 17.412378, 59.474031 ], [ 17.412084, 59.49081 ], [ 17.409434, 59.501112 ], [ 17.392067, 59.525839 ], [ 17.407079, 59.541735 ], [ 17.395599, 59.561163 ], [ 17.375288, 59.581179 ], [ 17.364691, 59.597958 ], [ 17.345557, 59.613854 ], [ 17.336726, 59.623862 ], [ 17.340848, 59.628278 ], [ 17.354094, 59.631516 ], [ 17.364397, 59.638875 ], [ 17.374111, 59.648 ], [ 17.385885, 59.655653 ], [ 17.377937, 59.637697 ], [ 17.373816, 59.620035 ], [ 17.379998, 59.606495 ], [ 17.402664, 59.600902 ], [ 17.405019, 59.597958 ], [ 17.435338, 59.57382 ], [ 17.486558, 59.547916 ], [ 17.495094, 59.546444 ], [ 17.50628, 59.548505 ], [ 17.524531, 59.557925 ], [ 17.533067, 59.559985 ], [ 17.54808, 59.553803 ], [ 17.544842, 59.540263 ], [ 17.531596, 59.525839 ], [ 17.515405, 59.51848 ], [ 17.519527, 59.511709 ], [ 17.52512, 59.504939 ], [ 17.532184, 59.499935 ], [ 17.544253, 59.496991 ], [ 17.551024, 59.492281 ], [ 17.556616, 59.491104 ], [ 17.562504, 59.493164 ], [ 17.564564, 59.50229 ], [ 17.569568, 59.504939 ], [ 17.590174, 59.505233 ], [ 17.65199, 59.497874 ], [ 17.668475, 59.49287 ], [ 17.679955, 59.480507 ], [ 17.697028, 59.453425 ], [ 17.714984, 59.4443 ], [ 17.73088, 59.448127 ], [ 17.737356, 59.46049 ], [ 17.727642, 59.477563 ], [ 17.740005, 59.485805 ], [ 17.780039, 59.526428 ], [ 17.789164, 59.539674 ], [ 17.765321, 59.576764 ], [ 17.753546, 59.587067 ], [ 17.740005, 59.59472 ], [ 17.725287, 59.59943 ], [ 17.710569, 59.600902 ], [ 17.610779, 59.632693 ], [ 17.574867, 59.651238 ], [ 17.563976, 59.660952 ], [ 17.563387, 59.676553 ], [ 17.617844, 59.697159 ], [ 17.61284, 59.701869 ], [ 17.608719, 59.707462 ], [ 17.603715, 59.710405 ], [ 17.61755, 59.730422 ], [ 17.596944, 59.73837 ], [ 17.536011, 59.73837 ], [ 17.550435, 59.732777 ], [ 17.556616, 59.731305 ], [ 17.54337, 59.721002 ], [ 17.527474, 59.716292 ], [ 17.514228, 59.709522 ], [ 17.508635, 59.693626 ], [ 17.515405, 59.669783 ], [ 17.514228, 59.658303 ], [ 17.501865, 59.649472 ], [ 17.515994, 59.63652 ], [ 17.529241, 59.612971 ], [ 17.537188, 59.588833 ], [ 17.536011, 59.573231 ], [ 17.518643, 59.590599 ], [ 17.490385, 59.632987 ], [ 17.474489, 59.642113 ], [ 17.480671, 59.660363 ], [ 17.470073, 59.666839 ], [ 17.455061, 59.670372 ], [ 17.447407, 59.679791 ], [ 17.451528, 59.691271 ], [ 17.462126, 59.702457 ], [ 17.484792, 59.720708 ], [ 17.495094, 59.734249 ], [ 17.488913, 59.738958 ], [ 17.41385, 59.739842 ], [ 17.390595, 59.743668 ], [ 17.371461, 59.75191 ], [ 17.518938, 59.75191 ], [ 17.54808, 59.75662 ], [ 17.567802, 59.769572 ], [ 17.582815, 59.789 ], [ 17.597533, 59.813433 ], [ 17.602537, 59.803719 ], [ 17.610779, 59.796948 ], [ 17.631679, 59.786645 ], [ 17.625203, 59.764274 ], [ 17.644337, 59.751322 ], [ 17.67083, 59.742196 ], [ 17.686725, 59.731305 ], [ 17.664354, 59.730422 ], [ 17.657289, 59.721591 ], [ 17.656406, 59.707462 ], [ 17.652579, 59.6898 ], [ 17.642571, 59.67361 ], [ 17.629913, 59.665367 ], [ 17.613429, 59.662718 ], [ 17.590763, 59.662424 ], [ 17.606364, 59.65271 ], [ 17.626969, 59.644173 ], [ 17.648164, 59.637992 ], [ 17.66612, 59.635931 ], [ 17.705565, 59.62504 ], [ 17.719989, 59.625334 ], [ 17.713513, 59.642113 ], [ 17.717928, 59.658891 ], [ 17.711158, 59.677731 ], [ 17.709391, 59.693921 ], [ 17.727642, 59.70334 ], [ 17.73088, 59.687739 ], [ 17.736473, 59.678025 ], [ 17.742949, 59.6689 ], [ 17.748836, 59.655653 ], [ 17.752663, 59.629455 ], [ 17.758845, 59.618858 ], [ 17.775623, 59.607966 ], [ 17.784454, 59.605317 ], [ 17.805354, 59.60149 ], [ 17.813302, 59.597958 ], [ 17.819484, 59.590599 ], [ 17.819484, 59.585006 ], [ 17.817129, 59.579707 ], [ 17.817129, 59.573231 ], [ 17.81654, 59.570877 ], [ 17.815068, 59.568227 ], [ 17.815363, 59.564106 ], [ 17.820367, 59.556453 ], [ 17.827431, 59.549094 ], [ 17.838912, 59.540263 ], [ 17.843916, 59.53202 ], [ 17.818895, 59.525839 ], [ 17.793285, 59.50906 ], [ 17.777684, 59.486688 ], [ 17.782982, 59.463434 ], [ 17.760022, 59.421045 ], [ 17.790342, 59.387488 ], [ 17.84421, 59.363055 ], [ 17.89278, 59.347749 ], [ 17.922805, 59.343333 ], [ 17.995513, 59.35393 ], [ 18.095008, 59.338623 ], [ 18.095008, 59.326849 ] ] ] } },
{ "type": "Feature", "properties": { "name": "Khashm el Girba Dam" }, "geometry": { "type": "Polygon", "coordinates": [ [ [ 35.947015, 14.772483 ], [ 35.938773, 14.762769 ], [ 35.935829, 14.757471 ], [ 35.935829, 14.7507 ], [ 35.938773, 14.744813 ], [ 35.942011, 14.739514 ], [ 35.943189, 14.736276 ], [ 35.939656, 14.727445 ], [ 35.928176, 14.704191 ], [ 35.900506, 14.661508 ], [ 35.896385, 14.645023 ], [ 35.895207, 14.619708 ], [ 35.890792, 14.628245 ], [ 35.887848, 14.644729 ], [ 35.880489, 14.667984 ], [ 35.884021, 14.677109 ], [ 35.89138, 14.685351 ], [ 35.898445, 14.695654 ], [ 35.925821, 14.777487 ], [ 35.923466, 14.796915 ], [ 35.885788, 14.833711 ], [ 35.873424, 14.852256 ], [ 35.87519, 14.874922 ], [ 35.897856, 14.914955 ], [ 35.901683, 14.935561 ], [ 35.908454, 14.873744 ], [ 35.915224, 14.852256 ], [ 35.929059, 14.831062 ], [ 35.941717, 14.816343 ], [ 35.949959, 14.800742 ], [ 35.94937, 14.777193 ], [ 35.947015, 14.772483 ] ] ] } },
{ "type": "Feature", "properties": { "name": "Mingevir Reservoir" }, "geometry": { "type": "Polygon", "coordinates": [ [ [ 46.941221, 40.831362 ], [ 46.897066, 40.848729 ], [ 46.617421, 40.906719 ], [ 46.455226, 40.897005 ], [ 46.410777, 40.886702 ], [ 46.385462, 40.885819 ], [ 46.337775, 40.899654 ], [ 46.370155, 40.924675 ], [ 46.486429, 40.939688 ], [ 46.523518, 40.975306 ], [ 46.501147, 40.990613 ], [ 46.466412, 41.029469 ], [ 46.440802, 41.04301 ], [ 46.440802, 41.050369 ], [ 46.468767, 41.050369 ], [ 46.521752, 41.040655 ], [ 46.5506, 41.04301 ], [ 46.597698, 41.060966 ], [ 46.622719, 41.065381 ], [ 46.646268, 41.057434 ], [ 46.658043, 41.017989 ], [ 46.685124, 40.986786 ], [ 46.721625, 40.963826 ], [ 46.898833, 40.904364 ], [ 46.941221, 40.879638 ], [ 46.946814, 40.874633 ], [ 46.951524, 40.86904 ], [ 46.958294, 40.863742 ], [ 46.968303, 40.858443 ], [ 47.004804, 40.852262 ], [ 47.029236, 40.841076 ], [ 47.126082, 40.817821 ], [ 47.143155, 40.809873 ], [ 47.154929, 40.796627 ], [ 47.159639, 40.773078 ], [ 47.149631, 40.77455 ], [ 47.085165, 40.797804 ], [ 47.058378, 40.796921 ], [ 47.021582, 40.780142 ], [ 46.999211, 40.776021 ], [ 46.99244, 40.779848 ], [ 46.984787, 40.788973 ], [ 46.978605, 40.799571 ], [ 46.975956, 40.807518 ], [ 46.971541, 40.812817 ], [ 46.961827, 40.819882 ], [ 46.941221, 40.831362 ] ] ] } },
{ "type": "Feature", "properties": { "name": "Krishna Raja Sagar" }, "geometry": { "type": "Polygon", "coordinates": [ [ [ 76.554841, 12.447301 ], [ 76.565438, 12.443769 ], [ 76.570442, 12.435821 ], [ 76.570442, 12.426695 ], [ 76.565438, 12.419925 ], [ 76.558079, 12.420514 ], [ 76.511275, 12.441119 ], [ 76.490081, 12.445535 ], [ 76.470653, 12.444063 ], [ 76.45564, 12.433466 ], [ 76.454168, 12.44789 ], [ 76.460939, 12.463785 ], [ 76.462705, 12.476737 ], [ 76.445632, 12.482036 ], [ 76.432386, 12.492044 ], [ 76.429148, 12.510884 ], [ 76.435329, 12.522069 ], [ 76.44887, 12.509412 ], [ 76.454463, 12.497637 ], [ 76.483899, 12.467023 ], [ 76.493613, 12.460842 ], [ 76.513041, 12.465551 ], [ 76.521283, 12.465257 ], [ 76.524522, 12.457604 ], [ 76.529526, 12.457015 ], [ 76.551603, 12.449067 ], [ 76.554841, 12.447301 ] ] ] } },
{ "type": "Feature", "properties": { "name": "Bhadra Reservoir" }, "geometry": { "type": "Polygon", "coordinates": [ [ [ 75.626711, 13.716305 ], [ 75.633776, 13.708357 ], [ 75.646728, 13.66744 ], [ 75.644667, 13.64654 ], [ 75.615819, 13.677154 ], [ 75.6064, 13.66744 ], [ 75.595508, 13.67215 ], [ 75.585206, 13.670973 ], [ 75.573137, 13.668029 ], [ 75.557241, 13.66744 ], [ 75.557241, 13.660081 ], [ 75.572548, 13.649778 ], [ 75.577258, 13.632411 ], [ 75.577846, 13.591789 ], [ 75.584322, 13.56559 ], [ 75.57873, 13.552638 ], [ 75.557241, 13.54469 ], [ 75.557241, 13.537037 ], [ 75.571665, 13.530267 ], [ 75.557241, 13.524085 ], [ 75.546055, 13.515548 ], [ 75.537519, 13.505834 ], [ 75.530748, 13.49612 ], [ 75.532809, 13.517609 ], [ 75.54164, 13.539097 ], [ 75.554886, 13.557937 ], [ 75.571665, 13.571183 ], [ 75.565483, 13.580603 ], [ 75.561656, 13.588256 ], [ 75.559007, 13.596204 ], [ 75.557241, 13.605918 ], [ 75.551648, 13.605918 ], [ 75.545172, 13.596498 ], [ 75.535164, 13.587962 ], [ 75.510143, 13.571183 ], [ 75.529276, 13.608862 ], [ 75.52545, 13.61887 ], [ 75.496308, 13.619164 ], [ 75.496308, 13.626524 ], [ 75.51132, 13.630645 ], [ 75.526627, 13.641831 ], [ 75.539285, 13.654488 ], [ 75.544289, 13.663908 ], [ 75.548704, 13.69982 ], [ 75.554886, 13.715716 ], [ 75.564306, 13.714538 ], [ 75.570782, 13.723664 ], [ 75.576669, 13.726902 ], [ 75.583439, 13.726019 ], [ 75.591387, 13.722192 ], [ 75.606989, 13.723075 ], [ 75.618469, 13.721014 ], [ 75.626711, 13.716305 ] ] ] } },
{ "type": "Feature", "properties": { "name": "Tungabhadra" }, "geometry": { "type": "Polygon", "coordinates": [ [ [ 76.312874, 15.280556 ], [ 76.332596, 15.256418 ], [ 76.334657, 15.236107 ], [ 76.321999, 15.22551 ], [ 76.302865, 15.218445 ], [ 76.28432, 15.209319 ], [ 76.299922, 15.193718 ], [ 76.291385, 15.190186 ], [ 76.259888, 15.194896 ], [ 76.248114, 15.19048 ], [ 76.22898, 15.168697 ], [ 76.215439, 15.160749 ], [ 76.204842, 15.168109 ], [ 76.199544, 15.177823 ], [ 76.195717, 15.187537 ], [ 76.188358, 15.194896 ], [ 76.175994, 15.1999 ], [ 76.170696, 15.198428 ], [ 76.167163, 15.193718 ], [ 76.160687, 15.188714 ], [ 76.119182, 15.174585 ], [ 76.115061, 15.166342 ], [ 76.108879, 15.144854 ], [ 76.102698, 15.140438 ], [ 76.070023, 15.140144 ], [ 76.065019, 15.136906 ], [ 76.063253, 15.130136 ], [ 76.058543, 15.122188 ], [ 76.05295, 15.115712 ], [ 76.047946, 15.113062 ], [ 76.039704, 15.115417 ], [ 76.026163, 15.125131 ], [ 76.020864, 15.127486 ], [ 76.009679, 15.126309 ], [ 75.99496, 15.121599 ], [ 75.983186, 15.119833 ], [ 75.922547, 15.121599 ], [ 75.914305, 15.119833 ], [ 75.90724, 15.113357 ], [ 75.898115, 15.095695 ], [ 75.893699, 15.092751 ], [ 75.883691, 15.097167 ], [ 75.879864, 15.106292 ], [ 75.880158, 15.13043 ], [ 75.884574, 15.143088 ], [ 75.893699, 15.144559 ], [ 75.903119, 15.143676 ], [ 75.907534, 15.150447 ], [ 75.910478, 15.156628 ], [ 75.918131, 15.159572 ], [ 75.938148, 15.160749 ], [ 75.941092, 15.163104 ], [ 75.943152, 15.16752 ], [ 75.946096, 15.17223 ], [ 75.951983, 15.174585 ], [ 75.954633, 15.173407 ], [ 75.956693, 15.171347 ], [ 75.960225, 15.169286 ], [ 75.965818, 15.168403 ], [ 75.973766, 15.171641 ], [ 75.977004, 15.179883 ], [ 75.977299, 15.190775 ], [ 75.975827, 15.201666 ], [ 75.983186, 15.201666 ], [ 75.986424, 15.18577 ], [ 75.992017, 15.17223 ], [ 76.001436, 15.163104 ], [ 76.017332, 15.160749 ], [ 76.027929, 15.165754 ], [ 76.058543, 15.18371 ], [ 76.065019, 15.185476 ], [ 76.069435, 15.195484 ], [ 76.088863, 15.213146 ], [ 76.092984, 15.226393 ], [ 76.09004, 15.274963 ], [ 76.092984, 15.284382 ], [ 76.113, 15.267309 ], [ 76.119182, 15.263777 ], [ 76.126836, 15.263188 ], [ 76.174228, 15.263777 ], [ 76.181882, 15.261716 ], [ 76.18718, 15.25789 ], [ 76.193067, 15.257301 ], [ 76.201604, 15.263777 ], [ 76.209846, 15.256418 ], [ 76.218677, 15.255535 ], [ 76.226036, 15.261716 ], [ 76.22898, 15.274374 ], [ 76.224564, 15.302044 ], [ 76.227802, 15.311169 ], [ 76.242815, 15.304988 ], [ 76.264304, 15.29027 ], [ 76.288736, 15.287032 ], [ 76.312874, 15.280556 ] ] ] } },
{ "type": "Feature", "properties": { "name": "Lake Habbaniyah" }, "geometry": { "type": "Polygon", "coordinates": [ [ [ 43.44653, 33.252074 ], [ 43.416211, 33.252074 ], [ 43.393839, 33.259139 ], [ 43.350567, 33.286809 ], [ 43.304352, 33.304765 ], [ 43.287279, 33.321544 ], [ 43.295227, 33.34892 ], [ 43.306118, 33.355985 ], [ 43.322309, 33.356868 ], [ 43.338793, 33.360106 ], [ 43.356749, 33.375707 ], [ 43.362048, 33.390425 ], [ 43.370879, 33.444588 ], [ 43.416799, 33.42516 ], [ 43.42563, 33.416624 ], [ 43.428868, 33.398962 ], [ 43.429457, 33.3813 ], [ 43.433873, 33.367465 ], [ 43.449768, 33.361872 ], [ 43.481854, 33.329492 ], [ 43.486858, 33.330964 ], [ 43.49039, 33.335085 ], [ 43.497455, 33.333319 ], [ 43.51129, 33.327137 ], [ 43.517178, 33.331258 ], [ 43.522476, 33.340384 ], [ 43.529246, 33.35569 ], [ 43.570163, 33.33744 ], [ 43.576345, 33.330964 ], [ 43.579583, 33.323016 ], [ 43.593712, 33.300939 ], [ 43.59695, 33.292991 ], [ 43.591946, 33.271797 ], [ 43.580466, 33.247364 ], [ 43.564865, 33.225582 ], [ 43.548969, 33.211158 ], [ 43.538666, 33.208803 ], [ 43.524537, 33.208803 ], [ 43.512762, 33.207331 ], [ 43.500988, 33.194673 ], [ 43.486564, 33.18908 ], [ 43.466547, 33.183782 ], [ 43.457422, 33.185842 ], [ 43.44653, 33.189669 ], [ 43.436522, 33.194968 ], [ 43.428868, 33.201149 ], [ 43.426808, 33.209686 ], [ 43.432989, 33.215573 ], [ 43.437994, 33.222049 ], [ 43.432401, 33.231469 ], [ 43.437111, 33.236767 ], [ 43.439171, 33.2403 ], [ 43.441526, 33.243243 ], [ 43.44653, 33.245893 ], [ 43.44653, 33.252074 ] ] ] } },
{ "type": "Feature", "properties": { "name": "Buhayrat ath Tharthar" }, "geometry": { "type": "Polygon", "coordinates": [ [ [ 43.299937, 33.722763 ], [ 43.2914, 33.719819 ], [ 43.284924, 33.723351 ], [ 43.280803, 33.732477 ], [ 43.274622, 33.732477 ], [ 43.271384, 33.727767 ], [ 43.264908, 33.722468 ], [ 43.261081, 33.718347 ], [ 43.249012, 33.727178 ], [ 43.235177, 33.747783 ], [ 43.222813, 33.75161 ], [ 43.222519, 33.755437 ], [ 43.209861, 33.771038 ], [ 43.206918, 33.773393 ], [ 43.203385, 33.778692 ], [ 43.200736, 33.781635 ], [ 43.202797, 33.783696 ], [ 43.213099, 33.786345 ], [ 43.207801, 33.794882 ], [ 43.172183, 33.820491 ], [ 43.136859, 33.861408 ], [ 43.12479, 33.887312 ], [ 43.096237, 33.914982 ], [ 43.089761, 33.927346 ], [ 43.0877, 33.935882 ], [ 43.078281, 33.946774 ], [ 43.07622, 33.954427 ], [ 43.080341, 33.962669 ], [ 43.087112, 33.968262 ], [ 43.088583, 33.972972 ], [ 43.07622, 33.978859 ], [ 43.08299, 33.993283 ], [ 43.072393, 33.992694 ], [ 43.069155, 33.993283 ], [ 43.069155, 33.999465 ], [ 43.08299, 34.011828 ], [ 43.079164, 34.054511 ], [ 43.089761, 34.067463 ], [ 43.089761, 34.075116 ], [ 43.067684, 34.085419 ], [ 43.064151, 34.104553 ], [ 43.07622, 34.149591 ], [ 43.075337, 34.176672 ], [ 43.059441, 34.218177 ], [ 43.051199, 34.253501 ], [ 43.051494, 34.264393 ], [ 43.058853, 34.276756 ], [ 43.074454, 34.28853 ], [ 43.080341, 34.295006 ], [ 43.08299, 34.304132 ], [ 43.07622, 34.329447 ], [ 43.076514, 34.342988 ], [ 43.086523, 34.348875 ], [ 43.096237, 34.34446 ], [ 43.103007, 34.333862 ], [ 43.110072, 34.307958 ], [ 43.117725, 34.307958 ], [ 43.112721, 34.32091 ], [ 43.111249, 34.336512 ], [ 43.114782, 34.345931 ], [ 43.123907, 34.341222 ], [ 43.129206, 34.333274 ], [ 43.133915, 34.324148 ], [ 43.140686, 34.316495 ], [ 43.151872, 34.31414 ], [ 43.1504, 34.310313 ], [ 43.150105, 34.309136 ], [ 43.145101, 34.307958 ], [ 43.156287, 34.297067 ], [ 43.156876, 34.282937 ], [ 43.145101, 34.252618 ], [ 43.161291, 34.247614 ], [ 43.168945, 34.239077 ], [ 43.191022, 34.182854 ], [ 43.192788, 34.180793 ], [ 43.196321, 34.17991 ], [ 43.216632, 34.160188 ], [ 43.218398, 34.155772 ], [ 43.218398, 34.147236 ], [ 43.219575, 34.143409 ], [ 43.223108, 34.141643 ], [ 43.235177, 34.139877 ], [ 43.240475, 34.136639 ], [ 43.257548, 34.112206 ], [ 43.266379, 34.108085 ], [ 43.286396, 34.107496 ], [ 43.295227, 34.101904 ], [ 43.296993, 34.09425 ], [ 43.293461, 34.087185 ], [ 43.290812, 34.078943 ], [ 43.295227, 34.067463 ], [ 43.303469, 34.074528 ], [ 43.314655, 34.087774 ], [ 43.322603, 34.094839 ], [ 43.325547, 34.080415 ], [ 43.330551, 34.06864 ], [ 43.332906, 34.058043 ], [ 43.329373, 34.047152 ], [ 43.346446, 34.048035 ], [ 43.357338, 34.041559 ], [ 43.362931, 34.029196 ], [ 43.363519, 34.012417 ], [ 43.370879, 34.012417 ], [ 43.375883, 34.019482 ], [ 43.384419, 34.028901 ], [ 43.394722, 34.036849 ], [ 43.405025, 34.039793 ], [ 43.412384, 34.035966 ], [ 43.433578, 34.018893 ], [ 43.439171, 34.012417 ], [ 43.440937, 34.003586 ], [ 43.443292, 33.976504 ], [ 43.44653, 33.965319 ], [ 43.456244, 33.957371 ], [ 43.468019, 33.955605 ], [ 43.477438, 33.951778 ], [ 43.480676, 33.937943 ], [ 43.495395, 33.939415 ], [ 43.503342, 33.924402 ], [ 43.506875, 33.905857 ], [ 43.508347, 33.87907 ], [ 43.507464, 33.875832 ], [ 43.502165, 33.874654 ], [ 43.495395, 33.874949 ], [ 43.489507, 33.876715 ], [ 43.486858, 33.879659 ], [ 43.482148, 33.883485 ], [ 43.471551, 33.882014 ], [ 43.453006, 33.875832 ], [ 43.468313, 33.87436 ], [ 43.488036, 33.867295 ], [ 43.505992, 33.857876 ], [ 43.514823, 33.847867 ], [ 43.50452, 33.850517 ], [ 43.500399, 33.851988 ], [ 43.494512, 33.855521 ], [ 43.489213, 33.850222 ], [ 43.484503, 33.84875 ], [ 43.479205, 33.84875 ], [ 43.472729, 33.847867 ], [ 43.479499, 33.842569 ], [ 43.478616, 33.836681 ], [ 43.475083, 33.828734 ], [ 43.471551, 33.8096 ], [ 43.469785, 33.805773 ], [ 43.469491, 33.801652 ], [ 43.472729, 33.79341 ], [ 43.47685, 33.790761 ], [ 43.484503, 33.788111 ], [ 43.491274, 33.783696 ], [ 43.494512, 33.776631 ], [ 43.493334, 33.762502 ], [ 43.488919, 33.742485 ], [ 43.480382, 33.721291 ], [ 43.466547, 33.704512 ], [ 43.44182, 33.693032 ], [ 43.424453, 33.696859 ], [ 43.407968, 33.706278 ], [ 43.387363, 33.711282 ], [ 43.344975, 33.714226 ], [ 43.322897, 33.720408 ], [ 43.308768, 33.732477 ], [ 43.299937, 33.722763 ] ] ] } },
{ "type": "Feature", "properties": { "name": "Saksak Dagi" }, "geometry": { "type": "Polygon", "coordinates": [ [ [ 38.380818, 38.510301 ], [ 38.35462, 38.542092 ], [ 38.3452, 38.562403 ], [ 38.336075, 38.598021 ], [ 38.359329, 38.63776 ], [ 38.37758, 38.668374 ], [ 38.397891, 38.68898 ], [ 38.447344, 38.706642 ], [ 38.467655, 38.727836 ], [ 38.471482, 38.740788 ], [ 38.488261, 38.714001 ], [ 38.478547, 38.694573 ], [ 38.431743, 38.673673 ], [ 38.400246, 38.652773 ], [ 38.386705, 38.628341 ], [ 38.369043, 38.601848 ], [ 38.369043, 38.581831 ], [ 38.376697, 38.554161 ], [ 38.402306, 38.539443 ], [ 38.429094, 38.536793 ], [ 38.445578, 38.526491 ], [ 38.471776, 38.509418 ], [ 38.535653, 38.486752 ], [ 38.580397, 38.47115 ], [ 38.621902, 38.461142 ], [ 38.670472, 38.446718 ], [ 38.698437, 38.442008 ], [ 38.724341, 38.44142 ], [ 38.760548, 38.441125 ], [ 38.80117, 38.452311 ], [ 38.841203, 38.465557 ], [ 38.847679, 38.437593 ], [ 38.865047, 38.424052 ], [ 38.879765, 38.38814 ], [ 38.903314, 38.382252 ], [ 38.939521, 38.363119 ], [ 38.965425, 38.344279 ], [ 38.996628, 38.33692 ], [ 39.013701, 38.34163 ], [ 39.050791, 38.348989 ], [ 39.073457, 38.348106 ], [ 39.026358, 38.320436 ], [ 38.939521, 38.310722 ], [ 38.916561, 38.293649 ], [ 38.901254, 38.288645 ], [ 38.921565, 38.320141 ], [ 38.92392, 38.343396 ], [ 38.910673, 38.349578 ], [ 38.889479, 38.353699 ], [ 38.870051, 38.368123 ], [ 38.851212, 38.388728 ], [ 38.832078, 38.400503 ], [ 38.822364, 38.410217 ], [ 38.805585, 38.425229 ], [ 38.782331, 38.419048 ], [ 38.754955, 38.409334 ], [ 38.731111, 38.404035 ], [ 38.701086, 38.402269 ], [ 38.681364, 38.412866 ], [ 38.634854, 38.430528 ], [ 38.57451, 38.447012 ], [ 38.535359, 38.4529 ], [ 38.50504, 38.458493 ], [ 38.47943, 38.467324 ], [ 38.445284, 38.476154 ], [ 38.418791, 38.492933 ], [ 38.399363, 38.498232 ], [ 38.380818, 38.510301 ] ] ] } },
{ "type": "Feature", "properties": { "name": null }, "geometry": { "type": "Polygon", "coordinates": [ [ [ 33.536467, 49.002321 ], [ 33.585626, 49.008209 ], [ 33.618595, 48.996728 ], [ 33.663338, 48.980833 ], [ 33.719562, 48.95905 ], [ 33.755474, 48.94963 ], [ 33.773725, 48.946098 ], [ 33.795214, 48.936972 ], [ 33.826122, 48.934912 ], [ 33.860268, 48.929319 ], [ 33.892942, 48.912835 ], [ 33.892942, 48.912835 ], [ 33.939746, 48.894584 ], [ 33.976542, 48.877805 ], [ 33.99597, 48.865442 ], [ 34.05396, 48.877217 ], [ 34.098703, 48.881632 ], [ 34.109006, 48.888697 ], [ 34.111361, 48.911952 ], [ 34.123724, 48.930496 ], [ 34.139914, 48.916367 ], [ 34.131966, 48.881632 ], [ 34.109889, 48.853373 ], [ 34.113716, 48.836889 ], [ 34.137853, 48.84307 ], [ 34.156987, 48.855139 ], [ 34.176121, 48.863381 ], [ 34.201142, 48.868386 ], [ 34.219098, 48.861321 ], [ 34.20173, 48.855434 ], [ 34.181419, 48.845425 ], [ 34.202025, 48.833356 ], [ 34.226457, 48.835122 ], [ 34.244119, 48.833062 ], [ 34.256188, 48.813045 ], [ 34.256776, 48.792145 ], [ 34.260309, 48.769774 ], [ 34.267668, 48.756527 ], [ 34.304169, 48.742103 ], [ 34.329484, 48.722381 ], [ 34.356566, 48.70678 ], [ 34.418088, 48.679698 ], [ 34.468719, 48.66027 ], [ 34.50993, 48.624946 ], [ 34.56056, 48.593744 ], [ 34.570274, 48.562247 ], [ 34.522587, 48.524863 ], [ 34.49109, 48.531927 ], [ 34.469013, 48.548412 ], [ 34.476961, 48.568429 ], [ 34.474017, 48.580792 ], [ 34.456355, 48.587562 ], [ 34.436633, 48.598454 ], [ 34.410435, 48.597865 ], [ 34.382764, 48.597276 ], [ 34.365102, 48.612583 ], [ 34.369812, 48.637015 ], [ 34.365102, 48.655855 ], [ 34.328307, 48.658798 ], [ 34.297104, 48.665863 ], [ 34.293572, 48.690001 ], [ 34.279443, 48.70207 ], [ 34.241764, 48.706191 ], [ 34.215271, 48.732389 ], [ 34.192016, 48.749168 ], [ 34.158753, 48.748579 ], [ 34.13491, 48.759765 ], [ 34.101058, 48.76683 ], [ 34.067795, 48.772717 ], [ 34.044834, 48.783903 ], [ 34.027761, 48.793028 ], [ 34.014809, 48.800388 ], [ 33.99597, 48.78979 ], [ 33.972126, 48.785964 ], [ 33.962118, 48.802742 ], [ 33.9474, 48.828058 ], [ 33.924734, 48.843953 ], [ 33.886761, 48.861321 ], [ 33.852909, 48.86397 ], [ 33.844667, 48.875156 ], [ 33.808754, 48.888697 ], [ 33.779318, 48.896645 ], [ 33.756946, 48.906947 ], [ 33.729276, 48.91519 ], [ 33.709259, 48.906653 ], [ 33.703961, 48.898411 ], [ 33.695424, 48.911363 ], [ 33.665693, 48.930791 ], [ 33.630958, 48.937561 ], [ 33.597695, 48.953162 ], [ 33.568259, 48.970824 ], [ 33.536467, 49.002321 ] ] ] } },
{ "type": "Feature", "properties": { "name": "Kiev Reservoir" }, "geometry": { "type": "Polygon", "coordinates": [ [ [ 30.430632, 50.863586 ], [ 30.436224, 50.876538 ], [ 30.437402, 50.890962 ], [ 30.432692, 50.905091 ], [ 30.446822, 50.91039 ], [ 30.446527, 50.926874 ], [ 30.442406, 50.947479 ], [ 30.446233, 50.966613 ], [ 30.429748, 50.973972 ], [ 30.412087, 51.01224 ], [ 30.388243, 51.02107 ], [ 30.270203, 51.029313 ], [ 30.254013, 51.034022 ], [ 30.256662, 51.039321 ], [ 30.285804, 51.041676 ], [ 30.295224, 51.043737 ], [ 30.307882, 51.053156 ], [ 30.319951, 51.055217 ], [ 30.333786, 51.053156 ], [ 30.346738, 51.049624 ], [ 30.359101, 51.049035 ], [ 30.37117, 51.055217 ], [ 30.366755, 51.057866 ], [ 30.364694, 51.060515 ], [ 30.362633, 51.064048 ], [ 30.358218, 51.069052 ], [ 30.37117, 51.076411 ], [ 30.376174, 51.071701 ], [ 30.384416, 51.068169 ], [ 30.394425, 51.066697 ], [ 30.404728, 51.069052 ], [ 30.410615, 51.073762 ], [ 30.410909, 51.079943 ], [ 30.410026, 51.087302 ], [ 30.412381, 51.097016 ], [ 30.427394, 51.11409 ], [ 30.444467, 51.114678 ], [ 30.4636, 51.112323 ], [ 30.484206, 51.120566 ], [ 30.489504, 51.129985 ], [ 30.487444, 51.139994 ], [ 30.480085, 51.148236 ], [ 30.470076, 51.151474 ], [ 30.456241, 51.154417 ], [ 30.454181, 51.161188 ], [ 30.460068, 51.175317 ], [ 30.463012, 51.178261 ], [ 30.470076, 51.180027 ], [ 30.477435, 51.184443 ], [ 30.480379, 51.195923 ], [ 30.4845, 51.204165 ], [ 30.49392, 51.210935 ], [ 30.514525, 51.220355 ], [ 30.528949, 51.219766 ], [ 30.536014, 51.212702 ], [ 30.540724, 51.204165 ], [ 30.54926, 51.199161 ], [ 30.559563, 51.201221 ], [ 30.590471, 51.220355 ], [ 30.588999, 51.200633 ], [ 30.581935, 51.185326 ], [ 30.573693, 51.172668 ], [ 30.569866, 51.161482 ], [ 30.566628, 51.110557 ], [ 30.562212, 51.097016 ], [ 30.571926, 51.102021 ], [ 30.582229, 51.101726 ], [ 30.59106, 51.09525 ], [ 30.597242, 51.082593 ], [ 30.596064, 51.072879 ], [ 30.590766, 51.061693 ], [ 30.564862, 51.022248 ], [ 30.55868, 51.000759 ], [ 30.559857, 50.977799 ], [ 30.569866, 50.953367 ], [ 30.560446, 50.938649 ], [ 30.557503, 50.913333 ], [ 30.560446, 50.885663 ], [ 30.569866, 50.863586 ], [ 30.559563, 50.842686 ], [ 30.545139, 50.762913 ], [ 30.53572, 50.733771 ], [ 30.523356, 50.713754 ], [ 30.509521, 50.684612 ], [ 30.505694, 50.653998 ], [ 30.522179, 50.630155 ], [ 30.522473, 50.622501 ], [ 30.526889, 50.612787 ], [ 30.527183, 50.603073 ], [ 30.514525, 50.596597 ], [ 30.509521, 50.601013 ], [ 30.470076, 50.623973 ], [ 30.452709, 50.630449 ], [ 30.430632, 50.645756 ], [ 30.41032, 50.663712 ], [ 30.398546, 50.678431 ], [ 30.397957, 50.685201 ], [ 30.39884, 50.702863 ], [ 30.378823, 50.727001 ], [ 30.378235, 50.740247 ], [ 30.383533, 50.780575 ], [ 30.388243, 50.791761 ], [ 30.397074, 50.804124 ], [ 30.412087, 50.839153 ], [ 30.430632, 50.863586 ] ] ] } },
{ "type": "Feature", "properties": { "name": "Lake Il'Men'" }, "geometry": { "type": "Polygon", "coordinates": [ [ [ 31.649299, 58.219745 ], [ 31.63723, 58.224455 ], [ 31.590721, 58.216802 ], [ 31.568055, 58.223278 ], [ 31.541562, 58.235347 ], [ 31.515069, 58.242411 ], [ 31.47062, 58.223572 ], [ 31.444716, 58.215918 ], [ 31.429409, 58.206204 ], [ 31.440595, 58.189426 ], [ 31.410275, 58.18972 ], [ 31.396735, 58.185893 ], [ 31.385549, 58.175885 ], [ 31.416751, 58.15057 ], [ 31.427054, 58.134674 ], [ 31.427054, 58.113185 ], [ 31.418223, 58.117306 ], [ 31.41057, 58.123194 ], [ 31.396146, 58.137912 ], [ 31.384666, 58.142622 ], [ 31.351697, 58.144094 ], [ 31.337567, 58.14792 ], [ 31.336684, 58.165877 ], [ 31.301949, 58.163816 ], [ 31.23454, 58.151747 ], [ 31.219822, 58.157634 ], [ 31.203926, 58.160872 ], [ 31.145936, 58.164405 ], [ 31.106197, 58.17353 ], [ 31.087064, 58.175885 ], [ 31.074406, 58.178829 ], [ 31.036433, 58.193547 ], [ 31.00994, 58.208854 ], [ 30.990512, 58.213858 ], [ 30.950479, 58.216802 ], [ 30.943414, 58.218862 ], [ 30.938704, 58.228282 ], [ 30.932817, 58.230342 ], [ 30.92222, 58.229754 ], [ 30.914861, 58.227399 ], [ 30.899259, 58.219745 ], [ 30.883658, 58.216507 ], [ 30.837737, 58.2221 ], [ 30.88719, 58.240645 ], [ 30.983742, 58.291276 ], [ 31.005819, 58.310115 ], [ 31.014944, 58.332781 ], [ 31.064103, 58.32189 ], [ 31.121799, 58.329249 ], [ 31.17655, 58.34956 ], [ 31.217173, 58.377524 ], [ 31.263093, 58.416969 ], [ 31.275457, 58.436397 ], [ 31.303421, 58.518525 ], [ 31.307542, 58.508516 ], [ 31.309308, 58.498508 ], [ 31.309603, 58.477608 ], [ 31.323144, 58.452587 ], [ 31.341394, 58.429921 ], [ 31.366415, 58.418441 ], [ 31.416751, 58.428449 ], [ 31.432353, 58.421973 ], [ 31.44766, 58.413142 ], [ 31.464144, 58.408433 ], [ 31.502411, 58.407255 ], [ 31.518896, 58.401368 ], [ 31.528904, 58.388121 ], [ 31.522134, 58.38871 ], [ 31.508004, 58.387533 ], [ 31.501528, 58.388121 ], [ 31.510359, 58.371931 ], [ 31.529198, 58.361334 ], [ 31.550393, 58.358096 ], [ 31.566583, 58.363984 ], [ 31.610149, 58.400779 ], [ 31.625161, 58.408433 ], [ 31.623101, 58.391948 ], [ 31.628694, 58.383706 ], [ 31.639879, 58.381351 ], [ 31.655775, 58.381351 ], [ 31.666372, 58.375758 ], [ 31.666372, 58.363101 ], [ 31.660191, 58.348971 ], [ 31.652243, 58.339551 ], [ 31.646061, 58.348088 ], [ 31.637819, 58.355447 ], [ 31.628105, 58.360157 ], [ 31.618096, 58.360157 ], [ 31.610737, 58.355741 ], [ 31.61162, 58.350737 ], [ 31.615742, 58.344261 ], [ 31.623395, 58.320418 ], [ 31.646944, 58.290393 ], [ 31.652243, 58.274791 ], [ 31.656364, 58.255069 ], [ 31.666667, 58.243 ], [ 31.680207, 58.232403 ], [ 31.693748, 58.216802 ], [ 31.69993, 58.200317 ], [ 31.704051, 58.181772 ], [ 31.711704, 58.165288 ], [ 31.728189, 58.155279 ], [ 31.708761, 58.146743 ], [ 31.695809, 58.159401 ], [ 31.680502, 58.196196 ], [ 31.673437, 58.203261 ], [ 31.649299, 58.219745 ] ] ] } },
{ "type": "Feature", "properties": { "name": "Cheboksary Reservoir" }, "geometry": { "type": "Polygon", "coordinates": [ [ [ 45.213009, 56.171854 ], [ 45.245095, 56.177153 ], [ 45.271293, 56.175386 ], [ 45.315448, 56.150954 ], [ 45.351949, 56.120635 ], [ 45.372555, 56.107683 ], [ 45.390217, 56.109743 ], [ 45.413471, 56.113864 ], [ 45.434077, 56.123578 ], [ 45.459981, 56.147127 ], [ 45.484119, 56.178919 ], [ 45.524741, 56.184217 ], [ 45.551822, 56.192165 ], [ 45.571839, 56.203351 ], [ 45.602747, 56.203645 ], [ 45.629535, 56.216892 ], [ 45.655733, 56.213948 ], [ 45.662503, 56.206 ], [ 45.68046, 56.204823 ], [ 45.707835, 56.198641 ], [ 45.717549, 56.204823 ], [ 45.72638, 56.212771 ], [ 45.744337, 56.210121 ], [ 45.757877, 56.205117 ], [ 45.757877, 56.205117 ], [ 45.790257, 56.223956 ], [ 45.824992, 56.245445 ], [ 45.880922, 56.243384 ], [ 45.931846, 56.222779 ], [ 45.941561, 56.206 ], [ 45.957751, 56.179802 ], [ 45.9813, 56.174209 ], [ 45.992191, 56.189221 ], [ 46.031342, 56.195403 ], [ 46.068726, 56.193343 ], [ 46.090803, 56.200113 ], [ 46.091981, 56.21542 ], [ 46.083738, 56.226606 ], [ 46.079029, 56.238969 ], [ 46.049592, 56.241324 ], [ 46.039878, 56.223073 ], [ 46.059306, 56.214242 ], [ 46.069609, 56.212476 ], [ 46.045471, 56.208944 ], [ 46.014268, 56.21071 ], [ 46.000728, 56.228078 ], [ 46.00426, 56.256336 ], [ 46.026632, 56.260163 ], [ 46.051947, 56.258986 ], [ 46.091097, 56.256631 ], [ 46.13849, 56.264579 ], [ 46.163217, 56.283418 ], [ 46.215319, 56.29166 ], [ 46.278019, 56.301963 ], [ 46.326589, 56.305495 ], [ 46.353965, 56.320508 ], [ 46.347783, 56.331105 ], [ 46.333948, 56.340819 ], [ 46.317169, 56.349944 ], [ 46.308633, 56.355537 ], [ 46.295386, 56.368784 ], [ 46.290676, 56.369961 ], [ 46.273309, 56.375848 ], [ 46.247699, 56.382619 ], [ 46.249171, 56.394099 ], [ 46.252703, 56.4097 ], [ 46.232981, 56.423535 ], [ 46.21738, 56.433249 ], [ 46.230332, 56.438254 ], [ 46.250937, 56.445024 ], [ 46.274781, 56.454149 ], [ 46.299213, 56.437959 ], [ 46.352787, 56.4097 ], [ 46.399591, 56.401752 ], [ 46.422846, 56.386151 ], [ 46.453754, 56.384974 ], [ 46.472888, 56.389683 ], [ 46.481719, 56.380853 ], [ 46.511744, 56.37526 ], [ 46.565318, 56.384091 ], [ 46.600347, 56.407051 ], [ 46.623897, 56.42383 ], [ 46.660398, 56.420886 ], [ 46.713383, 56.411761 ], [ 46.74959, 56.400281 ], [ 46.771373, 56.394099 ], [ 46.78874, 56.377614 ], [ 46.789329, 56.358481 ], [ 46.791684, 56.339642 ], [ 46.823475, 56.328456 ], [ 46.861743, 56.314621 ], [ 46.857622, 56.274293 ], [ 46.847319, 56.241913 ], [ 46.863509, 56.244268 ], [ 46.88382, 56.24103 ], [ 46.91414, 56.235437 ], [ 46.961238, 56.232493 ], [ 46.989497, 56.21542 ], [ 47.000977, 56.209238 ], [ 47.020111, 56.205706 ], [ 47.051313, 56.199524 ], [ 47.094879, 56.193343 ], [ 47.141977, 56.196286 ], [ 47.179067, 56.207472 ], [ 47.204677, 56.199524 ], [ 47.235585, 56.186278 ], [ 47.267671, 56.181274 ], [ 47.30741, 56.174798 ], [ 47.368343, 56.177741 ], [ 47.416325, 56.177741 ], [ 47.445467, 56.169499 ], [ 47.463129, 56.156841 ], [ 47.451943, 56.143301 ], [ 47.408671, 56.133292 ], [ 47.358041, 56.129466 ], [ 47.29122, 56.13918 ], [ 47.242944, 56.144184 ], [ 47.1826, 56.145067 ], [ 47.100472, 56.140651 ], [ 47.065148, 56.128582 ], [ 47.001566, 56.124461 ], [ 46.913845, 56.131526 ], [ 46.862037, 56.160079 ], [ 46.82848, 56.188044 ], [ 46.761953, 56.213065 ], [ 46.702786, 56.241913 ], [ 46.674822, 56.250744 ], [ 46.629489, 56.287245 ], [ 46.593283, 56.327278 ], [ 46.57621, 56.34288 ], [ 46.549422, 56.339936 ], [ 46.516454, 56.323451 ], [ 46.480836, 56.316975 ], [ 46.454932, 56.304318 ], [ 46.441096, 56.300491 ], [ 46.421668, 56.293721 ], [ 46.377808, 56.279886 ], [ 46.327766, 56.265462 ], [ 46.296269, 56.257514 ], [ 46.266833, 56.252215 ], [ 46.225622, 56.246917 ], [ 46.182645, 56.233376 ], [ 46.14997, 56.215126 ], [ 46.123772, 56.185395 ], [ 46.081089, 56.162729 ], [ 46.03458, 56.149777 ], [ 46.006909, 56.142123 ], [ 45.996312, 56.131232 ], [ 46.033991, 56.116514 ], [ 46.068431, 56.100323 ], [ 46.081972, 56.092376 ], [ 46.11288, 56.082367 ], [ 46.12701, 56.069121 ], [ 46.114058, 56.063234 ], [ 46.10405, 56.057346 ], [ 46.081972, 56.06029 ], [ 46.046649, 56.086194 ], [ 46.021628, 56.110332 ], [ 45.996018, 56.114159 ], [ 45.96511, 56.116808 ], [ 45.936262, 56.130643 ], [ 45.923899, 56.146539 ], [ 45.931552, 56.161257 ], [ 45.910358, 56.178624 ], [ 45.862377, 56.189516 ], [ 45.824109, 56.184512 ], [ 45.770241, 56.15537 ], [ 45.712545, 56.137708 ], [ 45.662209, 56.128877 ], [ 45.611284, 56.124756 ], [ 45.580376, 56.123873 ], [ 45.536221, 56.120046 ], [ 45.479703, 56.098852 ], [ 45.435843, 56.07177 ], [ 45.384624, 56.075008 ], [ 45.331932, 56.08796 ], [ 45.303085, 56.109743 ], [ 45.277181, 56.130349 ], [ 45.194464, 56.141829 ], [ 45.213009, 56.171854 ] ] ] } },
{ "type": "Feature", "properties": { "name": "M'Bakaou Reservoir" }, "geometry": { "type": "Polygon", "coordinates": [ [ [ 12.722274, 6.52234 ], [ 12.744057, 6.506444 ], [ 12.76113, 6.486133 ], [ 12.784385, 6.472298 ], [ 12.805579, 6.499968 ], [ 12.808229, 6.486133 ], [ 12.811172, 6.472298 ], [ 12.842669, 6.477302 ], [ 12.872106, 6.483189 ], [ 12.862097, 6.466999 ], [ 12.828245, 6.461112 ], [ 12.795571, 6.451104 ], [ 12.777615, 6.427849 ], [ 12.802047, 6.408421 ], [ 12.83325, 6.427849 ], [ 12.834427, 6.418429 ], [ 12.83325, 6.405477 ], [ 12.844141, 6.412542 ], [ 12.855327, 6.422256 ], [ 12.858271, 6.419312 ], [ 12.861214, 6.416663 ], [ 12.853561, 6.387521 ], [ 12.877699, 6.3834 ], [ 12.885352, 6.364855 ], [ 12.90007, 6.361028 ], [ 12.914494, 6.342778 ], [ 12.927741, 6.322172 ], [ 12.931862, 6.337479 ], [ 12.929212, 6.353963 ], [ 12.93245, 6.365738 ], [ 12.938926, 6.372214 ], [ 12.939809, 6.401945 ], [ 12.944519, 6.427849 ], [ 12.947169, 6.424905 ], [ 12.950112, 6.422256 ], [ 12.951584, 6.430792 ], [ 12.955705, 6.439035 ], [ 12.986613, 6.43197 ], [ 13.016639, 6.439035 ], [ 12.996622, 6.407832 ], [ 12.97219, 6.372214 ], [ 12.983081, 6.360145 ], [ 12.966597, 6.355435 ], [ 12.989851, 6.334241 ], [ 13.001332, 6.318051 ], [ 12.96277, 6.316874 ], [ 12.938926, 6.283316 ], [ 12.920676, 6.28832 ], [ 12.911256, 6.310986 ], [ 12.899776, 6.300095 ], [ 12.888885, 6.288909 ], [ 12.871811, 6.321289 ], [ 12.83325, 6.294502 ], [ 12.802341, 6.323055 ], [ 12.772316, 6.344544 ], [ 12.750828, 6.379279 ], [ 12.755538, 6.399884 ], [ 12.690189, 6.442861 ], [ 12.622191, 6.455519 ], [ 12.627784, 6.455519 ], [ 12.633376, 6.455519 ], [ 12.623662, 6.478479 ], [ 12.611005, 6.499968 ], [ 12.629255, 6.488488 ], [ 12.650155, 6.483189 ], [ 12.650155, 6.488782 ], [ 12.650155, 6.494375 ], [ 12.670172, 6.493786 ], [ 12.688717, 6.499968 ], [ 12.686656, 6.529404 ], [ 12.722274, 6.533231 ], [ 12.722274, 6.527933 ], [ 12.722274, 6.52234 ] ] ] } },
{ "type": "Feature", "properties": { "name": "Saratov Reservoir" }, "geometry": { "type": "Polygon", "coordinates": [ [ [ 48.437474, 53.109584 ], [ 48.458374, 53.122536 ], [ 48.468382, 53.136077 ], [ 48.478391, 53.14844 ], [ 48.492226, 53.161098 ], [ 48.51342, 53.176993 ], [ 48.576119, 53.170517 ], [ 48.661779, 53.138432 ], [ 48.615859, 53.126363 ], [ 48.603495, 53.119592 ], [ 48.591426, 53.111645 ], [ 48.564345, 53.099281 ], [ 48.543151, 53.081031 ], [ 48.545211, 53.055127 ], [ 48.539324, 53.021569 ], [ 48.567289, 52.995076 ], [ 48.565817, 52.985068 ], [ 48.55728, 52.973882 ], [ 48.570527, 52.95887 ], [ 48.602023, 52.93326 ], [ 48.621746, 52.903823 ], [ 48.615564, 52.88204 ], [ 48.591426, 52.859374 ], [ 48.564345, 52.831115 ], [ 48.536969, 52.806095 ], [ 48.486633, 52.78284 ], [ 48.448365, 52.767533 ], [ 48.439829, 52.760174 ], [ 48.423639, 52.737213 ], [ 48.410687, 52.714842 ], [ 48.409804, 52.693942 ], [ 48.394202, 52.658912 ], [ 48.417457, 52.643606 ], [ 48.444539, 52.658618 ], [ 48.461612, 52.675986 ], [ 48.498702, 52.688643 ], [ 48.526078, 52.68099 ], [ 48.514892, 52.673042 ], [ 48.491048, 52.674808 ], [ 48.479862, 52.660973 ], [ 48.46691, 52.647432 ], [ 48.443656, 52.62977 ], [ 48.418046, 52.609754 ], [ 48.397735, 52.609754 ], [ 48.37919, 52.607693 ], [ 48.345927, 52.602983 ], [ 48.318551, 52.599451 ], [ 48.277929, 52.590031 ], [ 48.264977, 52.569426 ], [ 48.262916, 52.538518 ], [ 48.247903, 52.521739 ], [ 48.226709, 52.50496 ], [ 48.218173, 52.482883 ], [ 48.213168, 52.468753 ], [ 48.209636, 52.453446 ], [ 48.212285, 52.420478 ], [ 48.186087, 52.381327 ], [ 48.182849, 52.364254 ], [ 48.173429, 52.331874 ], [ 48.140755, 52.292724 ], [ 48.122799, 52.273295 ], [ 48.13163, 52.261815 ], [ 48.141049, 52.24798 ], [ 48.15459, 52.240327 ], [ 48.179905, 52.243859 ], [ 48.188442, 52.234734 ], [ 48.197567, 52.221487 ], [ 48.229064, 52.217072 ], [ 48.252319, 52.223548 ], [ 48.269686, 52.223548 ], [ 48.310603, 52.219427 ], [ 48.347104, 52.215011 ], [ 48.384194, 52.213834 ], [ 48.430409, 52.216189 ], [ 48.451603, 52.217955 ], [ 48.46485, 52.215011 ], [ 48.460434, 52.203826 ], [ 48.435119, 52.201765 ], [ 48.409215, 52.194995 ], [ 48.385666, 52.192051 ], [ 48.350048, 52.1947 ], [ 48.313252, 52.1947 ], [ 48.292647, 52.192051 ], [ 48.273807, 52.185281 ], [ 48.249964, 52.192051 ], [ 48.206692, 52.198233 ], [ 48.16872, 52.200588 ], [ 48.158122, 52.2156 ], [ 48.140755, 52.228552 ], [ 48.104842, 52.227669 ], [ 48.06216, 52.230907 ], [ 48.038022, 52.220899 ], [ 48.027425, 52.195878 ], [ 47.988569, 52.172329 ], [ 47.975028, 52.145247 ], [ 47.966491, 52.116988 ], [ 47.9556, 52.106097 ], [ 47.938232, 52.094616 ], [ 47.919687, 52.077249 ], [ 47.877299, 52.072245 ], [ 47.843153, 52.064886 ], [ 47.834322, 52.054583 ], [ 47.818132, 52.054583 ], [ 47.789873, 52.056349 ], [ 47.768973, 52.074011 ], [ 47.75661, 52.089318 ], [ 47.781042, 52.120815 ], [ 47.825197, 52.163203 ], [ 47.87465, 52.207358 ], [ 47.921748, 52.225314 ], [ 47.959132, 52.249452 ], [ 48.001815, 52.290369 ], [ 48.032429, 52.317744 ], [ 48.042732, 52.335112 ], [ 48.067458, 52.356012 ], [ 48.084826, 52.386331 ], [ 48.108964, 52.417828 ], [ 48.119855, 52.454329 ], [ 48.112496, 52.491125 ], [ 48.107197, 52.514968 ], [ 48.105431, 52.54411 ], [ 48.119266, 52.567365 ], [ 48.165776, 52.598568 ], [ 48.211991, 52.637718 ], [ 48.233185, 52.671865 ], [ 48.259384, 52.698063 ], [ 48.302361, 52.710426 ], [ 48.33739, 52.718963 ], [ 48.337685, 52.743689 ], [ 48.336801, 52.779602 ], [ 48.353875, 52.814042 ], [ 48.369476, 52.841713 ], [ 48.396557, 52.869383 ], [ 48.431587, 52.904118 ], [ 48.465733, 52.932082 ], [ 48.498702, 52.953571 ], [ 48.494581, 52.976237 ], [ 48.463967, 53.021863 ], [ 48.43718, 53.061897 ], [ 48.427466, 53.083974 ], [ 48.437474, 53.109584 ] ] ] } },
{ "type": "Feature", "properties": { "name": "Nizhnekamsk Reservoir" }, "geometry": { "type": "Polygon", "coordinates": [ [ [ 53.333927, 55.876018 ], [ 53.408401, 55.886321 ], [ 53.470806, 55.90045 ], [ 53.501126, 55.913402 ], [ 53.53851, 55.939601 ], [ 53.56412, 55.927826 ], [ 53.597088, 55.918995 ], [ 53.630646, 55.915463 ], [ 53.667147, 55.915168 ], [ 53.685692, 55.913697 ], [ 53.695112, 55.88426 ], [ 53.681865, 55.875429 ], [ 53.667736, 55.871014 ], [ 53.645953, 55.874546 ], [ 53.632706, 55.876901 ], [ 53.619166, 55.878962 ], [ 53.586786, 55.876018 ], [ 53.561176, 55.859828 ], [ 53.544692, 55.841283 ], [ 53.518199, 55.848053 ], [ 53.497299, 55.868659 ], [ 53.47375, 55.878373 ], [ 53.457265, 55.871308 ], [ 53.427535, 55.867187 ], [ 53.373077, 55.853646 ], [ 53.341875, 55.845699 ], [ 53.314499, 55.839811 ], [ 53.25592, 55.841872 ], [ 53.199108, 55.841872 ], [ 53.144651, 55.841872 ], [ 53.095786, 55.84982 ], [ 53.025433, 55.873074 ], [ 52.960967, 55.90045 ], [ 52.886788, 55.912814 ], [ 52.853819, 55.915168 ], [ 52.839984, 55.916346 ], [ 52.844988, 55.9031 ], [ 52.860295, 55.896329 ], [ 52.878251, 55.895446 ], [ 52.890026, 55.885732 ], [ 52.908276, 55.882788 ], [ 52.933592, 55.886321 ], [ 52.954491, 55.881905 ], [ 52.972742, 55.878079 ], [ 52.984811, 55.874546 ], [ 53.001884, 55.857473 ], [ 53.019252, 55.833924 ], [ 53.058402, 55.815673 ], [ 53.101674, 55.817145 ], [ 53.127578, 55.813024 ], [ 53.166434, 55.803016 ], [ 53.209705, 55.801544 ], [ 53.220597, 55.80802 ], [ 53.223246, 55.797717 ], [ 53.225895, 55.784176 ], [ 53.239142, 55.785943 ], [ 53.269167, 55.788886 ], [ 53.291833, 55.778878 ], [ 53.305374, 55.772402 ], [ 53.323035, 55.763277 ], [ 53.337459, 55.754446 ], [ 53.351883, 55.739727 ], [ 53.372783, 55.723832 ], [ 53.391033, 55.714118 ], [ 53.400747, 55.711468 ], [ 53.420176, 55.714118 ], [ 53.42518, 55.704992 ], [ 53.421942, 55.695278 ], [ 53.411345, 55.687625 ], [ 53.416349, 55.678794 ], [ 53.398098, 55.675262 ], [ 53.374843, 55.690863 ], [ 53.353649, 55.693512 ], [ 53.320386, 55.707347 ], [ 53.290361, 55.716473 ], [ 53.273288, 55.739433 ], [ 53.247973, 55.752091 ], [ 53.209116, 55.755917 ], [ 53.186156, 55.753857 ], [ 53.15672, 55.729425 ], [ 53.115214, 55.712646 ], [ 53.098141, 55.715884 ], [ 53.105795, 55.721477 ], [ 53.13582, 55.732663 ], [ 53.143473, 55.762393 ], [ 53.111388, 55.773579 ], [ 53.086955, 55.770047 ], [ 53.041623, 55.761805 ], [ 52.980396, 55.761805 ], [ 52.956258, 55.7777 ], [ 52.937418, 55.802721 ], [ 52.931237, 55.820383 ], [ 52.908571, 55.835396 ], [ 52.885905, 55.842166 ], [ 52.824088, 55.843638 ], [ 52.756384, 55.845404 ], [ 52.722827, 55.848053 ], [ 52.699867, 55.838928 ], [ 52.673962, 55.827154 ], [ 52.641288, 55.831275 ], [ 52.611263, 55.835101 ], [ 52.58271, 55.847759 ], [ 52.547975, 55.830392 ], [ 52.508235, 55.837456 ], [ 52.474972, 55.833335 ], [ 52.440826, 55.829214 ], [ 52.40197, 55.832746 ], [ 52.362231, 55.829214 ], [ 52.345746, 55.808609 ], [ 52.34192, 55.790947 ], [ 52.351634, 55.771519 ], [ 52.370767, 55.751208 ], [ 52.394611, 55.74797 ], [ 52.384897, 55.740611 ], [ 52.367235, 55.720888 ], [ 52.349573, 55.701166 ], [ 52.312483, 55.684681 ], [ 52.29335, 55.675262 ], [ 52.275393, 55.684093 ], [ 52.276571, 55.695867 ], [ 52.30483, 55.715295 ], [ 52.322786, 55.749736 ], [ 52.307185, 55.78241 ], [ 52.29335, 55.813318 ], [ 52.290995, 55.851586 ], [ 52.314544, 55.884849 ], [ 52.362231, 55.888381 ], [ 52.384603, 55.903688 ], [ 52.432878, 55.898684 ], [ 52.50853, 55.889559 ], [ 52.564459, 55.913991 ], [ 52.593012, 55.947254 ], [ 52.640994, 55.974041 ], [ 52.684265, 56.002595 ], [ 52.726065, 56.00701 ], [ 52.779345, 56.020551 ], [ 52.827326, 56.038213 ], [ 52.849109, 56.0441 ], [ 52.8809, 56.052931 ], [ 52.902389, 56.054697 ], [ 52.898562, 56.031442 ], [ 52.877074, 56.023494 ], [ 52.849992, 56.019079 ], [ 52.839101, 56.013192 ], [ 52.822616, 56.008482 ], [ 52.797007, 55.999945 ], [ 52.789059, 55.988465 ], [ 52.814374, 55.982872 ], [ 52.869126, 55.972275 ], [ 52.899445, 55.945488 ], [ 52.951548, 55.925177 ], [ 53.029849, 55.910164 ], [ 53.107266, 55.888676 ], [ 53.158486, 55.878962 ], [ 53.1891, 55.874841 ], [ 53.246795, 55.873663 ], [ 53.28624, 55.885143 ], [ 53.306257, 55.893974 ], [ 53.312733, 55.882494 ], [ 53.333927, 55.876018 ] ] ] } },
{ "type": "Feature", "properties": { "name": "Ataturk Barajt" }, "geometry": { "type": "Polygon", "coordinates": [ [ [ 38.61366, 37.549202 ], [ 38.603357, 37.54096 ], [ 38.604535, 37.520354 ], [ 38.601297, 37.492095 ], [ 38.57657, 37.4762 ], [ 38.561557, 37.481792 ], [ 38.545073, 37.483264 ], [ 38.519758, 37.47355 ], [ 38.533004, 37.45265 ], [ 38.558025, 37.423803 ], [ 38.540069, 37.417621 ], [ 38.490027, 37.444703 ], [ 38.43086, 37.463542 ], [ 38.37287, 37.472962 ], [ 38.336075, 37.483264 ], [ 38.316941, 37.497688 ], [ 38.316058, 37.517705 ], [ 38.303695, 37.534189 ], [ 38.286033, 37.550968 ], [ 38.280734, 37.562154 ], [ 38.273669, 37.573634 ], [ 38.255124, 37.584231 ], [ 38.247765, 37.596006 ], [ 38.257479, 37.61249 ], [ 38.277496, 37.614845 ], [ 38.308699, 37.600421 ], [ 38.314586, 37.582171 ], [ 38.323123, 37.566864 ], [ 38.340784, 37.572162 ], [ 38.349027, 37.60572 ], [ 38.342256, 37.654584 ], [ 38.339901, 37.679605 ], [ 38.364922, 37.657528 ], [ 38.389943, 37.650757 ], [ 38.401423, 37.660177 ], [ 38.425856, 37.660177 ], [ 38.439396, 37.653995 ], [ 38.44911, 37.635745 ], [ 38.458824, 37.622204 ], [ 38.440574, 37.626325 ], [ 38.421146, 37.627208 ], [ 38.415847, 37.608663 ], [ 38.405544, 37.602187 ], [ 38.384645, 37.598361 ], [ 38.373459, 37.5754 ], [ 38.367572, 37.554795 ], [ 38.372576, 37.542137 ], [ 38.374931, 37.528596 ], [ 38.374636, 37.50858 ], [ 38.387294, 37.495333 ], [ 38.39583, 37.507991 ], [ 38.406428, 37.517411 ], [ 38.418497, 37.524181 ], [ 38.449993, 37.53154 ], [ 38.485906, 37.544786 ], [ 38.492676, 37.567747 ], [ 38.505628, 37.580404 ], [ 38.530355, 37.582759 ], [ 38.541835, 37.591002 ], [ 38.558025, 37.601599 ], [ 38.577453, 37.606308 ], [ 38.593643, 37.608958 ], [ 38.621019, 37.619849 ], [ 38.623668, 37.638689 ], [ 38.62985, 37.651935 ], [ 38.661053, 37.650757 ], [ 38.704618, 37.648108 ], [ 38.738176, 37.659294 ], [ 38.713744, 37.693735 ], [ 38.679892, 37.72847 ], [ 38.666645, 37.747603 ], [ 38.658109, 37.785871 ], [ 38.667234, 37.796762 ], [ 38.68519, 37.770564 ], [ 38.692255, 37.74672 ], [ 38.726401, 37.699033 ], [ 38.774383, 37.659 ], [ 38.808235, 37.659588 ], [ 38.813239, 37.670774 ], [ 38.789101, 37.697267 ], [ 38.814122, 37.715223 ], [ 38.848857, 37.712868 ], [ 38.876527, 37.723465 ], [ 38.878882, 37.748192 ], [ 38.872995, 37.757906 ], [ 38.892717, 37.76762 ], [ 38.902431, 37.769681 ], [ 38.918032, 37.76762 ], [ 38.932456, 37.779395 ], [ 38.929807, 37.794996 ], [ 38.884769, 37.773507 ], [ 38.882709, 37.810597 ], [ 38.899782, 37.824432 ], [ 38.926569, 37.843272 ], [ 38.951296, 37.840622 ], [ 38.96101, 37.859462 ], [ 38.973373, 37.866232 ], [ 38.982793, 37.899495 ], [ 39.00016, 37.88095 ], [ 38.994273, 37.852986 ], [ 38.992212, 37.826198 ], [ 38.970724, 37.808537 ], [ 38.97926, 37.795879 ], [ 38.979555, 37.777628 ], [ 38.972784, 37.749958 ], [ 38.947174, 37.747898 ], [ 38.928335, 37.727881 ], [ 38.935694, 37.710513 ], [ 38.912734, 37.697856 ], [ 38.927158, 37.695206 ], [ 38.945997, 37.699033 ], [ 38.951296, 37.688142 ], [ 38.931573, 37.682254 ], [ 38.912145, 37.691968 ], [ 38.88889, 37.685492 ], [ 38.847091, 37.68667 ], [ 38.841203, 37.676073 ], [ 38.882709, 37.654584 ], [ 38.880943, 37.638689 ], [ 38.835905, 37.641043 ], [ 38.802642, 37.632507 ], [ 38.778209, 37.626325 ], [ 38.749951, 37.620438 ], [ 38.711683, 37.615139 ], [ 38.677537, 37.613668 ], [ 38.657815, 37.610135 ], [ 38.648689, 37.598066 ], [ 38.62985, 37.57069 ], [ 38.61366, 37.549202 ] ] ] } },
{ "type": "Feature", "properties": { "name": "Rybinsk Reservoir" }, "geometry": { "type": "Polygon", "coordinates": [ [ [ 38.70403, 58.113185 ], [ 38.679597, 58.108181 ], [ 38.633382, 58.129964 ], [ 38.611599, 58.124077 ], [ 38.606006, 58.11554 ], [ 38.603652, 58.107592 ], [ 38.59953, 58.100233 ], [ 38.58805, 58.093169 ], [ 38.573038, 58.091108 ], [ 38.561557, 58.095524 ], [ 38.539775, 58.109947 ], [ 38.493265, 58.130553 ], [ 38.440574, 58.14586 ], [ 38.388177, 58.144977 ], [ 38.344022, 58.117012 ], [ 38.329893, 58.096407 ], [ 38.330776, 58.085515 ], [ 38.384645, 58.061083 ], [ 38.428211, 58.034001 ], [ 38.437041, 58.021344 ], [ 38.424678, 58.015751 ], [ 38.396714, 58.022227 ], [ 38.347555, 58.041949 ], [ 38.334603, 58.044893 ], [ 38.306049, 58.041655 ], [ 38.290742, 58.043715 ], [ 38.281028, 58.042538 ], [ 38.273669, 58.036356 ], [ 38.265133, 58.032235 ], [ 38.251592, 58.038711 ], [ 38.254536, 58.042538 ], [ 38.258362, 58.052252 ], [ 38.253064, 58.053429 ], [ 38.243055, 58.057256 ], [ 38.237757, 58.058434 ], [ 38.249826, 58.073741 ], [ 38.246882, 58.08787 ], [ 38.237463, 58.102883 ], [ 38.230987, 58.120544 ], [ 38.233047, 58.142327 ], [ 38.243055, 58.156457 ], [ 38.271903, 58.182067 ], [ 38.26425, 58.198551 ], [ 38.264544, 58.213564 ], [ 38.2616, 58.228282 ], [ 38.243939, 58.244766 ], [ 38.219506, 58.25448 ], [ 38.185654, 58.261251 ], [ 38.151803, 58.263311 ], [ 38.128548, 58.257718 ], [ 38.142383, 58.250948 ], [ 38.087631, 58.250948 ], [ 38.089986, 58.254775 ], [ 38.094402, 58.264489 ], [ 38.070264, 58.267727 ], [ 38.034057, 58.281856 ], [ 37.991374, 58.289215 ], [ 37.956345, 58.30776 ], [ 37.936328, 58.313059 ], [ 37.911307, 58.314236 ], [ 37.906892, 58.310704 ], [ 37.91219, 58.300695 ], [ 37.916311, 58.281562 ], [ 37.909835, 58.268021 ], [ 37.896, 58.277735 ], [ 37.850374, 58.331604 ], [ 37.765008, 58.381351 ], [ 37.760004, 58.386061 ], [ 37.747935, 58.4049 ], [ 37.736455, 58.411671 ], [ 37.717027, 58.407844 ], [ 37.70643, 58.411671 ], [ 37.702014, 58.418147 ], [ 37.700837, 58.424034 ], [ 37.698187, 58.430216 ], [ 37.689651, 58.436397 ], [ 37.678171, 58.439046 ], [ 37.635194, 58.436397 ], [ 37.644024, 58.446111 ], [ 37.648146, 58.449644 ], [ 37.623419, 58.470838 ], [ 37.608995, 58.479963 ], [ 37.594277, 58.483495 ], [ 37.586329, 58.488205 ], [ 37.556304, 58.521468 ], [ 37.537465, 58.530888 ], [ 37.51892, 58.528239 ], [ 37.503024, 58.52294 ], [ 37.49125, 58.524706 ], [ 37.485657, 58.536775 ], [ 37.487128, 58.552377 ], [ 37.492427, 58.567978 ], [ 37.498609, 58.579753 ], [ 37.445623, 58.594765 ], [ 37.424429, 58.605068 ], [ 37.401763, 58.620964 ], [ 37.376448, 58.634799 ], [ 37.324051, 58.649222 ], [ 37.299324, 58.66188 ], [ 37.266944, 58.687784 ], [ 37.247222, 58.695143 ], [ 37.216902, 58.696615 ], [ 37.198946, 58.69426 ], [ 37.15538, 58.68278 ], [ 37.137424, 58.683369 ], [ 37.104161, 58.689845 ], [ 37.086499, 58.689845 ], [ 37.086499, 58.696615 ], [ 37.178046, 58.711039 ], [ 37.209837, 58.710156 ], [ 37.198357, 58.728995 ], [ 37.164211, 58.756077 ], [ 37.14861, 58.771678 ], [ 37.136541, 58.794638 ], [ 37.139779, 58.808473 ], [ 37.154203, 58.817304 ], [ 37.175102, 58.82643 ], [ 37.158324, 58.83997 ], [ 37.137424, 58.852628 ], [ 37.122117, 58.866169 ], [ 37.120645, 58.881476 ], [ 37.198063, 58.842325 ], [ 37.209837, 58.829668 ], [ 37.216019, 58.810828 ], [ 37.230737, 58.78934 ], [ 37.248693, 58.771972 ], [ 37.264884, 58.764908 ], [ 37.312276, 58.771089 ], [ 37.326406, 58.768146 ], [ 37.336414, 58.759903 ], [ 37.339063, 58.750189 ], [ 37.340535, 58.740475 ], [ 37.347011, 58.730761 ], [ 37.374976, 58.721342 ], [ 37.411771, 58.723697 ], [ 37.448861, 58.733116 ], [ 37.477414, 58.744302 ], [ 37.453571, 58.722225 ], [ 37.424134, 58.703974 ], [ 37.392049, 58.690728 ], [ 37.360846, 58.68278 ], [ 37.376448, 58.665118 ], [ 37.438853, 58.624202 ], [ 37.463874, 58.613899 ], [ 37.48654, 58.613016 ], [ 37.498903, 58.619197 ], [ 37.507145, 58.628911 ], [ 37.518331, 58.637742 ], [ 37.528339, 58.635682 ], [ 37.540114, 58.625673 ], [ 37.554832, 58.615665 ], [ 37.573671, 58.613899 ], [ 37.561603, 58.603007 ], [ 37.549534, 58.587406 ], [ 37.544529, 58.569744 ], [ 37.55336, 58.552082 ], [ 37.565429, 58.545901 ], [ 37.578087, 58.546489 ], [ 37.60458, 58.552082 ], [ 37.617237, 58.548256 ], [ 37.638432, 58.535009 ], [ 37.64844, 58.535598 ], [ 37.679937, 58.558264 ], [ 37.694361, 58.575337 ], [ 37.693183, 58.589761 ], [ 37.673461, 58.59712 ], [ 37.654327, 58.592705 ], [ 37.636665, 58.593293 ], [ 37.621358, 58.613899 ], [ 37.636371, 58.62008 ], [ 37.641964, 58.620964 ], [ 37.628129, 58.626851 ], [ 37.614882, 58.627734 ], [ 37.604874, 58.631266 ], [ 37.601047, 58.644807 ], [ 37.608112, 58.651577 ], [ 37.624302, 58.652755 ], [ 37.654916, 58.648045 ], [ 37.677288, 58.63627 ], [ 37.695833, 58.620964 ], [ 37.716438, 58.609189 ], [ 37.744403, 58.607128 ], [ 37.735572, 58.623024 ], [ 37.730862, 58.628323 ], [ 37.754117, 58.633621 ], [ 37.777077, 58.625379 ], [ 37.820054, 58.600358 ], [ 37.897178, 58.577986 ], [ 37.93103, 58.555026 ], [ 37.940449, 58.55532 ], [ 37.948691, 58.558558 ], [ 37.956639, 58.559441 ], [ 37.966942, 58.554732 ], [ 37.988725, 58.541485 ], [ 37.998145, 58.538836 ], [ 38.059078, 58.529122 ], [ 38.084393, 58.529711 ], [ 38.094402, 58.546489 ], [ 38.086748, 58.561502 ], [ 38.046126, 58.600358 ], [ 38.058784, 58.615665 ], [ 38.115596, 58.606834 ], [ 38.128548, 58.617431 ], [ 38.120011, 58.628911 ], [ 38.100583, 58.64363 ], [ 38.078506, 58.656582 ], [ 38.063493, 58.66188 ], [ 38.05113, 58.663941 ], [ 38.025815, 58.673066 ], [ 38.01198, 58.675421 ], [ 37.96076, 58.668945 ], [ 37.943687, 58.669239 ], [ 37.959877, 58.681308 ], [ 37.981955, 58.686018 ], [ 38.026109, 58.689845 ], [ 37.998439, 58.700147 ], [ 37.942215, 58.707212 ], [ 37.916311, 58.716337 ], [ 37.923965, 58.720753 ], [ 37.931618, 58.723697 ], [ 37.940155, 58.724874 ], [ 37.950458, 58.723697 ], [ 37.941332, 58.735471 ], [ 37.929852, 58.743125 ], [ 37.923376, 58.751072 ], [ 37.930146, 58.764908 ], [ 37.943687, 58.752544 ], [ 37.97489, 58.742242 ], [ 37.988136, 58.733999 ], [ 37.999028, 58.723991 ], [ 38.014335, 58.713394 ], [ 38.031113, 58.707212 ], [ 38.046126, 58.710156 ], [ 38.052896, 58.729584 ], [ 38.04171, 58.754605 ], [ 38.01198, 58.792283 ], [ 38.006092, 58.797876 ], [ 37.999616, 58.801703 ], [ 37.994023, 58.806119 ], [ 37.991374, 58.812595 ], [ 37.994907, 58.819071 ], [ 38.003149, 58.824369 ], [ 38.009919, 58.829962 ], [ 38.006387, 58.847035 ], [ 38.009625, 58.859987 ], [ 38.009919, 58.872645 ], [ 37.998145, 58.881476 ], [ 37.973712, 58.871762 ], [ 37.943982, 58.848213 ], [ 37.916017, 58.837616 ], [ 37.895706, 58.867346 ], [ 37.901299, 58.868229 ], [ 37.911013, 58.872645 ], [ 37.916311, 58.874117 ], [ 37.896883, 58.885597 ], [ 37.869507, 58.891484 ], [ 37.850374, 58.899138 ], [ 37.8542, 58.915622 ], [ 37.837716, 58.922392 ], [ 37.778549, 58.928574 ], [ 37.745286, 58.941232 ], [ 37.728507, 58.944175 ], [ 37.709962, 58.939465 ], [ 37.675227, 58.925336 ], [ 37.65521, 58.923864 ], [ 37.638432, 58.932401 ], [ 37.621947, 58.938877 ], [ 37.60193, 58.933873 ], [ 37.566607, 58.915622 ], [ 37.551005, 58.911795 ], [ 37.538937, 58.910323 ], [ 37.5304, 58.904731 ], [ 37.525101, 58.888246 ], [ 37.527751, 58.876766 ], [ 37.542763, 58.8541 ], [ 37.546296, 58.840265 ], [ 37.531872, 58.824663 ], [ 37.497726, 58.836144 ], [ 37.436498, 58.867346 ], [ 37.477414, 58.897077 ], [ 37.490955, 58.915916 ], [ 37.476237, 58.951534 ], [ 37.487717, 58.956244 ], [ 37.53511, 58.958599 ], [ 37.547767, 58.963309 ], [ 37.573671, 58.977144 ], [ 37.579264, 58.981265 ], [ 37.583091, 58.985975 ], [ 37.587212, 58.989802 ], [ 37.594277, 58.991274 ], [ 37.600459, 58.989213 ], [ 37.60458, 58.984209 ], [ 37.607818, 58.977144 ], [ 37.62548, 58.976261 ], [ 37.642847, 58.977438 ], [ 37.659626, 58.980971 ], [ 37.717616, 59.003931 ], [ 37.723797, 59.008052 ], [ 37.71997, 59.022476 ], [ 37.709668, 59.030424 ], [ 37.682292, 59.038666 ], [ 37.696716, 59.044553 ], [ 37.702897, 59.046025 ], [ 37.679054, 59.082526 ], [ 37.67611, 59.093712 ], [ 37.681114, 59.100777 ], [ 37.699071, 59.101071 ], [ 37.702897, 59.107842 ], [ 37.700248, 59.115201 ], [ 37.693478, 59.118733 ], [ 37.684941, 59.120794 ], [ 37.538937, 59.189381 ], [ 37.662275, 59.153763 ], [ 37.703486, 59.148464 ], [ 37.71791, 59.144637 ], [ 37.728507, 59.138456 ], [ 37.739398, 59.136395 ], [ 37.754705, 59.145226 ], [ 37.769129, 59.156706 ], [ 37.776488, 59.156706 ], [ 37.783847, 59.15023 ], [ 37.799154, 59.142282 ], [ 37.835067, 59.13404 ], [ 37.855084, 59.132863 ], [ 37.874806, 59.134629 ], [ 37.890407, 59.140516 ], [ 37.924554, 59.157884 ], [ 37.93986, 59.161416 ], [ 37.951341, 59.167009 ], [ 37.974007, 59.193796 ], [ 37.984604, 59.203804 ], [ 38.002266, 59.21028 ], [ 38.019927, 59.211752 ], [ 38.060255, 59.209986 ], [ 38.042299, 59.204688 ], [ 38.026109, 59.19674 ], [ 38.017867, 59.190852 ], [ 38.001677, 59.172308 ], [ 37.950458, 59.142282 ], [ 37.969591, 59.123737 ], [ 38.108237, 59.101366 ], [ 38.144738, 59.086353 ], [ 38.163283, 59.083115 ], [ 38.180062, 59.090474 ], [ 38.187715, 59.101954 ], [ 38.186243, 59.112257 ], [ 38.180945, 59.122854 ], [ 38.176529, 59.134629 ], [ 38.176824, 59.14552 ], [ 38.179767, 59.155529 ], [ 38.180062, 59.16642 ], [ 38.173291, 59.179372 ], [ 38.15769, 59.189381 ], [ 38.114418, 59.197623 ], [ 38.094402, 59.203804 ], [ 38.110003, 59.216168 ], [ 38.129725, 59.219406 ], [ 38.187421, 59.215873 ], [ 38.199784, 59.212635 ], [ 38.200667, 59.204393 ], [ 38.183888, 59.189381 ], [ 38.202139, 59.186437 ], [ 38.22245, 59.178489 ], [ 38.240995, 59.168481 ], [ 38.25483, 59.158178 ], [ 38.276613, 59.146109 ], [ 38.3034, 59.140222 ], [ 38.330776, 59.139633 ], [ 38.353736, 59.142282 ], [ 38.374636, 59.148464 ], [ 38.382878, 59.156412 ], [ 38.38906, 59.167303 ], [ 38.402895, 59.183199 ], [ 38.419674, 59.194385 ], [ 38.477958, 59.216757 ], [ 38.471482, 59.206748 ], [ 38.437041, 59.183199 ], [ 38.427622, 59.172896 ], [ 38.409077, 59.142282 ], [ 38.389354, 59.120499 ], [ 38.387, 59.119028 ], [ 38.369043, 59.103132 ], [ 38.36816, 59.101366 ], [ 38.355208, 59.092829 ], [ 38.349321, 59.089886 ], [ 38.340784, 59.086942 ], [ 38.329893, 59.087236 ], [ 38.320179, 59.090769 ], [ 38.310759, 59.092829 ], [ 38.299279, 59.086942 ], [ 38.316647, 59.076639 ], [ 38.317235, 59.067808 ], [ 38.305755, 59.06457 ], [ 38.262778, 59.076639 ], [ 38.220095, 59.072812 ], [ 38.19684, 59.073401 ], [ 38.202433, 59.070163 ], [ 38.217151, 59.059566 ], [ 38.174174, 59.05309 ], [ 38.162694, 59.052796 ], [ 38.149742, 59.057211 ], [ 38.129431, 59.070458 ], [ 38.107354, 59.07605 ], [ 38.066437, 59.093712 ], [ 38.019927, 59.0996 ], [ 37.953401, 59.117261 ], [ 37.885109, 59.11785 ], [ 37.818582, 59.107842 ], [ 37.772367, 59.086942 ], [ 37.779726, 59.083115 ], [ 37.786202, 59.081349 ], [ 37.802392, 59.08076 ], [ 37.811518, 59.078994 ], [ 37.816228, 59.074873 ], [ 37.81976, 59.070163 ], [ 37.826236, 59.066631 ], [ 37.87304, 59.055445 ], [ 37.888641, 59.049558 ], [ 37.904242, 59.045142 ], [ 37.930735, 59.047791 ], [ 37.943687, 59.046025 ], [ 37.953696, 59.040138 ], [ 37.974301, 59.014823 ], [ 37.984604, 59.005697 ], [ 38.019044, 58.987741 ], [ 38.033763, 58.986269 ], [ 38.059372, 59.003048 ], [ 38.07409, 59.005109 ], [ 38.093224, 58.993628 ], [ 38.121777, 58.956539 ], [ 38.155629, 58.917094 ], [ 38.423354, 58.741358 ], [ 38.691078, 58.565623 ], [ 38.725224, 58.55061 ], [ 38.803525, 58.528239 ], [ 38.840909, 58.524706 ], [ 38.85651, 58.520585 ], [ 38.886535, 58.50204 ], [ 38.902726, 58.497919 ], [ 39.074634, 58.50469 ], [ 38.991623, 58.480257 ], [ 38.955417, 58.45612 ], [ 38.96101, 58.425506 ], [ 38.965719, 58.418735 ], [ 38.969546, 58.4049 ], [ 38.97455, 58.39813 ], [ 38.983676, 58.392243 ], [ 39.000454, 58.384 ], [ 39.026064, 58.365455 ], [ 39.064331, 58.348088 ], [ 39.080816, 58.332781 ], [ 38.953062, 58.360157 ], [ 38.879765, 58.361334 ], [ 38.847385, 58.329837 ], [ 38.840026, 58.30776 ], [ 38.807057, 58.274203 ], [ 38.799698, 58.25448 ], [ 38.799698, 58.217096 ], [ 38.806468, 58.182067 ], [ 38.833844, 58.142033 ], [ 38.845325, 58.119956 ], [ 38.844147, 58.103471 ], [ 38.830901, 58.09729 ], [ 38.814711, 58.099056 ], [ 38.798815, 58.105532 ], [ 38.777915, 58.11819 ], [ 38.775266, 58.121133 ], [ 38.772322, 58.127315 ], [ 38.771439, 58.134968 ], [ 38.774677, 58.139973 ], [ 38.778209, 58.143799 ], [ 38.779093, 58.14792 ], [ 38.762903, 58.172647 ], [ 38.736115, 58.192075 ], [ 38.705207, 58.205321 ], [ 38.676654, 58.210031 ], [ 38.652222, 58.221511 ], [ 38.62043, 58.243 ], [ 38.589522, 58.254775 ], [ 38.568033, 58.237113 ], [ 38.587462, 58.224749 ], [ 38.617781, 58.191781 ], [ 38.654577, 58.166465 ], [ 38.70403, 58.113185 ] ] ] } },
{ "type": "Feature", "properties": { "name": "Kainji Reservoir" }, "geometry": { "type": "Polygon", "coordinates": [ [ [ 4.670532, 10.397349 ], [ 4.678186, 10.374683 ], [ 4.69467, 10.364086 ], [ 4.680835, 10.336121 ], [ 4.663762, 10.350545 ], [ 4.657286, 10.340831 ], [ 4.652871, 10.295793 ], [ 4.62314, 10.232505 ], [ 4.619019, 10.213372 ], [ 4.622845, 10.214843 ], [ 4.632559, 10.220142 ], [ 4.633737, 10.206601 ], [ 4.622845, 10.193355 ], [ 4.608422, 10.188645 ], [ 4.598413, 10.199831 ], [ 4.582518, 10.182169 ], [ 4.573392, 10.162741 ], [ 4.56309, 10.148023 ], [ 4.543073, 10.14449 ], [ 4.543073, 10.138309 ], [ 4.549254, 10.133893 ], [ 4.554847, 10.129183 ], [ 4.559557, 10.12359 ], [ 4.563678, 10.117703 ], [ 4.558674, 10.109167 ], [ 4.556319, 10.099747 ], [ 4.558968, 10.092682 ], [ 4.567505, 10.089739 ], [ 4.577808, 10.093271 ], [ 4.583106, 10.101219 ], [ 4.586344, 10.110638 ], [ 4.591643, 10.117703 ], [ 4.614015, 10.125357 ], [ 4.622257, 10.117409 ], [ 4.620196, 10.107695 ], [ 4.611365, 10.110344 ], [ 4.605184, 10.110344 ], [ 4.608127, 10.084734 ], [ 4.605772, 10.078847 ], [ 4.598413, 10.083557 ], [ 4.596353, 10.070311 ], [ 4.605772, 10.06354 ], [ 4.61843, 10.056475 ], [ 4.625789, 10.042052 ], [ 4.623729, 10.034987 ], [ 4.619019, 10.026156 ], [ 4.608127, 10.011732 ], [ 4.606067, 10.005845 ], [ 4.607539, 9.999663 ], [ 4.610188, 9.992598 ], [ 4.611365, 9.984062 ], [ 4.61372, 9.975231 ], [ 4.623729, 9.965811 ], [ 4.625789, 9.960218 ], [ 4.621668, 9.953448 ], [ 4.608127, 9.951093 ], [ 4.605184, 9.942557 ], [ 4.606361, 9.922834 ], [ 4.611071, 9.911648 ], [ 4.621668, 9.910176 ], [ 4.63933, 9.919007 ], [ 4.643451, 9.900757 ], [ 4.638152, 9.89016 ], [ 4.62991, 9.881329 ], [ 4.625789, 9.867494 ], [ 4.619019, 9.861606 ], [ 4.603123, 9.852775 ], [ 4.584872, 9.845122 ], [ 4.571037, 9.842767 ], [ 4.573098, 9.849243 ], [ 4.575453, 9.854542 ], [ 4.57928, 9.859251 ], [ 4.584872, 9.86455 ], [ 4.584872, 9.857191 ], [ 4.591054, 9.86926 ], [ 4.590171, 9.88074 ], [ 4.584872, 9.890748 ], [ 4.577219, 9.898108 ], [ 4.57192, 9.894575 ], [ 4.567505, 9.893398 ], [ 4.56309, 9.892809 ], [ 4.557497, 9.891043 ], [ 4.562795, 9.910471 ], [ 4.562501, 9.933431 ], [ 4.556025, 9.946972 ], [ 4.543073, 9.939024 ], [ 4.539246, 9.955803 ], [ 4.549843, 9.966694 ], [ 4.564267, 9.977292 ], [ 4.571037, 9.993482 ], [ 4.568682, 10.003784 ], [ 4.56309, 10.011438 ], [ 4.556614, 10.017325 ], [ 4.550432, 10.021446 ], [ 4.540718, 10.034398 ], [ 4.534536, 10.034104 ], [ 4.522762, 10.021446 ], [ 4.515991, 10.0291 ], [ 4.527766, 10.039108 ], [ 4.536597, 10.054121 ], [ 4.536597, 10.070016 ], [ 4.522762, 10.083557 ], [ 4.512459, 10.080025 ], [ 4.502745, 10.083557 ], [ 4.494503, 10.071782 ], [ 4.467421, 10.042052 ], [ 4.470365, 10.049411 ], [ 4.47478, 10.069427 ], [ 4.454175, 10.060597 ], [ 4.447404, 10.055592 ], [ 4.45859, 10.075315 ], [ 4.493914, 10.095332 ], [ 4.495386, 10.110344 ], [ 4.490382, 10.110638 ], [ 4.465949, 10.121824 ], [ 4.464478, 10.124474 ], [ 4.450348, 10.127712 ], [ 4.442989, 10.125945 ], [ 4.433275, 10.117703 ], [ 4.439751, 10.138603 ], [ 4.462417, 10.143902 ], [ 4.488027, 10.138014 ], [ 4.502745, 10.124474 ], [ 4.508927, 10.124474 ], [ 4.513931, 10.136248 ], [ 4.516874, 10.139486 ], [ 4.522762, 10.14449 ], [ 4.517757, 10.154499 ], [ 4.515697, 10.165096 ], [ 4.516874, 10.175693 ], [ 4.522762, 10.185407 ], [ 4.477135, 10.176282 ], [ 4.455352, 10.17952 ], [ 4.447404, 10.199831 ], [ 4.483317, 10.190705 ], [ 4.5051, 10.204835 ], [ 4.510104, 10.228384 ], [ 4.495386, 10.248107 ], [ 4.499801, 10.26047 ], [ 4.48626, 10.286963 ], [ 4.481845, 10.306096 ], [ 4.475369, 10.313455 ], [ 4.448288, 10.354372 ], [ 4.444166, 10.364086 ], [ 4.429743, 10.370268 ], [ 4.40531, 10.397938 ], [ 4.392947, 10.405297 ], [ 4.37764, 10.400587 ], [ 4.363511, 10.389401 ], [ 4.348792, 10.380865 ], [ 4.330836, 10.384691 ], [ 4.342316, 10.389696 ], [ 4.354385, 10.397349 ], [ 4.375285, 10.4156 ], [ 4.388532, 10.422076 ], [ 4.400601, 10.41766 ], [ 4.416202, 10.405297 ], [ 4.429448, 10.402059 ], [ 4.4424, 10.396466 ], [ 4.453586, 10.393228 ], [ 4.46124, 10.398232 ], [ 4.46124, 10.410595 ], [ 4.440634, 10.453573 ], [ 4.44505, 10.451218 ], [ 4.46124, 10.446214 ], [ 4.460356, 10.459754 ], [ 4.463006, 10.472412 ], [ 4.46801, 10.484187 ], [ 4.47478, 10.494489 ], [ 4.46124, 10.499199 ], [ 4.451231, 10.507736 ], [ 4.433275, 10.529224 ], [ 4.447993, 10.532757 ], [ 4.455647, 10.541293 ], [ 4.461534, 10.553068 ], [ 4.471248, 10.566608 ], [ 4.491559, 10.585742 ], [ 4.497741, 10.598105 ], [ 4.485083, 10.603698 ], [ 4.474192, 10.606348 ], [ 4.465066, 10.612824 ], [ 4.458296, 10.62136 ], [ 4.454469, 10.631074 ], [ 4.45388, 10.6402 ], [ 4.45653, 10.645204 ], [ 4.461828, 10.65168 ], [ 4.467421, 10.665809 ], [ 4.482728, 10.635784 ], [ 4.488615, 10.631074 ], [ 4.495975, 10.63549 ], [ 4.501862, 10.646087 ], [ 4.508927, 10.665809 ], [ 4.515991, 10.665809 ], [ 4.519229, 10.652563 ], [ 4.520995, 10.636373 ], [ 4.524822, 10.623126 ], [ 4.533064, 10.617533 ], [ 4.543073, 10.615179 ], [ 4.552787, 10.608703 ], [ 4.560146, 10.600166 ], [ 4.563678, 10.590158 ], [ 4.575453, 10.597222 ], [ 4.581929, 10.595456 ], [ 4.584284, 10.586625 ], [ 4.584872, 10.573379 ], [ 4.587522, 10.568375 ], [ 4.593998, 10.57073 ], [ 4.600768, 10.576323 ], [ 4.626378, 10.603698 ], [ 4.63933, 10.612529 ], [ 4.644628, 10.614884 ], [ 4.649633, 10.615473 ], [ 4.654637, 10.613412 ], [ 4.656697, 10.608997 ], [ 4.65552, 10.603698 ], [ 4.651987, 10.598694 ], [ 4.647866, 10.595456 ], [ 4.645806, 10.589863 ], [ 4.624317, 10.554245 ], [ 4.621374, 10.543648 ], [ 4.623729, 10.531579 ], [ 4.625789, 10.527458 ], [ 4.628144, 10.52422 ], [ 4.631676, 10.521865 ], [ 4.635797, 10.520688 ], [ 4.641096, 10.521571 ], [ 4.656697, 10.526575 ], [ 4.659935, 10.529224 ], [ 4.656992, 10.5148 ], [ 4.647866, 10.506264 ], [ 4.638152, 10.500671 ], [ 4.632559, 10.494489 ], [ 4.633148, 10.481243 ], [ 4.639035, 10.466819 ], [ 4.647866, 10.452984 ], [ 4.656403, 10.442681 ], [ 4.665528, 10.423253 ], [ 4.670532, 10.397349 ] ] ] } },
{ "type": "Feature", "properties": { "name": "Kakhovka Reservoir" }, "geometry": { "type": "Polygon", "coordinates": [ [ [ 35.322375, 47.551106 ], [ 35.321197, 47.534033 ], [ 35.326201, 47.526674 ], [ 35.319431, 47.519904 ], [ 35.324435, 47.506068 ], [ 35.308834, 47.496943 ], [ 35.288228, 47.488112 ], [ 35.277926, 47.474866 ], [ 35.282047, 47.451317 ], [ 35.287051, 47.437776 ], [ 35.282341, 47.435127 ], [ 35.25732, 47.444841 ], [ 35.243779, 47.453377 ], [ 35.235243, 47.45691 ], [ 35.222585, 47.457793 ], [ 35.212282, 47.455438 ], [ 35.1905, 47.446607 ], [ 35.178136, 47.444841 ], [ 35.099541, 47.451022 ], [ 35.077464, 47.444546 ], [ 35.058624, 47.42188 ], [ 35.040963, 47.416876 ], [ 35.02124, 47.414227 ], [ 34.968549, 47.396271 ], [ 34.925277, 47.395682 ], [ 34.892603, 47.408634 ], [ 34.832847, 47.451022 ], [ 34.792225, 47.467212 ], [ 34.781039, 47.474866 ], [ 34.760728, 47.502242 ], [ 34.753663, 47.506068 ], [ 34.727465, 47.509012 ], [ 34.647103, 47.533444 ], [ 34.615901, 47.541392 ], [ 34.576456, 47.534327 ], [ 34.510518, 47.506068 ], [ 34.468424, 47.495766 ], [ 34.383942, 47.49135 ], [ 34.35215, 47.478104 ], [ 34.339493, 47.462797 ], [ 34.327424, 47.444841 ], [ 34.313294, 47.429828 ], [ 34.293866, 47.423646 ], [ 34.22263, 47.416876 ], [ 34.090461, 47.422763 ], [ 34.05131, 47.416876 ], [ 34.035709, 47.407162 ], [ 34.029822, 47.39215 ], [ 34.030116, 47.347995 ], [ 34.065145, 47.35712 ], [ 34.137853, 47.356237 ], [ 34.183185, 47.379786 ], [ 34.189661, 47.37802 ], [ 34.191722, 47.372133 ], [ 34.191428, 47.368895 ], [ 34.187307, 47.366245 ], [ 34.170822, 47.353293 ], [ 34.16729, 47.347995 ], [ 34.174355, 47.337692 ], [ 34.204968, 47.319736 ], [ 34.21586, 47.307078 ], [ 34.174943, 47.312377 ], [ 34.092227, 47.336515 ], [ 34.05131, 47.327978 ], [ 34.036003, 47.31797 ], [ 34.022757, 47.304723 ], [ 34.013043, 47.288533 ], [ 34.006567, 47.250855 ], [ 33.998619, 47.237903 ], [ 33.921201, 47.175792 ], [ 33.913548, 47.166667 ], [ 33.905306, 47.148416 ], [ 33.886466, 47.13723 ], [ 33.8638, 47.127811 ], [ 33.845255, 47.115153 ], [ 33.838191, 47.10014 ], [ 33.832303, 47.079535 ], [ 33.823472, 47.061579 ], [ 33.807577, 47.053631 ], [ 33.788738, 47.048921 ], [ 33.705138, 46.985338 ], [ 33.699545, 46.977979 ], [ 33.693952, 46.961495 ], [ 33.690714, 46.943833 ], [ 33.691597, 46.933825 ], [ 33.710731, 46.924994 ], [ 33.735752, 46.92205 ], [ 33.789915, 46.923227 ], [ 33.789915, 46.916457 ], [ 33.769898, 46.917929 ], [ 33.684238, 46.905271 ], [ 33.666871, 46.897618 ], [ 33.653036, 46.885549 ], [ 33.640378, 46.868181 ], [ 33.68571, 46.868181 ], [ 33.706904, 46.863472 ], [ 33.705138, 46.851403 ], [ 33.69513, 46.84787 ], [ 33.674524, 46.854641 ], [ 33.663927, 46.851403 ], [ 33.659512, 46.848753 ], [ 33.654507, 46.848165 ], [ 33.643616, 46.848165 ], [ 33.640672, 46.846398 ], [ 33.633019, 46.834624 ], [ 33.54, 46.831386 ], [ 33.558839, 46.836684 ], [ 33.566787, 46.848165 ], [ 33.570908, 46.862 ], [ 33.578267, 46.87554 ], [ 33.596518, 46.888492 ], [ 33.598873, 46.889376 ], [ 33.60476, 46.903799 ], [ 33.613297, 46.945894 ], [ 33.619773, 46.957374 ], [ 33.638906, 46.977979 ], [ 33.644499, 46.988282 ], [ 33.640378, 46.999173 ], [ 33.625365, 46.994758 ], [ 33.60476, 46.995052 ], [ 33.586215, 46.999762 ], [ 33.578267, 47.008887 ], [ 33.585626, 47.01713 ], [ 33.623599, 47.016541 ], [ 33.640378, 47.026255 ], [ 33.633019, 47.03332 ], [ 33.640378, 47.045977 ], [ 33.655096, 47.063934 ], [ 33.660395, 47.074236 ], [ 33.666282, 47.062756 ], [ 33.665693, 47.051865 ], [ 33.662161, 47.04009 ], [ 33.660395, 47.026255 ], [ 33.686299, 47.040973 ], [ 33.775786, 47.120157 ], [ 33.786088, 47.134581 ], [ 33.789915, 47.149299 ], [ 33.786677, 47.165489 ], [ 33.77814, 47.173731 ], [ 33.748998, 47.184034 ], [ 33.760479, 47.188155 ], [ 33.767249, 47.186978 ], [ 33.773431, 47.184328 ], [ 33.783733, 47.184034 ], [ 33.84555, 47.20199 ], [ 33.925028, 47.262924 ], [ 33.957997, 47.297364 ], [ 33.972421, 47.333277 ], [ 33.948283, 47.361536 ], [ 33.960352, 47.366245 ], [ 33.973598, 47.368012 ], [ 33.984784, 47.370661 ], [ 33.989199, 47.379492 ], [ 33.984784, 47.393327 ], [ 33.975659, 47.404218 ], [ 33.966239, 47.412755 ], [ 33.961824, 47.420114 ], [ 33.929149, 47.449845 ], [ 33.922968, 47.464563 ], [ 33.955053, 47.464563 ], [ 33.949166, 47.474277 ], [ 33.934153, 47.483991 ], [ 33.927677, 47.491939 ], [ 33.923556, 47.503714 ], [ 33.920907, 47.533444 ], [ 33.922673, 47.541981 ], [ 33.923556, 47.554344 ], [ 33.927677, 47.56082 ], [ 33.933859, 47.56082 ], [ 33.949166, 47.54463 ], [ 33.965062, 47.540509 ], [ 33.98449, 47.54463 ], [ 34.009805, 47.55405 ], [ 34.051016, 47.575244 ], [ 34.077803, 47.581131 ], [ 34.10253, 47.571123 ], [ 34.131966, 47.540803 ], [ 34.146979, 47.530501 ], [ 34.164346, 47.526674 ], [ 34.219098, 47.526674 ], [ 34.257365, 47.56082 ], [ 34.257365, 47.567591 ], [ 34.231167, 47.589373 ], [ 34.224985, 47.599971 ], [ 34.236465, 47.609096 ], [ 34.260014, 47.612334 ], [ 34.266491, 47.601442 ], [ 34.268257, 47.584075 ], [ 34.277088, 47.567591 ], [ 34.290923, 47.579071 ], [ 34.302992, 47.579659 ], [ 34.331251, 47.567591 ], [ 34.359215, 47.56082 ], [ 34.365691, 47.55611 ], [ 34.376583, 47.543158 ], [ 34.379526, 47.540215 ], [ 34.388946, 47.53992 ], [ 34.396894, 47.541981 ], [ 34.45871, 47.569945 ], [ 34.462831, 47.574067 ], [ 34.448702, 47.595555 ], [ 34.466658, 47.599676 ], [ 34.527297, 47.601737 ], [ 34.59088, 47.611156 ], [ 34.612957, 47.609096 ], [ 34.632091, 47.601148 ], [ 34.669181, 47.579071 ], [ 34.897018, 47.546691 ], [ 34.942056, 47.546396 ], [ 34.985916, 47.556993 ], [ 35.020063, 47.576421 ], [ 35.078347, 47.629113 ], [ 35.098658, 47.65325 ], [ 35.118969, 47.689752 ], [ 35.131332, 47.73008 ], [ 35.126917, 47.765698 ], [ 35.091004, 47.808969 ], [ 35.086, 47.824276 ], [ 35.113376, 47.84812 ], [ 35.116614, 47.837228 ], [ 35.130744, 47.817211 ], [ 35.133687, 47.810735 ], [ 35.13928, 47.802787 ], [ 35.162535, 47.79013 ], [ 35.167833, 47.783654 ], [ 35.170483, 47.771291 ], [ 35.176076, 47.761576 ], [ 35.188439, 47.74627 ], [ 35.195504, 47.729491 ], [ 35.201391, 47.700054 ], [ 35.209339, 47.68357 ], [ 35.219347, 47.672973 ], [ 35.244957, 47.655017 ], [ 35.25732, 47.642653 ], [ 35.263796, 47.629407 ], [ 35.275276, 47.594966 ], [ 35.284402, 47.581131 ], [ 35.293527, 47.575538 ], [ 35.312366, 47.567591 ], [ 35.319431, 47.56082 ], [ 35.322375, 47.551106 ] ] ] } },
{ "type": "Feature", "properties": { "name": "Kremenchuk Reservoir" }, "geometry": { "type": "Polygon", "coordinates": [ [ [ 33.174694, 49.063549 ], [ 33.153205, 49.027637 ], [ 33.153205, 49.020572 ], [ 33.179993, 48.986131 ], [ 33.187352, 48.972296 ], [ 33.171162, 48.973179 ], [ 33.162919, 48.97995 ], [ 33.156443, 48.989958 ], [ 33.147024, 49.000261 ], [ 33.133189, 49.007914 ], [ 33.122297, 49.009092 ], [ 33.068723, 49.002027 ], [ 33.013677, 48.983482 ], [ 32.982474, 48.979067 ], [ 33.081381, 49.013801 ], [ 33.091683, 49.018806 ], [ 33.098748, 49.027637 ], [ 33.099042, 49.037939 ], [ 33.094921, 49.046476 ], [ 33.092566, 49.055601 ], [ 33.098748, 49.069142 ], [ 33.089034, 49.077679 ], [ 33.078731, 49.081505 ], [ 33.054005, 49.082094 ], [ 33.041347, 49.084155 ], [ 33.012794, 49.095635 ], [ 32.939497, 49.070319 ], [ 32.927134, 49.071791 ], [ 32.918597, 49.081505 ], [ 32.897109, 49.089747 ], [ 32.872088, 49.095046 ], [ 32.851482, 49.095635 ], [ 32.809682, 49.08386 ], [ 32.789077, 49.081211 ], [ 32.769649, 49.088276 ], [ 32.763173, 49.108587 ], [ 32.733442, 49.139201 ], [ 32.666621, 49.191892 ], [ 32.523266, 49.260184 ], [ 32.45203, 49.274314 ], [ 32.441139, 49.283733 ], [ 32.433191, 49.294625 ], [ 32.414351, 49.306105 ], [ 32.379028, 49.322295 ], [ 32.248036, 49.353498 ], [ 32.208002, 49.369982 ], [ 32.122342, 49.427089 ], [ 32.090551, 49.438275 ], [ 32.056699, 49.44269 ], [ 32.044336, 49.44946 ], [ 32.004597, 49.494498 ], [ 31.988995, 49.50539 ], [ 31.96839, 49.506567 ], [ 31.885673, 49.555137 ], [ 31.924235, 49.560436 ], [ 31.945429, 49.567795 ], [ 31.954555, 49.578686 ], [ 31.961914, 49.598997 ], [ 31.978987, 49.602235 ], [ 31.999298, 49.596642 ], [ 32.016077, 49.589283 ], [ 32.044041, 49.571033 ], [ 32.079954, 49.534237 ], [ 32.111745, 49.520991 ], [ 32.182981, 49.506273 ], [ 32.220365, 49.507156 ], [ 32.255689, 49.520991 ], [ 32.308086, 49.496853 ], [ 32.320744, 49.493615 ], [ 32.333107, 49.488316 ], [ 32.364015, 49.464179 ], [ 32.37579, 49.45888 ], [ 32.390214, 49.454465 ], [ 32.427009, 49.424734 ], [ 32.444377, 49.41708 ], [ 32.502072, 49.404128 ], [ 32.544166, 49.385878 ], [ 32.56065, 49.383817 ], [ 32.5842, 49.385583 ], [ 32.591559, 49.383817 ], [ 32.59568, 49.379696 ], [ 32.600095, 49.372337 ], [ 32.606571, 49.365567 ], [ 32.615696, 49.362623 ], [ 32.628943, 49.360562 ], [ 32.661912, 49.351732 ], [ 32.680751, 49.349082 ], [ 32.701062, 49.348788 ], [ 32.719607, 49.350554 ], [ 32.735503, 49.35497 ], [ 32.749043, 49.362623 ], [ 32.749043, 49.369982 ], [ 32.68811, 49.399713 ], [ 32.673392, 49.411193 ], [ 32.672509, 49.416197 ], [ 32.673686, 49.422673 ], [ 32.673686, 49.428561 ], [ 32.669859, 49.430915 ], [ 32.669271, 49.432093 ], [ 32.653081, 49.438275 ], [ 32.61187, 49.46565 ], [ 32.62335, 49.474187 ], [ 32.635713, 49.489788 ], [ 32.653081, 49.520991 ], [ 32.66515, 49.55602 ], [ 32.676335, 49.563968 ], [ 32.716958, 49.57015 ], [ 32.728438, 49.561907 ], [ 32.7461, 49.542774 ], [ 32.749043, 49.540713 ], [ 32.742862, 49.526584 ], [ 32.700768, 49.480074 ], [ 32.747277, 49.475659 ], [ 32.865317, 49.438275 ], [ 32.855309, 49.42179 ], [ 32.841179, 49.408544 ], [ 32.83853, 49.400007 ], [ 32.862079, 49.396769 ], [ 32.887395, 49.396769 ], [ 32.900641, 49.393237 ], [ 32.909178, 49.381168 ], [ 32.928606, 49.341429 ], [ 32.940969, 49.328182 ], [ 32.957159, 49.318468 ], [ 32.978647, 49.314936 ], [ 33.000725, 49.307871 ], [ 33.012794, 49.291387 ], [ 33.030161, 49.253414 ], [ 33.045762, 49.242522 ], [ 33.094921, 49.217207 ], [ 33.105224, 49.208965 ], [ 33.147024, 49.150975 ], [ 33.154088, 49.147443 ], [ 33.172633, 49.141556 ], [ 33.180876, 49.136846 ], [ 33.20413, 49.107704 ], [ 33.204425, 49.102699 ], [ 33.184114, 49.069142 ], [ 33.174694, 49.063549 ] ] ] } },
{ "type": "Feature", "properties": { "name": "Samara Reservoir" }, "geometry": { "type": "Polygon", "coordinates": [ [ [ 48.444539, 54.136326 ], [ 48.373008, 54.16694 ], [ 48.358584, 54.201969 ], [ 48.369476, 54.243475 ], [ 48.422167, 54.353861 ], [ 48.421284, 54.367108 ], [ 48.399501, 54.398899 ], [ 48.393614, 54.416561 ], [ 48.392142, 54.436872 ], [ 48.393614, 54.46101 ], [ 48.411864, 54.526653 ], [ 48.410981, 54.539899 ], [ 48.402739, 54.561093 ], [ 48.411864, 54.582288 ], [ 48.428349, 54.600538 ], [ 48.441889, 54.611724 ], [ 48.485161, 54.637334 ], [ 48.531376, 54.651758 ], [ 48.640585, 54.659705 ], [ 48.804252, 54.649403 ], [ 48.818087, 54.649991 ], [ 48.828684, 54.656173 ], [ 48.831922, 54.666476 ], [ 48.829273, 54.679428 ], [ 48.82368, 54.691791 ], [ 48.818087, 54.701211 ], [ 48.796304, 54.722994 ], [ 48.791594, 54.735946 ], [ 48.807784, 54.76656 ], [ 48.812788, 54.785988 ], [ 48.820736, 54.80365 ], [ 48.847523, 54.816602 ], [ 48.883436, 54.855458 ], [ 48.89315, 54.871942 ], [ 48.885791, 54.880479 ], [ 48.872838, 54.886955 ], [ 48.865774, 54.896374 ], [ 48.862536, 54.906971 ], [ 48.848112, 54.936113 ], [ 48.845463, 54.954364 ], [ 48.854294, 55.004406 ], [ 48.859592, 55.016475 ], [ 48.886085, 55.033548 ], [ 49.23785, 55.151294 ], [ 49.284654, 55.158358 ], [ 49.296134, 55.170722 ], [ 49.294368, 55.188383 ], [ 49.278178, 55.2084 ], [ 49.212829, 55.241075 ], [ 49.202821, 55.25226 ], [ 49.198111, 55.277281 ], [ 49.185748, 55.29406 ], [ 49.168086, 55.306423 ], [ 49.147775, 55.317609 ], [ 49.093317, 55.365591 ], [ 49.057405, 55.378837 ], [ 49.037977, 55.39385 ], [ 49.021198, 55.411806 ], [ 49.010012, 55.427407 ], [ 49.019137, 55.432706 ], [ 49.025613, 55.442125 ], [ 49.030912, 55.455372 ], [ 49.040332, 55.455077 ], [ 49.045336, 55.450367 ], [ 49.050046, 55.44448 ], [ 49.058877, 55.440948 ], [ 49.077127, 55.442125 ], [ 49.077716, 55.450073 ], [ 49.058877, 55.482748 ], [ 49.079188, 55.477449 ], [ 49.104209, 55.460376 ], [ 49.125109, 55.43977 ], [ 49.133939, 55.424169 ], [ 49.142182, 55.403564 ], [ 49.16161, 55.3912 ], [ 49.186042, 55.386196 ], [ 49.209297, 55.38649 ], [ 49.197816, 55.36147 ], [ 49.195167, 55.348223 ], [ 49.203409, 55.339098 ], [ 49.223426, 55.324968 ], [ 49.240499, 55.307307 ], [ 49.265226, 55.270217 ], [ 49.284948, 55.256087 ], [ 49.295545, 55.264329 ], [ 49.29584, 55.273749 ], [ 49.289069, 55.283169 ], [ 49.278178, 55.290233 ], [ 49.300844, 55.288173 ], [ 49.342349, 55.273455 ], [ 49.366781, 55.270511 ], [ 49.390036, 55.274043 ], [ 49.402105, 55.283757 ], [ 49.406521, 55.299359 ], [ 49.407109, 55.321142 ], [ 49.395335, 55.333505 ], [ 49.337345, 55.346163 ], [ 49.315857, 55.355288 ], [ 49.308497, 55.372067 ], [ 49.318506, 55.383547 ], [ 49.338523, 55.390317 ], [ 49.359128, 55.393261 ], [ 49.355007, 55.404741 ], [ 49.347648, 55.409451 ], [ 49.338523, 55.4121 ], [ 49.329397, 55.417399 ], [ 49.322038, 55.428879 ], [ 49.324393, 55.435061 ], [ 49.33028, 55.438299 ], [ 49.333224, 55.440948 ], [ 49.334107, 55.447129 ], [ 49.336168, 55.454194 ], [ 49.333813, 55.459787 ], [ 49.322333, 55.462142 ], [ 49.31409, 55.465086 ], [ 49.308792, 55.471856 ], [ 49.306142, 55.480981 ], [ 49.305259, 55.489518 ], [ 49.316445, 55.516894 ], [ 49.344115, 55.540149 ], [ 49.378262, 55.556633 ], [ 49.407109, 55.564581 ], [ 49.358539, 55.528374 ], [ 49.343527, 55.506297 ], [ 49.347059, 55.475683 ], [ 49.380617, 55.44448 ], [ 49.384738, 55.433589 ], [ 49.414468, 55.393261 ], [ 49.433308, 55.379131 ], [ 49.451853, 55.375893 ], [ 49.586672, 55.38649 ], [ 49.59197, 55.385313 ], [ 49.600801, 55.381192 ], [ 49.606394, 55.380309 ], [ 49.626116, 55.386785 ], [ 49.663501, 55.414749 ], [ 49.685283, 55.421225 ], [ 49.713542, 55.418871 ], [ 49.740035, 55.412689 ], [ 49.785073, 55.393261 ], [ 49.828344, 55.366179 ], [ 49.85101, 55.356171 ], [ 49.877503, 55.352344 ], [ 49.903113, 55.354699 ], [ 49.961691, 55.369712 ], [ 49.983769, 55.380309 ], [ 49.997015, 55.392378 ], [ 50.007907, 55.409451 ], [ 50.015266, 55.430056 ], [ 50.017915, 55.451545 ], [ 50.032928, 55.450662 ], [ 50.120354, 55.475683 ], [ 50.099748, 55.447718 ], [ 50.199538, 55.447718 ], [ 50.270479, 55.428879 ], [ 50.33259, 55.427113 ], [ 50.339949, 55.424169 ], [ 50.346425, 55.402681 ], [ 50.36291, 55.408862 ], [ 50.38587, 55.425347 ], [ 50.412069, 55.434766 ], [ 50.434735, 55.43977 ], [ 50.458872, 55.452722 ], [ 50.478889, 55.470384 ], [ 50.490958, 55.489518 ], [ 50.49714, 55.489518 ], [ 50.505676, 55.473034 ], [ 50.527459, 55.464791 ], [ 50.576324, 55.462142 ], [ 50.597518, 55.458021 ], [ 50.614885, 55.447424 ], [ 50.627543, 55.432117 ], [ 50.634902, 55.413866 ], [ 50.774725, 55.490695 ], [ 50.799746, 55.498938 ], [ 50.822118, 55.513361 ], [ 50.833598, 55.516894 ], [ 50.844489, 55.515128 ], [ 50.881285, 55.503059 ], [ 50.970477, 55.488635 ], [ 50.984312, 55.479215 ], [ 50.999619, 55.472739 ], [ 51.033471, 55.470973 ], [ 51.069384, 55.473328 ], [ 51.138559, 55.4957 ], [ 51.143269, 55.498643 ], [ 51.161814, 55.516894 ], [ 51.184186, 55.522487 ], [ 51.219509, 55.526902 ], [ 51.254539, 55.527197 ], [ 51.275733, 55.520132 ], [ 51.296927, 55.506591 ], [ 51.38141, 55.489518 ], [ 51.366986, 55.486574 ], [ 51.306347, 55.489518 ], [ 51.330779, 55.479804 ], [ 51.359921, 55.475977 ], [ 51.419383, 55.475683 ], [ 51.436161, 55.481864 ], [ 51.457944, 55.496583 ], [ 51.476489, 55.513361 ], [ 51.484437, 55.527197 ], [ 51.485614, 55.546036 ], [ 51.482965, 55.551923 ], [ 51.474429, 55.561048 ], [ 51.468247, 55.569879 ], [ 51.469424, 55.574884 ], [ 51.472957, 55.580771 ], [ 51.470896, 55.591957 ], [ 51.461182, 55.608147 ], [ 51.422621, 55.646414 ], [ 51.396717, 55.683798 ], [ 51.390241, 55.705581 ], [ 51.417322, 55.723832 ], [ 51.409374, 55.742965 ], [ 51.384942, 55.773285 ], [ 51.386708, 55.788298 ], [ 51.415556, 55.795657 ], [ 51.448819, 55.798012 ], [ 51.464126, 55.797423 ], [ 51.470896, 55.813318 ], [ 51.468247, 55.855118 ], [ 51.477667, 55.866304 ], [ 51.480905, 55.848348 ], [ 51.485909, 55.830097 ], [ 51.492974, 55.813907 ], [ 51.501805, 55.800955 ], [ 51.495034, 55.792419 ], [ 51.422621, 55.770047 ], [ 51.435867, 55.751502 ], [ 51.449113, 55.746792 ], [ 51.464715, 55.746792 ], [ 51.484437, 55.742671 ], [ 51.441754, 55.702638 ], [ 51.433806, 55.682915 ], [ 51.44352, 55.660249 ], [ 51.45971, 55.640527 ], [ 51.479138, 55.621393 ], [ 51.502688, 55.608147 ], [ 51.531535, 55.605792 ], [ 51.547725, 55.607264 ], [ 51.576867, 55.616978 ], [ 51.607481, 55.620804 ], [ 51.646632, 55.630224 ], [ 51.658701, 55.636406 ], [ 51.717573, 55.698811 ], [ 51.744066, 55.715295 ], [ 51.783511, 55.723243 ], [ 51.814714, 55.712352 ], [ 51.84415, 55.696456 ], [ 51.878296, 55.688214 ], [ 51.907733, 55.69675 ], [ 51.93923, 55.714412 ], [ 51.969843, 55.727364 ], [ 51.997808, 55.722949 ], [ 51.951887, 55.696162 ], [ 51.87182, 55.662604 ], [ 51.855925, 55.660249 ], [ 51.840912, 55.663781 ], [ 51.80706, 55.689097 ], [ 51.792636, 55.694984 ], [ 51.766438, 55.69469 ], [ 51.742006, 55.68321 ], [ 51.723755, 55.663781 ], [ 51.717279, 55.639644 ], [ 51.731114, 55.629047 ], [ 51.73759, 55.619921 ], [ 51.734352, 55.609324 ], [ 51.696085, 55.57194 ], [ 51.701972, 55.568113 ], [ 51.704621, 55.563403 ], [ 51.70992, 55.550157 ], [ 51.682838, 55.551334 ], [ 51.661056, 55.560165 ], [ 51.641922, 55.571057 ], [ 51.621022, 55.578122 ], [ 51.564798, 55.579299 ], [ 51.535362, 55.574589 ], [ 51.518878, 55.564581 ], [ 51.53183, 55.553395 ], [ 51.560383, 55.523664 ], [ 51.543015, 55.509535 ], [ 51.497389, 55.490107 ], [ 51.498272, 55.475683 ], [ 51.44823, 55.452134 ], [ 51.42998, 55.447718 ], [ 51.406431, 55.448601 ], [ 51.296044, 55.470384 ], [ 51.22157, 55.499821 ], [ 51.182419, 55.4957 ], [ 51.182419, 55.489518 ], [ 51.197432, 55.48834 ], [ 51.211267, 55.485397 ], [ 51.237466, 55.475683 ], [ 51.145035, 55.477155 ], [ 51.120897, 55.468324 ], [ 51.151511, 55.458021 ], [ 51.186246, 55.452428 ], [ 51.217743, 55.441242 ], [ 51.237466, 55.413866 ], [ 51.234522, 55.385902 ], [ 51.214799, 55.36824 ], [ 51.192428, 55.352933 ], [ 51.182419, 55.331739 ], [ 51.160636, 55.345574 ], [ 51.148568, 55.350284 ], [ 51.135027, 55.352344 ], [ 51.1521, 55.362647 ], [ 51.188307, 55.374422 ], [ 51.202731, 55.38649 ], [ 51.208618, 55.401797 ], [ 51.204791, 55.415044 ], [ 51.194783, 55.425935 ], [ 51.182419, 55.434766 ], [ 51.144446, 55.448601 ], [ 51.011688, 55.447718 ], [ 50.875398, 55.47951 ], [ 50.826533, 55.482748 ], [ 50.807988, 55.479804 ], [ 50.790326, 55.473622 ], [ 50.773253, 55.46538 ], [ 50.718796, 55.425052 ], [ 50.709965, 55.413866 ], [ 50.732925, 55.417104 ], [ 50.769721, 55.44448 ], [ 50.792387, 55.447718 ], [ 50.777374, 55.422697 ], [ 50.759418, 55.405919 ], [ 50.73528, 55.396204 ], [ 50.677291, 55.390906 ], [ 50.640201, 55.372655 ], [ 50.62666, 55.368534 ], [ 50.611942, 55.366474 ], [ 50.476534, 55.37501 ], [ 50.436206, 55.372655 ], [ 50.405593, 55.365296 ], [ 50.357317, 55.34734 ], [ 50.311396, 55.344691 ], [ 50.301388, 55.347046 ], [ 50.276367, 55.362647 ], [ 50.261943, 55.365591 ], [ 50.230446, 55.365885 ], [ 50.205719, 55.361764 ], [ 50.187763, 55.351167 ], [ 50.1545, 55.324968 ], [ 50.13154, 55.315843 ], [ 50.075022, 55.305246 ], [ 49.953744, 55.295826 ], [ 49.928428, 55.297004 ], [ 49.907234, 55.313488 ], [ 49.893988, 55.318198 ], [ 49.884568, 55.299947 ], [ 49.863668, 55.270511 ], [ 49.826284, 55.242546 ], [ 49.741507, 55.211638 ], [ 49.719135, 55.198686 ], [ 49.709421, 55.184557 ], [ 49.696469, 55.171605 ], [ 49.666739, 55.174548 ], [ 49.613164, 55.188383 ], [ 49.624939, 55.174843 ], [ 49.634358, 55.160419 ], [ 49.618463, 55.159241 ], [ 49.604628, 55.155709 ], [ 49.591676, 55.149527 ], [ 49.579018, 55.140108 ], [ 49.600212, 55.105373 ], [ 49.554291, 55.11597 ], [ 49.540751, 55.127156 ], [ 49.544872, 55.146878 ], [ 49.522206, 55.146878 ], [ 49.493947, 55.142757 ], [ 49.46716, 55.135398 ], [ 49.448615, 55.125684 ], [ 49.444788, 55.118913 ], [ 49.434485, 55.095364 ], [ 49.428304, 55.085356 ], [ 49.419473, 55.079174 ], [ 49.411525, 55.075642 ], [ 49.405049, 55.070343 ], [ 49.400928, 55.05798 ], [ 49.425066, 55.06475 ], [ 49.454502, 55.080057 ], [ 49.472753, 55.085945 ], [ 49.462155, 55.064162 ], [ 49.447437, 55.0465 ], [ 49.397395, 54.999107 ], [ 49.384443, 54.991748 ], [ 49.373846, 54.997341 ], [ 49.364132, 55.008233 ], [ 49.352946, 55.016475 ], [ 49.215773, 55.023245 ], [ 49.188102, 55.03031 ], [ 49.176622, 55.028544 ], [ 49.168086, 55.016475 ], [ 49.182215, 55.012648 ], [ 49.196639, 55.010882 ], [ 49.208414, 55.006466 ], [ 49.215773, 54.995575 ], [ 49.160727, 54.987921 ], [ 48.989407, 54.995575 ], [ 48.964974, 54.992631 ], [ 48.945546, 54.984095 ], [ 48.932594, 54.968493 ], [ 48.927885, 54.94465 ], [ 48.927001, 54.916391 ], [ 48.93701, 54.867527 ], [ 48.946724, 54.851336 ], [ 48.949079, 54.841622 ], [ 48.949079, 54.80365 ], [ 48.959676, 54.78952 ], [ 48.969684, 54.793641 ], [ 48.982342, 54.804827 ], [ 49.000298, 54.811009 ], [ 49.00648, 54.808948 ], [ 49.014133, 54.805121 ], [ 49.021198, 54.803355 ], [ 49.024142, 54.807182 ], [ 49.026202, 54.813952 ], [ 49.031206, 54.816896 ], [ 49.037977, 54.817779 ], [ 49.044747, 54.817779 ], [ 49.099205, 54.811009 ], [ 49.117161, 54.803944 ], [ 49.133351, 54.793347 ], [ 49.161315, 54.769503 ], [ 49.161315, 54.762733 ], [ 49.091551, 54.779217 ], [ 49.079482, 54.780395 ], [ 49.074478, 54.785988 ], [ 49.063292, 54.788637 ], [ 49.041215, 54.790109 ], [ 49.037977, 54.785988 ], [ 49.037094, 54.777157 ], [ 49.037977, 54.759495 ], [ 49.020609, 54.739184 ], [ 48.907573, 54.68767 ], [ 48.922292, 54.683549 ], [ 48.956438, 54.692674 ], [ 48.975866, 54.693852 ], [ 48.975572, 54.689436 ], [ 48.974394, 54.686493 ], [ 48.96939, 54.680017 ], [ 48.959382, 54.665593 ], [ 48.977926, 54.652346 ], [ 49.009718, 54.643221 ], [ 49.034444, 54.639689 ], [ 49.129524, 54.646165 ], [ 49.154545, 54.639689 ], [ 49.123931, 54.618494 ], [ 49.088607, 54.610841 ], [ 48.999121, 54.61349 ], [ 48.95791, 54.623204 ], [ 48.945252, 54.629386 ], [ 48.924647, 54.649991 ], [ 48.914049, 54.653229 ], [ 48.900509, 54.646459 ], [ 48.908162, 54.627325 ], [ 48.902569, 54.612018 ], [ 48.892267, 54.597889 ], [ 48.880492, 54.562271 ], [ 48.881669, 54.554029 ], [ 48.893738, 54.550496 ], [ 48.90669, 54.552851 ], [ 48.915521, 54.556089 ], [ 48.920525, 54.554912 ], [ 48.921114, 54.542843 ], [ 48.913755, 54.526064 ], [ 48.897271, 54.516056 ], [ 48.876371, 54.510757 ], [ 48.85606, 54.509285 ], [ 48.832511, 54.504576 ], [ 48.838692, 54.493095 ], [ 48.873427, 54.468369 ], [ 48.868129, 54.46101 ], [ 48.870778, 54.451296 ], [ 48.876665, 54.441582 ], [ 48.880198, 54.433634 ], [ 48.882258, 54.427158 ], [ 48.885202, 54.421565 ], [ 48.886674, 54.416266 ], [ 48.883436, 54.410085 ], [ 48.877254, 54.407435 ], [ 48.869012, 54.408907 ], [ 48.862536, 54.412734 ], [ 48.859592, 54.416855 ], [ 48.847818, 54.442465 ], [ 48.798364, 54.447469 ], [ 48.7913, 54.468369 ], [ 48.697397, 54.457772 ], [ 48.666489, 54.446291 ], [ 48.616742, 54.447469 ], [ 48.604084, 54.44482 ], [ 48.59437, 54.439521 ], [ 48.578769, 54.426863 ], [ 48.547566, 54.412734 ], [ 48.537558, 54.406258 ], [ 48.53167, 54.397427 ], [ 48.530787, 54.388596 ], [ 48.525783, 54.381826 ], [ 48.476036, 54.376822 ], [ 48.462789, 54.368285 ], [ 48.465439, 54.351506 ], [ 48.546094, 54.219042 ], [ 48.572293, 54.187251 ], [ 48.590543, 54.17371 ], [ 48.61527, 54.162819 ], [ 48.642351, 54.155754 ], [ 48.668255, 54.153105 ], [ 48.697397, 54.145746 ], [ 48.712999, 54.143685 ], [ 48.737137, 54.153988 ], [ 48.75421, 54.155165 ], [ 48.805135, 54.153105 ], [ 48.797187, 54.148395 ], [ 48.780114, 54.14133 ], [ 48.770694, 54.139564 ], [ 48.783057, 54.124257 ], [ 48.845463, 54.090994 ], [ 48.833982, 54.078336 ], [ 48.820736, 54.078925 ], [ 48.806312, 54.083929 ], [ 48.7913, 54.084812 ], [ 48.773638, 54.078042 ], [ 48.773638, 54.073038 ], [ 48.804546, 54.054787 ], [ 48.830744, 54.048311 ], [ 48.842225, 54.040069 ], [ 48.851939, 54.030061 ], [ 48.880198, 54.008572 ], [ 48.898154, 53.988555 ], [ 48.907573, 53.981785 ], [ 48.942014, 53.970893 ], [ 48.974983, 53.948227 ], [ 48.997649, 53.944401 ], [ 49.020609, 53.949699 ], [ 49.178094, 54.041246 ], [ 49.223426, 54.050077 ], [ 49.302021, 54.094526 ], [ 49.312618, 54.098942 ], [ 49.327631, 54.099531 ], [ 49.356184, 54.097764 ], [ 49.374435, 54.099825 ], [ 49.3815, 54.105123 ], [ 49.385621, 54.11366 ], [ 49.394157, 54.12514 ], [ 49.416235, 54.139858 ], [ 49.43478, 54.140153 ], [ 49.455385, 54.13662 ], [ 49.483055, 54.139564 ], [ 49.50425, 54.149572 ], [ 49.565477, 54.194021 ], [ 49.584611, 54.203735 ], [ 49.594325, 54.206679 ], [ 49.606394, 54.207857 ], [ 49.646427, 54.198437 ], [ 49.660851, 54.200203 ], [ 49.679985, 54.214038 ], [ 49.698236, 54.232289 ], [ 49.718252, 54.24318 ], [ 49.744156, 54.234938 ], [ 49.729732, 54.226107 ], [ 49.719135, 54.214627 ], [ 49.702651, 54.187251 ], [ 49.728849, 54.179009 ], [ 49.793315, 54.166351 ], [ 49.819219, 54.153105 ], [ 49.799791, 54.153399 ], [ 49.767117, 54.146334 ], [ 49.750338, 54.145746 ], [ 49.734737, 54.148984 ], [ 49.704123, 54.161347 ], [ 49.65467, 54.175182 ], [ 49.621995, 54.177831 ], [ 49.591676, 54.171944 ], [ 49.565477, 54.153105 ], [ 49.561062, 54.14604 ], [ 49.556352, 54.130733 ], [ 49.551642, 54.12514 ], [ 49.544872, 54.122785 ], [ 49.486882, 54.111894 ], [ 49.473636, 54.106595 ], [ 49.462155, 54.097764 ], [ 49.451853, 54.084518 ], [ 49.45303, 54.080397 ], [ 49.534275, 54.091583 ], [ 49.551642, 54.090994 ], [ 49.545166, 54.081869 ], [ 49.535452, 54.075687 ], [ 49.523678, 54.072155 ], [ 49.510431, 54.071272 ], [ 49.498951, 54.067739 ], [ 49.462155, 54.043896 ], [ 49.389448, 54.024762 ], [ 49.366781, 54.015931 ], [ 49.380028, 54.004745 ], [ 49.412702, 53.997092 ], [ 49.428304, 53.989144 ], [ 49.400928, 53.981785 ], [ 49.3397, 53.995326 ], [ 49.315857, 53.985612 ], [ 49.296428, 53.952054 ], [ 49.288186, 53.94705 ], [ 49.27965, 53.950582 ], [ 49.274057, 53.968244 ], [ 49.263754, 53.975014 ], [ 49.24462, 53.97001 ], [ 49.221954, 53.953232 ], [ 49.203409, 53.932626 ], [ 49.195462, 53.91673 ], [ 49.201054, 53.897597 ], [ 49.243149, 53.837841 ], [ 49.258455, 53.803106 ], [ 49.271408, 53.784561 ], [ 49.288186, 53.776319 ], [ 49.297017, 53.781617 ], [ 49.311735, 53.805166 ], [ 49.322333, 53.810465 ], [ 49.335285, 53.805461 ], [ 49.337934, 53.793981 ], [ 49.337345, 53.780145 ], [ 49.339406, 53.769548 ], [ 49.357362, 53.754241 ], [ 49.375318, 53.746882 ], [ 49.388564, 53.735991 ], [ 49.394157, 53.711264 ], [ 49.390919, 53.705671 ], [ 49.376201, 53.688893 ], [ 49.372963, 53.683594 ], [ 49.370314, 53.680356 ], [ 49.363838, 53.679473 ], [ 49.350003, 53.680062 ], [ 49.346765, 53.682711 ], [ 49.34647, 53.688304 ], [ 49.347648, 53.695369 ], [ 49.347059, 53.700667 ], [ 49.343821, 53.710381 ], [ 49.344115, 53.71774 ], [ 49.342349, 53.725099 ], [ 49.333224, 53.735402 ], [ 49.325865, 53.740701 ], [ 49.314385, 53.747471 ], [ 49.303199, 53.748648 ], [ 49.298489, 53.73864 ], [ 49.296723, 53.728043 ], [ 49.292307, 53.718035 ], [ 49.284654, 53.71097 ], [ 49.274646, 53.708026 ], [ 49.265815, 53.711853 ], [ 49.267286, 53.720684 ], [ 49.271408, 53.73187 ], [ 49.271113, 53.741584 ], [ 49.252568, 53.756891 ], [ 49.227253, 53.769548 ], [ 49.205176, 53.784561 ], [ 49.195462, 53.806933 ], [ 49.183098, 53.828127 ], [ 49.154251, 53.834603 ], [ 49.122165, 53.831659 ], [ 49.099205, 53.8243 ], [ 49.079482, 53.807521 ], [ 49.076538, 53.792214 ], [ 49.081837, 53.774847 ], [ 49.085664, 53.752181 ], [ 49.083603, 53.72922 ], [ 49.077716, 53.710381 ], [ 49.058877, 53.672703 ], [ 49.043275, 53.628254 ], [ 49.041215, 53.587337 ], [ 49.05505, 53.551719 ], [ 49.085664, 53.522577 ], [ 49.134528, 53.503738 ], [ 49.497332, 53.489167 ], [ 49.860136, 53.474595 ], [ 49.881624, 53.469297 ], [ 49.920186, 53.448691 ], [ 49.942263, 53.439861 ], [ 49.456268, 53.447514 ], [ 49.380617, 53.423082 ], [ 49.305259, 53.414251 ], [ 49.282005, 53.406009 ], [ 49.263754, 53.392762 ], [ 49.253157, 53.3751 ], [ 49.24462, 53.349785 ], [ 49.244915, 53.326825 ], [ 49.26081, 53.317111 ], [ 49.264343, 53.312695 ], [ 49.259339, 53.302981 ], [ 49.249919, 53.293562 ], [ 49.240205, 53.289146 ], [ 49.228136, 53.28738 ], [ 49.195462, 53.275311 ], [ 49.15896, 53.274134 ], [ 49.088902, 53.285025 ], [ 48.893738, 53.268541 ], [ 48.808078, 53.275311 ], [ 48.763924, 53.309752 ], [ 48.654715, 53.364798 ], [ 48.654715, 53.371568 ], [ 48.701813, 53.366564 ], [ 48.748911, 53.346253 ], [ 48.831922, 53.296505 ], [ 48.85606, 53.286202 ], [ 48.887557, 53.27796 ], [ 48.919642, 53.276488 ], [ 48.95526, 53.290618 ], [ 48.969979, 53.293856 ], [ 49.023553, 53.297094 ], [ 49.051518, 53.302687 ], [ 49.153956, 53.298271 ], [ 49.178388, 53.306219 ], [ 49.182804, 53.309163 ], [ 49.188102, 53.310046 ], [ 49.199288, 53.309752 ], [ 49.204881, 53.311518 ], [ 49.207825, 53.316228 ], [ 49.209591, 53.322115 ], [ 49.212535, 53.327119 ], [ 49.216067, 53.33595 ], [ 49.208119, 53.342132 ], [ 49.196345, 53.346841 ], [ 49.18928, 53.351846 ], [ 49.186336, 53.366564 ], [ 49.192224, 53.36833 ], [ 49.203409, 53.367153 ], [ 49.215773, 53.371568 ], [ 49.22166, 53.378044 ], [ 49.229313, 53.389819 ], [ 49.23108, 53.401299 ], [ 49.219599, 53.406303 ], [ 49.192518, 53.412779 ], [ 49.177505, 53.414545 ], [ 49.164848, 53.409541 ], [ 49.159255, 53.408364 ], [ 49.133939, 53.412779 ], [ 49.12452, 53.411013 ], [ 49.118927, 53.406892 ], [ 49.113923, 53.402476 ], [ 49.106564, 53.398944 ], [ 49.080365, 53.398355 ], [ 49.067708, 53.408658 ], [ 49.057405, 53.421021 ], [ 49.037977, 53.426908 ], [ 49.008246, 53.42838 ], [ 48.980281, 53.43309 ], [ 48.953494, 53.441332 ], [ 48.927885, 53.453696 ], [ 48.999415, 53.44722 ], [ 49.031501, 53.453401 ], [ 49.044747, 53.478128 ], [ 49.032973, 53.499616 ], [ 49.005891, 53.51875 ], [ 48.91611, 53.567026 ], [ 48.889617, 53.575857 ], [ 48.881669, 53.588514 ], [ 48.876371, 53.603233 ], [ 48.857826, 53.634141 ], [ 48.848995, 53.663872 ], [ 48.847818, 53.692131 ], [ 48.859592, 53.708026 ], [ 48.856354, 53.746882 ], [ 48.861947, 53.760129 ], [ 48.880198, 53.776319 ], [ 48.897271, 53.78721 ], [ 48.904335, 53.794275 ], [ 48.907573, 53.803695 ], [ 48.889323, 53.821062 ], [ 48.885202, 53.832542 ], [ 48.900509, 53.837841 ], [ 48.921997, 53.83107 ], [ 48.931123, 53.83107 ], [ 48.934949, 53.841373 ], [ 48.933478, 53.854325 ], [ 48.930534, 53.864039 ], [ 48.878431, 53.943812 ], [ 48.866362, 53.95382 ], [ 48.843991, 53.957941 ], [ 48.819559, 53.967655 ], [ 48.797481, 53.980019 ], [ 48.763629, 54.004451 ], [ 48.676498, 54.050372 ], [ 48.667667, 54.056848 ], [ 48.640585, 54.086284 ], [ 48.630282, 54.090994 ], [ 48.619097, 54.093349 ], [ 48.595842, 54.102474 ], [ 48.582301, 54.104829 ], [ 48.567583, 54.101885 ], [ 48.544328, 54.089228 ], [ 48.530787, 54.084812 ], [ 48.523723, 54.109539 ], [ 48.497524, 54.112777 ], [ 48.468971, 54.111011 ], [ 48.455725, 54.121902 ], [ 48.444539, 54.136326 ] ] ] } },
{ "type": "Feature", "properties": { "name": "Ozero Kubenskoye" }, "geometry": { "type": "Polygon", "coordinates": [ [ [ 39.169125, 59.839631 ], [ 39.188259, 59.82403 ], [ 39.221522, 59.789589 ], [ 39.224171, 59.785174 ], [ 39.225054, 59.779875 ], [ 39.22476, 59.768395 ], [ 39.227704, 59.764274 ], [ 39.248898, 59.748378 ], [ 39.265971, 59.739253 ], [ 39.288343, 59.735426 ], [ 39.310714, 59.736898 ], [ 39.327787, 59.744846 ], [ 39.31042, 59.749556 ], [ 39.293935, 59.756326 ], [ 39.278923, 59.76604 ], [ 39.266265, 59.778992 ], [ 39.339562, 59.777815 ], [ 39.373414, 59.769867 ], [ 39.375769, 59.75191 ], [ 39.417863, 59.730422 ], [ 39.506761, 59.670372 ], [ 39.553859, 59.662424 ], [ 39.534431, 59.68038 ], [ 39.488216, 59.70599 ], [ 39.471731, 59.723946 ], [ 39.501168, 59.722768 ], [ 39.526777, 59.713349 ], [ 39.574464, 59.686267 ], [ 39.593892, 59.671549 ], [ 39.599485, 59.656537 ], [ 39.60184, 59.640935 ], [ 39.612143, 59.624745 ], [ 39.636281, 59.609144 ], [ 39.654531, 59.61091 ], [ 39.698392, 59.635637 ], [ 39.726356, 59.642407 ], [ 39.821436, 59.641818 ], [ 39.68544, 59.600902 ], [ 39.673665, 59.583829 ], [ 39.713993, 59.547622 ], [ 39.726356, 59.53938 ], [ 39.747256, 59.534375 ], [ 39.769922, 59.533492 ], [ 39.791411, 59.530254 ], [ 39.80819, 59.51848 ], [ 39.769039, 59.503467 ], [ 39.756087, 59.494342 ], [ 39.734599, 59.472853 ], [ 39.723118, 59.465789 ], [ 39.7084, 59.463139 ], [ 39.682496, 59.469321 ], [ 39.656592, 59.484333 ], [ 39.631277, 59.50229 ], [ 39.364288, 59.652415 ], [ 39.336618, 59.659775 ], [ 39.310125, 59.678614 ], [ 39.275096, 59.690683 ], [ 39.211219, 59.744846 ], [ 39.121732, 59.779286 ], [ 39.098183, 59.796065 ], [ 39.095828, 59.800481 ], [ 39.096123, 59.808723 ], [ 39.088175, 59.833744 ], [ 39.081993, 59.844635 ], [ 39.07434, 59.854349 ], [ 39.064626, 59.862591 ], [ 39.05344, 59.868479 ], [ 39.071396, 59.867301 ], [ 39.104659, 59.852877 ], [ 39.122321, 59.847873 ], [ 39.109663, 59.860825 ], [ 39.114373, 59.867301 ], [ 39.129092, 59.865535 ], [ 39.14587, 59.852583 ], [ 39.169125, 59.839631 ] ] ] } },
{ "type": "Feature", "properties": { "name": "Lake Kariba" }, "geometry": { "type": "Polygon", "coordinates": [ [ [ 28.974707, -16.597902 ], [ 28.991485, -16.604084 ], [ 29.000611, -16.614681 ], [ 28.988542, -16.615269 ], [ 28.956456, -16.623806 ], [ 28.946153, -16.62881 ], [ 28.935851, -16.637052 ], [ 28.929669, -16.645295 ], [ 28.933496, -16.650299 ], [ 28.952335, -16.649416 ], [ 28.940266, -16.661485 ], [ 28.930552, -16.675025 ], [ 28.924665, -16.691215 ], [ 28.924959, -16.712115 ], [ 28.89199, -16.667961 ], [ 28.88051, -16.662368 ], [ 28.864909, -16.668844 ], [ 28.849307, -16.683267 ], [ 28.844009, -16.697397 ], [ 28.860199, -16.704167 ], [ 28.86903, -16.720652 ], [ 28.864026, -16.753621 ], [ 28.842537, -16.77717 ], [ 28.802209, -16.765984 ], [ 28.806036, -16.78394 ], [ 28.799854, -16.794243 ], [ 28.789257, -16.802485 ], [ 28.781015, -16.813965 ], [ 28.763059, -16.810138 ], [ 28.738038, -16.811316 ], [ 28.715961, -16.807784 ], [ 28.706541, -16.789827 ], [ 28.703303, -16.778641 ], [ 28.695944, -16.774226 ], [ 28.688585, -16.770694 ], [ 28.685347, -16.762451 ], [ 28.688879, -16.752737 ], [ 28.705952, -16.734192 ], [ 28.712723, -16.724478 ], [ 28.690351, -16.723595 ], [ 28.690645, -16.707994 ], [ 28.693294, -16.688566 ], [ 28.678576, -16.676791 ], [ 28.654438, -16.682679 ], [ 28.63766, -16.715942 ], [ 28.617349, -16.712115 ], [ 28.607635, -16.719769 ], [ 28.592033, -16.717414 ], [ 28.58173, -16.71918 ], [ 28.58909, -16.738314 ], [ 28.575549, -16.734487 ], [ 28.563774, -16.73537 ], [ 28.554355, -16.734487 ], [ 28.548762, -16.724478 ], [ 28.534632, -16.731249 ], [ 28.541403, -16.745673 ], [ 28.537281, -16.749205 ], [ 28.525801, -16.756564 ], [ 28.521091, -16.758625 ], [ 28.501075, -16.756564 ], [ 28.483707, -16.773343 ], [ 28.458981, -16.813965 ], [ 28.453093, -16.81632 ], [ 28.446912, -16.81426 ], [ 28.441908, -16.813965 ], [ 28.438964, -16.820736 ], [ 28.44073, -16.827506 ], [ 28.446029, -16.833982 ], [ 28.451916, -16.83928 ], [ 28.455743, -16.841341 ], [ 28.46369, -16.848406 ], [ 28.47311, -16.89521 ], [ 28.45692, -16.884613 ], [ 28.449855, -16.848994 ], [ 28.435432, -16.841341 ], [ 28.421596, -16.840164 ], [ 28.402168, -16.836631 ], [ 28.384507, -16.829272 ], [ 28.376853, -16.817203 ], [ 28.375676, -16.809844 ], [ 28.370671, -16.799541 ], [ 28.369494, -16.789827 ], [ 28.373615, -16.785117 ], [ 28.382152, -16.777758 ], [ 28.389511, -16.768927 ], [ 28.390688, -16.758625 ], [ 28.379502, -16.748616 ], [ 28.365078, -16.753032 ], [ 28.35301, -16.767456 ], [ 28.348888, -16.786589 ], [ 28.333876, -16.781879 ], [ 28.323573, -16.78865 ], [ 28.316803, -16.801896 ], [ 28.315037, -16.817203 ], [ 28.307383, -16.819558 ], [ 28.260874, -16.827506 ], [ 28.259696, -16.807489 ], [ 28.226727, -16.81161 ], [ 28.165205, -16.834276 ], [ 28.131942, -16.839869 ], [ 28.116635, -16.846051 ], [ 28.103978, -16.872249 ], [ 28.093969, -16.886967 ], [ 28.091909, -16.900214 ], [ 28.109865, -16.909339 ], [ 28.088376, -16.920525 ], [ 28.07513, -16.931711 ], [ 28.067476, -16.947312 ], [ 28.061589, -16.970861 ], [ 28.055996, -16.980281 ], [ 28.050109, -16.986757 ], [ 28.052464, -16.990289 ], [ 28.072481, -16.991467 ], [ 28.085727, -16.989112 ], [ 28.109276, -16.979398 ], [ 28.1237, -16.977632 ], [ 28.113103, -16.989701 ], [ 28.097796, -16.995293 ], [ 28.090142, -17.001769 ], [ 28.101328, -17.017665 ], [ 28.099562, -17.019431 ], [ 28.096618, -17.025024 ], [ 28.096324, -17.025613 ], [ 28.103389, -17.025613 ], [ 28.103389, -17.032972 ], [ 28.083078, -17.03621 ], [ 28.06571, -17.044452 ], [ 28.053053, -17.058876 ], [ 28.048048, -17.080953 ], [ 28.039806, -17.074772 ], [ 28.021556, -17.051517 ], [ 28.016257, -17.053872 ], [ 28.010075, -17.053578 ], [ 28.007132, -17.050045 ], [ 28.007426, -17.042097 ], [ 28.006837, -17.036799 ], [ 28.004188, -17.033855 ], [ 27.996829, -17.032972 ], [ 27.96386, -17.022375 ], [ 27.958267, -17.022375 ], [ 27.956501, -17.031206 ], [ 27.956207, -17.039742 ], [ 27.95915, -17.039154 ], [ 27.961211, -17.039154 ], [ 27.962977, -17.042686 ], [ 27.962977, -17.047985 ], [ 27.95915, -17.053578 ], [ 27.952969, -17.055049 ], [ 27.946198, -17.0524 ], [ 27.940017, -17.048573 ], [ 27.935012, -17.046513 ], [ 27.926182, -17.049456 ], [ 27.926182, -17.056227 ], [ 27.932069, -17.067118 ], [ 27.916173, -17.095672 ], [ 27.907637, -17.104797 ], [ 27.892035, -17.114805 ], [ 27.870547, -17.123931 ], [ 27.828453, -17.135411 ], [ 27.837284, -17.149835 ], [ 27.849353, -17.163375 ], [ 27.835223, -17.167791 ], [ 27.825803, -17.160137 ], [ 27.817856, -17.149246 ], [ 27.807847, -17.14277 ], [ 27.795484, -17.145419 ], [ 27.76016, -17.169557 ], [ 27.710118, -17.190163 ], [ 27.693928, -17.20076 ], [ 27.712179, -17.203703 ], [ 27.705703, -17.213417 ], [ 27.689513, -17.227841 ], [ 27.684214, -17.239027 ], [ 27.663314, -17.23049 ], [ 27.662431, -17.243737 ], [ 27.6745, -17.273173 ], [ 27.664197, -17.276411 ], [ 27.652129, -17.28377 ], [ 27.644475, -17.293779 ], [ 27.64683, -17.304081 ], [ 27.653012, -17.315856 ], [ 27.647713, -17.324098 ], [ 27.629757, -17.334695 ], [ 27.611801, -17.363249 ], [ 27.575594, -17.478051 ], [ 27.568824, -17.478051 ], [ 27.573828, -17.452735 ], [ 27.571767, -17.443021 ], [ 27.562053, -17.437134 ], [ 27.562936, -17.453324 ], [ 27.5544, -17.495418 ], [ 27.547041, -17.502777 ], [ 27.529084, -17.508076 ], [ 27.496704, -17.512197 ], [ 27.469034, -17.512197 ], [ 27.459614, -17.514846 ], [ 27.457554, -17.521028 ], [ 27.458731, -17.527798 ], [ 27.458731, -17.532802 ], [ 27.424879, -17.574308 ], [ 27.440775, -17.57313 ], [ 27.451078, -17.565182 ], [ 27.460203, -17.554585 ], [ 27.472566, -17.546343 ], [ 27.465502, -17.56165 ], [ 27.450784, -17.579018 ], [ 27.433416, -17.588732 ], [ 27.418109, -17.581078 ], [ 27.410456, -17.587848 ], [ 27.388967, -17.57313 ], [ 27.3507, -17.6008 ], [ 27.219413, -17.735914 ], [ 27.214115, -17.743567 ], [ 27.212054, -17.75593 ], [ 27.216175, -17.759168 ], [ 27.224712, -17.760935 ], [ 27.232071, -17.765939 ], [ 27.232365, -17.780363 ], [ 27.215292, -17.774181 ], [ 27.200868, -17.777419 ], [ 27.159069, -17.808033 ], [ 27.158186, -17.816569 ], [ 27.16525, -17.8254 ], [ 27.171138, -17.841002 ], [ 27.156714, -17.863668 ], [ 27.097547, -17.911355 ], [ 27.095192, -17.930488 ], [ 27.0843, -17.924601 ], [ 27.075469, -17.928133 ], [ 27.067816, -17.938436 ], [ 27.06134, -17.952271 ], [ 27.070465, -17.953154 ], [ 27.078413, -17.956687 ], [ 27.0843, -17.962868 ], [ 27.088421, -17.971405 ], [ 27.073409, -17.967284 ], [ 27.067816, -17.964635 ], [ 27.064578, -17.968167 ], [ 27.057513, -17.974643 ], [ 27.054275, -17.978175 ], [ 27.039851, -17.974054 ], [ 27.025722, -17.983768 ], [ 27.020718, -17.971405 ], [ 27.023367, -17.94815 ], [ 27.054569, -17.919008 ], [ 27.06134, -17.895753 ], [ 27.071937, -17.901052 ], [ 27.080179, -17.901935 ], [ 27.084006, -17.897814 ], [ 27.080768, -17.89016 ], [ 27.080768, -17.882801 ], [ 27.090482, -17.879858 ], [ 27.099901, -17.875737 ], [ 27.104906, -17.869555 ], [ 27.101962, -17.862196 ], [ 27.114325, -17.855131 ], [ 27.125217, -17.8463 ], [ 27.133459, -17.835114 ], [ 27.136108, -17.82069 ], [ 27.125511, -17.825989 ], [ 27.112853, -17.834526 ], [ 27.100196, -17.841002 ], [ 27.088421, -17.841002 ], [ 27.080768, -17.832759 ], [ 27.083123, -17.822162 ], [ 27.089599, -17.813037 ], [ 27.095192, -17.80715 ], [ 27.088421, -17.80715 ], [ 27.088421, -17.800674 ], [ 27.109027, -17.793903 ], [ 27.102256, -17.790077 ], [ 27.094014, -17.783012 ], [ 27.088421, -17.780363 ], [ 27.104317, -17.768294 ], [ 27.139641, -17.72826 ], [ 27.147883, -17.714719 ], [ 27.154948, -17.698235 ], [ 27.163484, -17.687344 ], [ 27.177614, -17.690876 ], [ 27.182912, -17.680573 ], [ 27.182029, -17.677335 ], [ 27.177614, -17.670565 ], [ 27.187916, -17.664972 ], [ 27.204106, -17.646427 ], [ 27.22795, -17.637302 ], [ 27.22795, -17.626116 ], [ 27.229716, -17.616402 ], [ 27.2462, -17.615224 ], [ 27.245023, -17.609043 ], [ 27.2462, -17.601389 ], [ 27.2462, -17.594619 ], [ 27.257681, -17.604333 ], [ 27.265334, -17.607865 ], [ 27.274165, -17.608454 ], [ 27.286234, -17.604333 ], [ 27.290355, -17.59874 ], [ 27.290944, -17.591381 ], [ 27.298009, -17.569598 ], [ 27.296242, -17.562828 ], [ 27.297125, -17.558118 ], [ 27.308017, -17.553113 ], [ 27.313315, -17.554585 ], [ 27.342163, -17.566949 ], [ 27.344224, -17.564594 ], [ 27.344224, -17.563122 ], [ 27.345107, -17.562533 ], [ 27.348934, -17.560473 ], [ 27.348934, -17.553113 ], [ 27.333627, -17.545166 ], [ 27.334804, -17.536923 ], [ 27.346579, -17.53398 ], [ 27.362769, -17.540161 ], [ 27.371011, -17.525738 ], [ 27.3716, -17.513669 ], [ 27.369833, -17.501011 ], [ 27.370422, -17.484821 ], [ 27.375721, -17.469514 ], [ 27.381314, -17.460978 ], [ 27.379547, -17.455973 ], [ 27.362769, -17.450675 ], [ 27.349522, -17.451558 ], [ 27.338336, -17.457151 ], [ 27.328917, -17.463038 ], [ 27.321852, -17.46451 ], [ 27.312432, -17.453913 ], [ 27.314493, -17.440078 ], [ 27.322735, -17.428303 ], [ 27.344812, -17.41594 ], [ 27.386612, -17.365309 ], [ 27.434299, -17.328808 ], [ 27.449312, -17.311441 ], [ 27.431061, -17.307319 ], [ 27.435771, -17.297311 ], [ 27.43842, -17.293779 ], [ 27.41752, -17.276706 ], [ 27.432239, -17.266697 ], [ 27.458731, -17.262576 ], [ 27.472566, -17.262282 ], [ 27.48228, -17.252273 ], [ 27.502003, -17.240499 ], [ 27.51731, -17.224897 ], [ 27.514072, -17.203703 ], [ 27.517604, -17.199288 ], [ 27.51937, -17.194872 ], [ 27.520253, -17.189279 ], [ 27.520253, -17.180449 ], [ 27.524375, -17.170734 ], [ 27.5335, -17.166908 ], [ 27.542625, -17.16573 ], [ 27.548218, -17.163375 ], [ 27.55175, -17.15425 ], [ 27.551162, -17.148068 ], [ 27.549395, -17.141887 ], [ 27.548218, -17.132467 ], [ 27.551162, -17.130112 ], [ 27.564702, -17.124225 ], [ 27.568824, -17.12187 ], [ 27.571473, -17.113922 ], [ 27.572062, -17.106563 ], [ 27.573239, -17.099498 ], [ 27.578832, -17.090962 ], [ 27.585014, -17.087135 ], [ 27.597671, -17.083603 ], [ 27.60297, -17.080953 ], [ 27.624458, -17.050634 ], [ 27.636527, -17.039154 ], [ 27.658899, -17.06182 ], [ 27.660076, -17.071828 ], [ 27.650068, -17.087724 ], [ 27.666552, -17.086252 ], [ 27.682448, -17.079482 ], [ 27.712179, -17.059465 ], [ 27.686569, -17.038565 ], [ 27.673323, -17.030617 ], [ 27.657427, -17.025613 ], [ 27.671851, -17.011189 ], [ 27.713651, -17.000886 ], [ 27.732784, -16.984991 ], [ 27.7372, -16.969978 ], [ 27.730135, -16.957909 ], [ 27.714239, -16.95055 ], [ 27.691573, -16.95055 ], [ 27.698344, -16.940247 ], [ 27.718949, -16.925824 ], [ 27.72572, -16.915815 ], [ 27.732784, -16.915815 ], [ 27.743087, -16.934949 ], [ 27.77164, -16.931416 ], [ 27.821977, -16.909339 ], [ 27.848469, -16.904629 ], [ 27.863482, -16.899625 ], [ 27.869958, -16.891972 ], [ 27.86201, -16.886967 ], [ 27.815206, -16.875193 ], [ 27.804315, -16.868717 ], [ 27.776939, -16.846051 ], [ 27.777233, -16.841341 ], [ 27.788125, -16.837514 ], [ 27.789891, -16.829272 ], [ 27.78783, -16.820147 ], [ 27.78783, -16.813965 ], [ 27.794012, -16.806312 ], [ 27.794306, -16.80484 ], [ 27.79519, -16.806312 ], [ 27.860244, -16.817203 ], [ 27.869958, -16.810433 ], [ 27.871724, -16.788944 ], [ 27.868192, -16.780996 ], [ 27.856123, -16.772165 ], [ 27.868486, -16.768633 ], [ 27.881438, -16.768339 ], [ 27.904104, -16.772165 ], [ 27.907637, -16.770399 ], [ 27.91323, -16.766867 ], [ 27.919706, -16.764218 ], [ 27.925004, -16.765984 ], [ 27.925593, -16.768927 ], [ 27.924415, -16.77717 ], [ 27.925004, -16.779819 ], [ 27.923532, -16.781879 ], [ 27.917645, -16.80013 ], [ 27.932952, -16.793654 ], [ 27.949142, -16.789827 ], [ 27.963271, -16.79071 ], [ 27.972985, -16.80013 ], [ 27.974163, -16.81632 ], [ 27.967981, -16.826623 ], [ 27.966215, -16.835748 ], [ 27.979756, -16.848111 ], [ 28.006543, -16.853704 ], [ 28.0401, -16.847228 ], [ 28.070714, -16.831038 ], [ 28.089554, -16.807195 ], [ 28.076602, -16.803074 ], [ 28.073658, -16.803957 ], [ 28.069243, -16.807195 ], [ 28.063944, -16.796303 ], [ 28.066888, -16.791888 ], [ 28.072775, -16.788944 ], [ 28.076013, -16.783351 ], [ 28.076013, -16.762451 ], [ 28.082195, -16.744495 ], [ 28.097207, -16.741257 ], [ 28.115458, -16.747439 ], [ 28.13047, -16.758625 ], [ 28.134297, -16.752737 ], [ 28.136358, -16.745967 ], [ 28.137535, -16.728011 ], [ 28.140184, -16.719474 ], [ 28.146955, -16.716531 ], [ 28.155786, -16.715059 ], [ 28.165205, -16.712115 ], [ 28.189343, -16.698869 ], [ 28.200823, -16.689155 ], [ 28.205239, -16.676791 ], [ 28.175802, -16.690921 ], [ 28.174625, -16.67738 ], [ 28.178746, -16.654714 ], [ 28.165205, -16.642057 ], [ 28.165205, -16.635875 ], [ 28.185811, -16.630576 ], [ 28.199057, -16.636169 ], [ 28.219368, -16.662368 ], [ 28.22555, -16.649416 ], [ 28.244389, -16.657069 ], [ 28.248216, -16.645295 ], [ 28.245861, -16.625278 ], [ 28.24645, -16.60791 ], [ 28.265289, -16.617919 ], [ 28.278241, -16.614386 ], [ 28.293254, -16.60585 ], [ 28.318275, -16.60114 ], [ 28.328872, -16.594075 ], [ 28.32269, -16.579063 ], [ 28.305028, -16.564639 ], [ 28.28089, -16.560223 ], [ 28.28089, -16.553159 ], [ 28.291487, -16.553453 ], [ 28.29502, -16.553159 ], [ 28.29502, -16.546388 ], [ 28.288249, -16.545505 ], [ 28.273826, -16.539618 ], [ 28.293548, -16.536085 ], [ 28.31121, -16.537557 ], [ 28.324162, -16.546094 ], [ 28.329166, -16.563461 ], [ 28.333582, -16.565522 ], [ 28.355364, -16.555808 ], [ 28.363312, -16.553159 ], [ 28.371849, -16.555513 ], [ 28.375381, -16.560518 ], [ 28.373321, -16.566699 ], [ 28.363312, -16.572881 ], [ 28.372438, -16.582889 ], [ 28.391866, -16.59172 ], [ 28.397459, -16.60114 ], [ 28.407467, -16.591426 ], [ 28.433665, -16.557574 ], [ 28.438964, -16.542856 ], [ 28.446912, -16.539618 ], [ 28.46369, -16.53844 ], [ 28.480175, -16.53167 ], [ 28.486945, -16.512242 ], [ 28.505196, -16.520484 ], [ 28.509906, -16.536674 ], [ 28.509023, -16.552864 ], [ 28.510789, -16.560223 ], [ 28.523741, -16.555808 ], [ 28.535515, -16.547566 ], [ 28.547879, -16.542267 ], [ 28.562597, -16.546388 ], [ 28.567307, -16.541678 ], [ 28.571133, -16.536969 ], [ 28.573783, -16.53167 ], [ 28.575549, -16.525783 ], [ 28.564069, -16.526666 ], [ 28.553177, -16.526077 ], [ 28.543463, -16.523428 ], [ 28.534632, -16.517835 ], [ 28.546701, -16.513419 ], [ 28.620881, -16.501056 ], [ 28.646491, -16.482217 ], [ 28.661503, -16.478096 ], [ 28.680342, -16.481334 ], [ 28.684464, -16.490459 ], [ 28.683286, -16.503117 ], [ 28.685347, -16.517835 ], [ 28.698299, -16.532553 ], [ 28.713017, -16.532847 ], [ 28.728029, -16.530787 ], [ 28.740098, -16.539618 ], [ 28.75776, -16.532259 ], [ 28.780721, -16.530198 ], [ 28.847247, -16.534614 ], [ 28.860493, -16.540795 ], [ 28.872857, -16.549626 ], [ 28.890813, -16.560223 ], [ 28.886986, -16.561989 ], [ 28.886103, -16.562578 ], [ 28.886103, -16.563756 ], [ 28.884042, -16.566994 ], [ 28.871385, -16.561106 ], [ 28.858138, -16.559635 ], [ 28.845775, -16.561695 ], [ 28.836355, -16.566994 ], [ 28.864026, -16.579946 ], [ 28.879038, -16.582889 ], [ 28.897583, -16.580534 ], [ 28.912596, -16.574941 ], [ 28.952335, -16.553159 ], [ 28.959694, -16.560223 ], [ 28.947919, -16.576708 ], [ 28.938794, -16.594075 ], [ 28.955279, -16.594958 ], [ 28.974707, -16.597902 ] ] ] } },
{ "type": "Feature", "properties": { "name": "Lake Nasser" }, "geometry": { "type": "Polygon", "coordinates": [ [ [ 32.227725, 22.651433 ], [ 32.241854, 22.672039 ], [ 32.24833, 22.678515 ], [ 32.217716, 22.686168 ], [ 32.21124, 22.692939 ], [ 32.221543, 22.705891 ], [ 32.205353, 22.707951 ], [ 32.193284, 22.716193 ], [ 32.181509, 22.725907 ], [ 32.166202, 22.733267 ], [ 32.148835, 22.734444 ], [ 32.132645, 22.730029 ], [ 32.099382, 22.710012 ], [ 32.094378, 22.707657 ], [ 32.089373, 22.706479 ], [ 32.084075, 22.705891 ], [ 32.07701, 22.704419 ], [ 32.077599, 22.700887 ], [ 32.079659, 22.696177 ], [ 32.077599, 22.69235 ], [ 32.069651, 22.690289 ], [ 32.062292, 22.690584 ], [ 32.055816, 22.689701 ], [ 32.050223, 22.684697 ], [ 32.044336, 22.670861 ], [ 32.047279, 22.663797 ], [ 32.053167, 22.65526 ], [ 32.056993, 22.637598 ], [ 32.036682, 22.647312 ], [ 32.020492, 22.651728 ], [ 32.004302, 22.64849 ], [ 31.985169, 22.63436 ], [ 31.969567, 22.614638 ], [ 31.968978, 22.59992 ], [ 31.975749, 22.584318 ], [ 31.981342, 22.561947 ], [ 31.9522, 22.579609 ], [ 31.943958, 22.578431 ], [ 31.940131, 22.561947 ], [ 31.94278, 22.56489 ], [ 31.954555, 22.528389 ], [ 31.974571, 22.493654 ], [ 31.951317, 22.497187 ], [ 31.941308, 22.489533 ], [ 31.934832, 22.478642 ], [ 31.923058, 22.473343 ], [ 31.90363, 22.466573 ], [ 31.894799, 22.450677 ], [ 31.892444, 22.430366 ], [ 31.892444, 22.411232 ], [ 31.833571, 22.420358 ], [ 31.811788, 22.418297 ], [ 31.824151, 22.404167 ], [ 31.816792, 22.396808 ], [ 31.830039, 22.390627 ], [ 31.84093, 22.378558 ], [ 31.845051, 22.364134 ], [ 31.837986, 22.34971 ], [ 31.822385, 22.341468 ], [ 31.812671, 22.347944 ], [ 31.805312, 22.360602 ], [ 31.796481, 22.370316 ], [ 31.768811, 22.376203 ], [ 31.741435, 22.371199 ], [ 31.686389, 22.342351 ], [ 31.69728, 22.326161 ], [ 31.693159, 22.318213 ], [ 31.680502, 22.320862 ], [ 31.666078, 22.335875 ], [ 31.665489, 22.328222 ], [ 31.659307, 22.308794 ], [ 31.646061, 22.322334 ], [ 31.643412, 22.311737 ], [ 31.637819, 22.303789 ], [ 31.629282, 22.298196 ], [ 31.618096, 22.294958 ], [ 31.648416, 22.272881 ], [ 31.652243, 22.266994 ], [ 31.654892, 22.254631 ], [ 31.661662, 22.247271 ], [ 31.672259, 22.244917 ], [ 31.686389, 22.246683 ], [ 31.667844, 22.240207 ], [ 31.64871, 22.243445 ], [ 31.629577, 22.249921 ], [ 31.611326, 22.253453 ], [ 31.596314, 22.248743 ], [ 31.542445, 22.212536 ], [ 31.545094, 22.205766 ], [ 31.5448, 22.202528 ], [ 31.543328, 22.19929 ], [ 31.542445, 22.191931 ], [ 31.531553, 22.196935 ], [ 31.517718, 22.189576 ], [ 31.440006, 22.126582 ], [ 31.392614, 22.052991 ], [ 31.385549, 22.035035 ], [ 31.382605, 22.008248 ], [ 31.387315, 21.95644 ], [ 31.385549, 21.932007 ], [ 31.37819, 21.911696 ], [ 31.344338, 21.856356 ], [ 31.333152, 21.846053 ], [ 31.330797, 21.843109 ], [ 31.32962, 21.837811 ], [ 31.329914, 21.82427 ], [ 31.330797, 21.82221 ], [ 31.303421, 21.794834 ], [ 31.297828, 21.784825 ], [ 31.297534, 21.778644 ], [ 31.295179, 21.773345 ], [ 31.28311, 21.766869 ], [ 31.280166, 21.768635 ], [ 31.271924, 21.778644 ], [ 31.268686, 21.781293 ], [ 31.263093, 21.778938 ], [ 31.258383, 21.774228 ], [ 31.25544, 21.769224 ], [ 31.255145, 21.766869 ], [ 31.24396, 21.767458 ], [ 31.236601, 21.769518 ], [ 31.230125, 21.768635 ], [ 31.220999, 21.760099 ], [ 31.215406, 21.751562 ], [ 31.213051, 21.74332 ], [ 31.214818, 21.734783 ], [ 31.220999, 21.725953 ], [ 31.200982, 21.705641 ], [ 31.181849, 21.656188 ], [ 31.158888, 21.643825 ], [ 31.138283, 21.640881 ], [ 31.121504, 21.6347 ], [ 31.106492, 21.624397 ], [ 31.090596, 21.60909 ], [ 31.097366, 21.626457 ], [ 31.107375, 21.644414 ], [ 31.12121, 21.658543 ], [ 31.138283, 21.66443 ], [ 31.158594, 21.665902 ], [ 31.166836, 21.671201 ], [ 31.180966, 21.718005 ], [ 31.178905, 21.734783 ], [ 31.174784, 21.750679 ], [ 31.173312, 21.766869 ], [ 31.178316, 21.78247 ], [ 31.186264, 21.796011 ], [ 31.191563, 21.808669 ], [ 31.186853, 21.82221 ], [ 31.201571, 21.816911 ], [ 31.211285, 21.8175 ], [ 31.219233, 21.821915 ], [ 31.22777, 21.82898 ], [ 31.232479, 21.83575 ], [ 31.23454, 21.852823 ], [ 31.238072, 21.859299 ], [ 31.243077, 21.862538 ], [ 31.255734, 21.866953 ], [ 31.261916, 21.869897 ], [ 31.281344, 21.885498 ], [ 31.336979, 21.960855 ], [ 31.344043, 21.987642 ], [ 31.344338, 22.047693 ], [ 31.366121, 22.109215 ], [ 31.365532, 22.121578 ], [ 31.362, 22.133941 ], [ 31.358173, 22.143655 ], [ 31.381133, 22.146305 ], [ 31.400856, 22.160434 ], [ 31.41734, 22.181923 ], [ 31.430292, 22.205766 ], [ 31.444422, 22.221073 ], [ 31.515069, 22.260223 ], [ 31.659307, 22.383856 ], [ 31.646061, 22.390627 ], [ 31.658424, 22.396514 ], [ 31.686683, 22.399752 ], [ 31.693748, 22.404167 ], [ 31.672848, 22.459508 ], [ 31.689038, 22.463629 ], [ 31.705228, 22.456859 ], [ 31.72083, 22.447733 ], [ 31.729955, 22.447733 ], [ 31.73702, 22.456859 ], [ 31.748205, 22.466573 ], [ 31.755859, 22.469516 ], [ 31.756448, 22.475404 ], [ 31.75527, 22.481585 ], [ 31.752915, 22.487473 ], [ 31.7485, 22.493654 ], [ 31.789416, 22.475109 ], [ 31.811199, 22.472754 ], [ 31.816792, 22.493654 ], [ 31.804429, 22.502779 ], [ 31.738197, 22.531627 ], [ 31.669316, 22.592266 ], [ 31.656069, 22.614049 ], [ 31.660191, 22.626412 ], [ 31.667844, 22.636715 ], [ 31.666078, 22.651433 ], [ 31.674614, 22.642602 ], [ 31.681385, 22.631122 ], [ 31.69051, 22.620819 ], [ 31.703756, 22.616698 ], [ 31.71612, 22.614343 ], [ 31.731132, 22.609339 ], [ 31.745262, 22.602569 ], [ 31.75527, 22.596093 ], [ 31.773226, 22.571366 ], [ 31.78294, 22.563124 ], [ 31.796775, 22.565773 ], [ 31.810316, 22.571955 ], [ 31.824151, 22.574899 ], [ 31.83622, 22.571955 ], [ 31.844757, 22.561947 ], [ 31.856237, 22.570189 ], [ 31.856237, 22.577254 ], [ 31.848584, 22.582258 ], [ 31.837986, 22.583141 ], [ 31.83887, 22.600508 ], [ 31.847406, 22.613166 ], [ 31.861536, 22.620819 ], [ 31.878903, 22.623469 ], [ 31.8895, 22.628767 ], [ 31.878609, 22.652022 ], [ 31.892444, 22.657615 ], [ 31.933066, 22.662619 ], [ 31.957498, 22.677043 ], [ 32.002536, 22.726496 ], [ 31.994883, 22.733267 ], [ 32.016371, 22.736799 ], [ 32.042864, 22.734444 ], [ 32.062292, 22.740331 ], [ 32.063764, 22.767413 ], [ 32.076716, 22.759171 ], [ 32.090551, 22.754166 ], [ 32.104092, 22.755933 ], [ 32.115277, 22.768002 ], [ 32.128229, 22.77801 ], [ 32.144125, 22.779776 ], [ 32.158255, 22.785663 ], [ 32.166202, 22.808329 ], [ 32.168852, 22.79891 ], [ 32.170324, 22.790373 ], [ 32.169146, 22.782131 ], [ 32.166202, 22.774772 ], [ 32.204764, 22.767413 ], [ 32.225664, 22.769473 ], [ 32.241854, 22.781542 ], [ 32.250979, 22.769179 ], [ 32.258044, 22.742392 ], [ 32.265992, 22.729734 ], [ 32.271585, 22.725319 ], [ 32.284537, 22.718254 ], [ 32.289835, 22.712661 ], [ 32.28542, 22.703536 ], [ 32.283654, 22.695882 ], [ 32.286303, 22.688523 ], [ 32.293368, 22.683519 ], [ 32.307497, 22.676749 ], [ 32.310441, 22.671744 ], [ 32.309263, 22.648784 ], [ 32.310441, 22.64378 ], [ 32.321332, 22.635243 ], [ 32.335756, 22.62965 ], [ 32.351063, 22.627884 ], [ 32.365487, 22.630828 ], [ 32.386681, 22.646724 ], [ 32.399339, 22.669684 ], [ 32.409642, 22.694411 ], [ 32.423477, 22.716488 ], [ 32.446437, 22.731795 ], [ 32.504132, 22.758582 ], [ 32.516201, 22.774772 ], [ 32.545932, 22.765941 ], [ 32.559767, 22.785663 ], [ 32.563888, 22.81716 ], [ 32.564183, 22.843064 ], [ 32.571836, 22.885747 ], [ 32.571542, 22.897816 ], [ 32.567421, 22.903115 ], [ 32.559473, 22.909885 ], [ 32.552703, 22.91901 ], [ 32.550642, 22.931962 ], [ 32.568009, 22.922543 ], [ 32.583611, 22.919305 ], [ 32.599212, 22.923426 ], [ 32.615696, 22.9352 ], [ 32.627765, 22.950507 ], [ 32.636302, 22.969347 ], [ 32.636891, 22.985537 ], [ 32.62541, 22.994073 ], [ 32.63012, 23.00261 ], [ 32.635713, 23.010558 ], [ 32.649254, 23.024687 ], [ 32.65102, 23.031163 ], [ 32.642484, 23.047059 ], [ 32.642484, 23.055595 ], [ 32.672214, 23.064721 ], [ 32.680457, 23.070902 ], [ 32.659557, 23.075906 ], [ 32.659557, 23.083266 ], [ 32.68134, 23.08562 ], [ 32.693703, 23.101516 ], [ 32.696058, 23.123593 ], [ 32.686933, 23.144788 ], [ 32.695764, 23.154502 ], [ 32.698118, 23.166276 ], [ 32.698413, 23.179228 ], [ 32.700768, 23.192475 ], [ 32.719607, 23.193946 ], [ 32.724906, 23.196007 ], [ 32.72726, 23.201894 ], [ 32.72049, 23.21308 ], [ 32.721079, 23.21985 ], [ 32.76906, 23.278135 ], [ 32.779952, 23.279606 ], [ 32.789371, 23.260767 ], [ 32.800852, 23.283139 ], [ 32.810271, 23.290204 ], [ 32.819691, 23.282256 ], [ 32.831171, 23.260767 ], [ 32.842651, 23.276074 ], [ 32.837058, 23.286671 ], [ 32.826756, 23.29668 ], [ 32.824989, 23.309337 ], [ 32.832937, 23.318757 ], [ 32.854131, 23.3217 ], [ 32.865317, 23.329648 ], [ 32.873559, 23.319051 ], [ 32.883862, 23.293442 ], [ 32.892987, 23.288732 ], [ 32.905351, 23.294325 ], [ 32.909472, 23.306394 ], [ 32.908589, 23.319934 ], [ 32.906823, 23.329648 ], [ 32.894165, 23.349665 ], [ 32.870321, 23.370271 ], [ 32.844417, 23.3844 ], [ 32.824989, 23.384989 ], [ 32.828816, 23.39853 ], [ 32.839119, 23.41207 ], [ 32.862079, 23.435619 ], [ 32.870027, 23.4471 ], [ 32.880035, 23.466528 ], [ 32.885628, 23.486544 ], [ 32.879447, 23.50038 ], [ 32.865612, 23.500085 ], [ 32.83382, 23.478597 ], [ 32.821163, 23.473004 ], [ 32.807328, 23.479185 ], [ 32.797319, 23.493903 ], [ 32.788783, 23.510977 ], [ 32.779657, 23.524812 ], [ 32.776419, 23.522457 ], [ 32.761995, 23.5254 ], [ 32.748749, 23.530699 ], [ 32.749043, 23.535114 ], [ 32.740801, 23.531582 ], [ 32.721079, 23.514215 ], [ 32.717546, 23.506856 ], [ 32.716663, 23.498025 ], [ 32.714897, 23.490077 ], [ 32.707832, 23.486839 ], [ 32.699885, 23.485073 ], [ 32.691642, 23.480951 ], [ 32.677219, 23.47006 ], [ 32.645133, 23.458285 ], [ 32.61393, 23.469177 ], [ 32.557412, 23.508033 ], [ 32.578312, 23.518041 ], [ 32.623644, 23.524812 ], [ 32.646016, 23.531582 ], [ 32.652492, 23.535998 ], [ 32.660734, 23.545123 ], [ 32.666621, 23.54895 ], [ 32.670743, 23.548361 ], [ 32.68134, 23.542474 ], [ 32.686933, 23.542179 ], [ 32.73462, 23.560724 ], [ 32.739329, 23.561607 ], [ 32.736091, 23.563668 ], [ 32.724906, 23.573087 ], [ 32.716075, 23.576031 ], [ 32.703417, 23.576914 ], [ 32.691937, 23.579269 ], [ 32.686933, 23.586628 ], [ 32.679573, 23.601052 ], [ 32.664855, 23.600758 ], [ 32.654258, 23.587217 ], [ 32.659557, 23.56249 ], [ 32.636891, 23.563962 ], [ 32.620995, 23.576031 ], [ 32.612458, 23.595165 ], [ 32.61187, 23.617831 ], [ 32.636891, 23.611649 ], [ 32.653669, 23.629311 ], [ 32.664855, 23.653154 ], [ 32.673686, 23.664929 ], [ 32.682812, 23.668461 ], [ 32.692231, 23.674937 ], [ 32.701356, 23.679059 ], [ 32.71107, 23.675821 ], [ 32.726377, 23.645501 ], [ 32.728438, 23.638142 ], [ 32.729615, 23.625779 ], [ 32.733148, 23.617536 ], [ 32.739329, 23.61106 ], [ 32.749043, 23.603407 ], [ 32.756108, 23.599286 ], [ 32.767294, 23.595753 ], [ 32.776419, 23.590455 ], [ 32.784073, 23.582213 ], [ 32.790549, 23.572499 ], [ 32.798497, 23.564551 ], [ 32.810566, 23.56249 ], [ 32.820574, 23.566611 ], [ 32.822634, 23.574265 ], [ 32.818513, 23.582801 ], [ 32.810566, 23.590455 ], [ 32.828227, 23.598697 ], [ 32.836175, 23.60429 ], [ 32.841179, 23.610472 ], [ 32.844417, 23.621363 ], [ 32.844712, 23.6299 ], [ 32.844123, 23.637848 ], [ 32.844712, 23.644912 ], [ 32.864434, 23.691422 ], [ 32.865317, 23.706434 ], [ 32.852365, 23.696426 ], [ 32.841474, 23.699958 ], [ 32.817336, 23.72027 ], [ 32.852954, 23.716148 ], [ 32.871499, 23.737931 ], [ 32.878269, 23.772961 ], [ 32.879447, 23.808873 ], [ 32.877092, 23.825652 ], [ 32.870027, 23.842136 ], [ 32.859136, 23.856854 ], [ 32.837058, 23.873633 ], [ 32.831171, 23.885997 ], [ 32.824989, 23.891589 ], [ 32.815275, 23.893944 ], [ 32.794081, 23.894827 ], [ 32.78319, 23.89836 ], [ 32.804973, 23.906013 ], [ 32.820574, 23.900126 ], [ 32.834703, 23.896594 ], [ 32.851482, 23.911901 ], [ 32.85943, 23.929268 ], [ 32.870027, 23.969007 ], [ 32.879447, 23.987846 ], [ 32.889455, 23.966947 ], [ 32.888278, 23.951345 ], [ 32.882685, 23.936627 ], [ 32.879447, 23.918671 ], [ 32.882096, 23.910134 ], [ 32.895048, 23.898654 ], [ 32.899169, 23.891589 ], [ 32.89858, 23.883347 ], [ 32.894459, 23.87952 ], [ 32.891221, 23.874811 ], [ 32.892987, 23.864214 ], [ 32.903585, 23.848024 ], [ 32.929489, 23.821236 ], [ 32.94038, 23.778259 ], [ 32.954804, 23.769428 ], [ 32.972466, 23.765013 ], [ 32.989245, 23.754416 ], [ 32.970405, 23.752944 ], [ 32.973055, 23.740286 ], [ 32.987478, 23.724391 ], [ 33.002785, 23.713205 ], [ 32.996015, 23.709672 ], [ 32.990128, 23.704668 ], [ 32.985418, 23.698781 ], [ 32.982474, 23.692894 ], [ 32.984535, 23.691422 ], [ 32.988656, 23.689067 ], [ 32.993366, 23.686123 ], [ 32.995426, 23.682591 ], [ 32.993366, 23.678175 ], [ 32.989245, 23.676409 ], [ 32.984829, 23.675232 ], [ 32.982474, 23.672288 ], [ 32.975115, 23.637259 ], [ 32.975115, 23.624012 ], [ 32.968639, 23.624012 ], [ 32.960103, 23.637848 ], [ 32.933021, 23.646384 ], [ 32.927134, 23.658747 ], [ 32.919186, 23.644912 ], [ 32.910061, 23.633726 ], [ 32.902407, 23.622246 ], [ 32.896225, 23.590455 ], [ 32.899169, 23.585156 ], [ 32.910061, 23.582801 ], [ 32.91742, 23.579563 ], [ 32.92419, 23.57191 ], [ 32.934787, 23.555131 ], [ 32.95451, 23.569261 ], [ 32.952155, 23.562785 ], [ 32.949505, 23.548655 ], [ 32.947739, 23.542179 ], [ 32.952449, 23.543945 ], [ 32.963635, 23.546595 ], [ 32.968639, 23.54895 ], [ 32.973055, 23.529816 ], [ 32.991011, 23.517747 ], [ 33.012794, 23.514509 ], [ 33.030161, 23.521574 ], [ 33.037226, 23.514215 ], [ 33.016326, 23.503029 ], [ 32.99366, 23.499496 ], [ 32.970405, 23.501557 ], [ 32.947739, 23.508033 ], [ 32.910061, 23.523634 ], [ 32.895342, 23.522162 ], [ 32.899169, 23.50038 ], [ 32.90594, 23.492726 ], [ 32.914476, 23.489488 ], [ 32.923013, 23.487427 ], [ 32.93096, 23.483601 ], [ 32.935082, 23.476242 ], [ 32.929783, 23.471826 ], [ 32.922424, 23.467116 ], [ 32.920363, 23.459463 ], [ 32.932727, 23.443567 ], [ 32.949211, 23.432381 ], [ 32.958336, 23.424728 ], [ 32.947739, 23.418546 ], [ 32.954215, 23.397941 ], [ 32.966284, 23.389993 ], [ 32.974526, 23.394408 ], [ 32.968639, 23.411776 ], [ 32.984535, 23.411482 ], [ 32.992483, 23.403239 ], [ 33.002785, 23.37763 ], [ 32.984535, 23.370859 ], [ 32.972466, 23.362911 ], [ 32.970405, 23.351726 ], [ 32.982474, 23.33583 ], [ 32.991894, 23.326999 ], [ 32.994543, 23.325822 ], [ 32.997781, 23.328176 ], [ 33.00985, 23.329648 ], [ 33.018387, 23.326116 ], [ 33.017209, 23.318168 ], [ 33.009261, 23.301978 ], [ 33.006023, 23.292264 ], [ 33.001608, 23.283728 ], [ 32.998075, 23.27578 ], [ 32.999253, 23.268126 ], [ 33.004257, 23.261945 ], [ 33.010439, 23.256646 ], [ 33.015737, 23.249876 ], [ 33.01662, 23.240456 ], [ 33.008084, 23.223383 ], [ 32.992483, 23.221911 ], [ 32.95451, 23.23398 ], [ 32.957159, 23.239279 ], [ 32.959514, 23.25017 ], [ 32.96128, 23.254585 ], [ 32.950388, 23.253702 ], [ 32.939497, 23.254291 ], [ 32.929489, 23.256352 ], [ 32.920363, 23.260767 ], [ 32.915948, 23.255174 ], [ 32.911827, 23.248109 ], [ 32.908589, 23.24075 ], [ 32.906823, 23.23398 ], [ 32.920363, 23.228681 ], [ 32.928017, 23.216024 ], [ 32.933904, 23.200128 ], [ 32.940969, 23.185116 ], [ 32.963929, 23.159211 ], [ 32.970405, 23.144493 ], [ 32.957748, 23.138017 ], [ 32.925956, 23.146554 ], [ 32.892399, 23.161566 ], [ 32.862962, 23.168337 ], [ 32.844712, 23.150969 ], [ 32.844712, 23.137134 ], [ 32.850305, 23.122416 ], [ 32.865317, 23.097101 ], [ 32.867378, 23.089153 ], [ 32.866789, 23.082382 ], [ 32.867378, 23.076201 ], [ 32.872676, 23.069136 ], [ 32.880624, 23.065898 ], [ 32.900641, 23.065015 ], [ 32.935965, 23.04176 ], [ 32.946856, 23.029986 ], [ 32.944207, 23.017917 ], [ 32.928017, 23.007908 ], [ 32.922718, 23.002021 ], [ 32.923896, 22.993484 ], [ 32.928017, 22.985242 ], [ 32.931844, 22.980532 ], [ 32.937731, 22.980827 ], [ 32.947739, 22.98642 ], [ 32.957159, 22.971407 ], [ 32.973349, 22.965814 ], [ 32.992483, 22.963459 ], [ 33.009261, 22.959044 ], [ 33.064307, 22.918127 ], [ 33.039581, 22.914595 ], [ 33.000725, 22.920482 ], [ 32.962752, 22.931962 ], [ 32.940969, 22.945503 ], [ 32.936848, 22.932257 ], [ 32.937142, 22.926664 ], [ 32.940969, 22.918127 ], [ 32.928017, 22.924898 ], [ 32.885628, 22.965226 ], [ 32.809682, 23.011735 ], [ 32.803795, 23.017917 ], [ 32.799674, 23.024687 ], [ 32.791137, 23.026453 ], [ 32.781718, 23.026453 ], [ 32.776419, 23.027925 ], [ 32.774653, 23.036462 ], [ 32.776419, 23.069136 ], [ 32.739918, 23.056184 ], [ 32.728438, 23.048531 ], [ 32.740507, 23.043232 ], [ 32.746983, 23.035284 ], [ 32.747866, 23.02557 ], [ 32.741684, 23.014384 ], [ 32.755519, 23.014384 ], [ 32.750221, 23.00467 ], [ 32.744039, 23.000255 ], [ 32.736975, 23.001138 ], [ 32.728438, 23.007614 ], [ 32.731087, 22.989069 ], [ 32.728732, 22.97023 ], [ 32.714897, 22.931962 ], [ 32.7043, 22.950802 ], [ 32.692526, 22.955512 ], [ 32.686638, 22.946386 ], [ 32.693703, 22.924898 ], [ 32.6834, 22.925486 ], [ 32.665738, 22.930491 ], [ 32.656319, 22.931962 ], [ 32.649548, 22.929902 ], [ 32.633653, 22.921071 ], [ 32.62541, 22.918127 ], [ 32.632475, 22.909885 ], [ 32.634241, 22.903998 ], [ 32.632475, 22.890163 ], [ 32.615991, 22.910179 ], [ 32.61187, 22.918127 ], [ 32.603039, 22.906647 ], [ 32.598329, 22.893106 ], [ 32.597446, 22.878388 ], [ 32.598329, 22.86367 ], [ 32.608632, 22.867791 ], [ 32.615108, 22.865142 ], [ 32.618346, 22.857488 ], [ 32.619523, 22.846302 ], [ 32.610104, 22.841298 ], [ 32.602744, 22.836294 ], [ 32.598329, 22.830112 ], [ 32.598329, 22.795083 ], [ 32.596268, 22.781837 ], [ 32.587143, 22.771534 ], [ 32.585083, 22.760642 ], [ 32.565949, 22.74092 ], [ 32.488531, 22.715605 ], [ 32.481761, 22.698532 ], [ 32.46351, 22.696177 ], [ 32.449675, 22.688523 ], [ 32.423477, 22.661147 ], [ 32.417295, 22.647312 ], [ 32.407581, 22.610517 ], [ 32.399339, 22.602863 ], [ 32.34341, 22.605513 ], [ 32.331341, 22.602863 ], [ 32.326042, 22.590794 ], [ 32.321627, 22.549878 ], [ 32.3178, 22.534571 ], [ 32.336934, 22.528684 ], [ 32.344293, 22.528389 ], [ 32.326631, 22.519853 ], [ 32.314562, 22.525446 ], [ 32.302787, 22.535748 ], [ 32.286303, 22.541341 ], [ 32.278355, 22.537809 ], [ 32.26452, 22.522502 ], [ 32.255689, 22.52103 ], [ 32.250391, 22.526623 ], [ 32.24627, 22.536926 ], [ 32.241854, 22.555176 ], [ 32.269524, 22.55812 ], [ 32.293368, 22.570778 ], [ 32.310441, 22.591089 ], [ 32.3178, 22.616698 ], [ 32.307792, 22.612577 ], [ 32.297489, 22.610222 ], [ 32.286892, 22.609634 ], [ 32.276, 22.610222 ], [ 32.277766, 22.614932 ], [ 32.280416, 22.625824 ], [ 32.283065, 22.630828 ], [ 32.265992, 22.63436 ], [ 32.242443, 22.6532 ], [ 32.227725, 22.651433 ] ] ] } },
{ "type": "Feature", "properties": { "name": "Toktogul Suu Saktagychy" }, "geometry": { "type": "Polygon", "coordinates": [ [ [ 73.292992, 41.780686 ], [ 73.304472, 41.773621 ], [ 73.310948, 41.772444 ], [ 73.31036, 41.770089 ], [ 73.300351, 41.759786 ], [ 73.290343, 41.755665 ], [ 73.249132, 41.75596 ], [ 73.174363, 41.735354 ], [ 73.156407, 41.739475 ], [ 73.114902, 41.75596 ], [ 73.105482, 41.757726 ], [ 73.093119, 41.761552 ], [ 73.043666, 41.783924 ], [ 73.033657, 41.783041 ], [ 72.966542, 41.762141 ], [ 72.91915, 41.736237 ], [ 72.900016, 41.730056 ], [ 72.879116, 41.729467 ], [ 72.863515, 41.734471 ], [ 72.834667, 41.750367 ], [ 72.817005, 41.75596 ], [ 72.776972, 41.755076 ], [ 72.750185, 41.739181 ], [ 72.707796, 41.694732 ], [ 72.675711, 41.674126 ], [ 72.645391, 41.665001 ], [ 72.616838, 41.672655 ], [ 72.590639, 41.701502 ], [ 72.603297, 41.706506 ], [ 72.613011, 41.701208 ], [ 72.621842, 41.692377 ], [ 72.631556, 41.687961 ], [ 72.642447, 41.689433 ], [ 72.673061, 41.701502 ], [ 72.670706, 41.718575 ], [ 72.71074, 41.742124 ], [ 72.721337, 41.759786 ], [ 72.724869, 41.771267 ], [ 72.732228, 41.776565 ], [ 72.739588, 41.779509 ], [ 72.741942, 41.784219 ], [ 72.736644, 41.791283 ], [ 72.725458, 41.800409 ], [ 72.713095, 41.808062 ], [ 72.703969, 41.8113 ], [ 72.702203, 41.814538 ], [ 72.660992, 41.859281 ], [ 72.652456, 41.866052 ], [ 72.646568, 41.868112 ], [ 72.632145, 41.870173 ], [ 72.625374, 41.872822 ], [ 72.622725, 41.876649 ], [ 72.617721, 41.891661 ], [ 72.615072, 41.89696 ], [ 72.607712, 41.903436 ], [ 72.600648, 41.908146 ], [ 72.59476, 41.913444 ], [ 72.590639, 41.921098 ], [ 72.598882, 41.926691 ], [ 72.608007, 41.928457 ], [ 72.616838, 41.926691 ], [ 72.625374, 41.921098 ], [ 72.699848, 41.902259 ], [ 72.849974, 41.885185 ], [ 72.885003, 41.887835 ], [ 72.919444, 41.900787 ], [ 72.927098, 41.893133 ], [ 72.935045, 41.878415 ], [ 72.942993, 41.869584 ], [ 72.944759, 41.865757 ], [ 72.947703, 41.862225 ], [ 72.95359, 41.858987 ], [ 72.959183, 41.861048 ], [ 72.965659, 41.86664 ], [ 72.971546, 41.871056 ], [ 72.977728, 41.86929 ], [ 72.997451, 41.860753 ], [ 73.052497, 41.858693 ], [ 73.07163, 41.852217 ], [ 73.073985, 41.844563 ], [ 73.073396, 41.821014 ], [ 73.077223, 41.8113 ], [ 73.086643, 41.806885 ], [ 73.149342, 41.803647 ], [ 73.200562, 41.790989 ], [ 73.27533, 41.786868 ], [ 73.292992, 41.780686 ] ] ] } },
{ "type": "Feature", "properties": { "name": "Lake Volta" }, "geometry": { "type": "Polygon", "coordinates": [ [ [ 0.320861, 7.514052 ], [ 0.30732, 7.480201 ], [ 0.294515, 7.458712 ], [ 0.302463, 7.449292 ], [ 0.304524, 7.443405 ], [ 0.30158, 7.441933 ], [ 0.294515, 7.445171 ], [ 0.282888, 7.426332 ], [ 0.289511, 7.417501 ], [ 0.302316, 7.410436 ], [ 0.308056, 7.39719 ], [ 0.30158, 7.396307 ], [ 0.271702, 7.369225 ], [ 0.267287, 7.362455 ], [ 0.267287, 7.355685 ], [ 0.286273, 7.357745 ], [ 0.283918, 7.348914 ], [ 0.273174, 7.335079 ], [ 0.267287, 7.32095 ], [ 0.273468, 7.308292 ], [ 0.287009, 7.299167 ], [ 0.302758, 7.294162 ], [ 0.31571, 7.294162 ], [ 0.319683, 7.28386 ], [ 0.321744, 7.280033 ], [ 0.308056, 7.275323 ], [ 0.288628, 7.28592 ], [ 0.274646, 7.280033 ], [ 0.268464, 7.267964 ], [ 0.266404, 7.250302 ], [ 0.267287, 7.211741 ], [ 0.272291, 7.212035 ], [ 0.273468, 7.213212 ], [ 0.273174, 7.215273 ], [ 0.274646, 7.2191 ], [ 0.281563, 7.216156 ], [ 0.283035, 7.213507 ], [ 0.283477, 7.213801 ], [ 0.287745, 7.2191 ], [ 0.294515, 7.2191 ], [ 0.290836, 7.208797 ], [ 0.285096, 7.202615 ], [ 0.267287, 7.191724 ], [ 0.267287, 7.184365 ], [ 0.287303, 7.184365 ], [ 0.292013, 7.175534 ], [ 0.282594, 7.16788 ], [ 0.260369, 7.170824 ], [ 0.279503, 7.150218 ], [ 0.273321, 7.132851 ], [ 0.26243, 7.115778 ], [ 0.267287, 7.095761 ], [ 0.275676, 7.106358 ], [ 0.286862, 7.109596 ], [ 0.298342, 7.110774 ], [ 0.308056, 7.116072 ], [ 0.31306, 7.105475 ], [ 0.311294, 7.096055 ], [ 0.304818, 7.088108 ], [ 0.294515, 7.081926 ], [ 0.300108, 7.078688 ], [ 0.302905, 7.07545 ], [ 0.304965, 7.071918 ], [ 0.308056, 7.067796 ], [ 0.29952, 7.065442 ], [ 0.295251, 7.063087 ], [ 0.293927, 7.057788 ], [ 0.294515, 7.047191 ], [ 0.290689, 7.04984 ], [ 0.280975, 7.05455 ], [ 0.279944, 7.046897 ], [ 0.276118, 7.039243 ], [ 0.274646, 7.03365 ], [ 0.267287, 7.03365 ], [ 0.267287, 7.05455 ], [ 0.259633, 7.032767 ], [ 0.263166, 7.011573 ], [ 0.270672, 6.990379 ], [ 0.276706, 6.957704 ], [ 0.280091, 6.947107 ], [ 0.280975, 6.938276 ], [ 0.274646, 6.931212 ], [ 0.267728, 6.932978 ], [ 0.261105, 6.941514 ], [ 0.25301, 6.959176 ], [ 0.223868, 6.880875 ], [ 0.220041, 6.83937 ], [ 0.239911, 6.821119 ], [ 0.234171, 6.803752 ], [ 0.236526, 6.784324 ], [ 0.246828, 6.745468 ], [ 0.244915, 6.7281 ], [ 0.240352, 6.708378 ], [ 0.239028, 6.690422 ], [ 0.246828, 6.67747 ], [ 0.240205, 6.665695 ], [ 0.240058, 6.655981 ], [ 0.246828, 6.650094 ], [ 0.260369, 6.650094 ], [ 0.272732, 6.657159 ], [ 0.282741, 6.670699 ], [ 0.294515, 6.698369 ], [ 0.306143, 6.766662 ], [ 0.31571, 6.786679 ], [ 0.321744, 6.786679 ], [ 0.318653, 6.764013 ], [ 0.311294, 6.736931 ], [ 0.309086, 6.713971 ], [ 0.321744, 6.704551 ], [ 0.314091, 6.694837 ], [ 0.309822, 6.684829 ], [ 0.309822, 6.674232 ], [ 0.31571, 6.663635 ], [ 0.308056, 6.643029 ], [ 0.301433, 6.643029 ], [ 0.301874, 6.653332 ], [ 0.301433, 6.663635 ], [ 0.286862, 6.654509 ], [ 0.276706, 6.638025 ], [ 0.266845, 6.62625 ], [ 0.25301, 6.630077 ], [ 0.25301, 6.622718 ], [ 0.246828, 6.630077 ], [ 0.243885, 6.620952 ], [ 0.239469, 6.613004 ], [ 0.233582, 6.606822 ], [ 0.226223, 6.602112 ], [ 0.226812, 6.612415 ], [ 0.226223, 6.615948 ], [ 0.212682, 6.612415 ], [ 0.202968, 6.608 ], [ 0.196198, 6.600641 ], [ 0.191635, 6.588572 ], [ 0.184865, 6.601229 ], [ 0.169411, 6.616536 ], [ 0.164848, 6.630077 ], [ 0.143801, 6.602112 ], [ 0.150571, 6.601818 ], [ 0.155281, 6.599758 ], [ 0.159402, 6.597108 ], [ 0.164848, 6.594753 ], [ 0.136883, 6.547655 ], [ 0.144831, 6.536764 ], [ 0.150277, 6.531759 ], [ 0.157342, 6.52705 ], [ 0.148805, 6.514981 ], [ 0.130555, 6.505561 ], [ 0.123784, 6.492315 ], [ 0.121871, 6.477596 ], [ 0.124667, 6.468177 ], [ 0.13026, 6.458757 ], [ 0.136883, 6.444628 ], [ 0.141888, 6.411953 ], [ 0.135559, 6.385166 ], [ 0.109507, 6.3416 ], [ 0.103326, 6.338362 ], [ 0.09582, 6.4043 ], [ 0.103473, 6.400767 ], [ 0.103031, 6.393408 ], [ 0.103326, 6.389876 ], [ 0.109507, 6.389876 ], [ 0.106122, 6.455813 ], [ 0.094201, 6.477596 ], [ 0.068591, 6.465527 ], [ 0.071682, 6.454047 ], [ 0.07124, 6.437857 ], [ 0.067561, 6.421962 ], [ 0.061232, 6.410481 ], [ 0.05608, 6.410481 ], [ 0.041215, 6.418724 ], [ 0.034592, 6.417252 ], [ 0.03209, 6.413131 ], [ 0.02944, 6.401062 ], [ 0.004567, 6.349254 ], [ -0.010593, 6.338951 ], [ -0.027666, 6.3625 ], [ -0.033406, 6.389582 ], [ -0.033406, 6.412542 ], [ -0.035614, 6.432559 ], [ -0.048713, 6.451398 ], [ -0.087569, 6.474947 ], [ -0.104937, 6.489371 ], [ -0.116417, 6.51292 ], [ -0.144087, 6.505855 ], [ -0.177939, 6.52234 ], [ -0.211791, 6.544417 ], [ -0.24005, 6.554425 ], [ -0.239756, 6.569438 ], [ -0.248734, 6.583273 ], [ -0.262127, 6.594459 ], [ -0.274638, 6.602112 ], [ -0.272577, 6.607117 ], [ -0.271547, 6.607117 ], [ -0.267131, 6.609177 ], [ -0.269634, 6.61271 ], [ -0.272136, 6.615064 ], [ -0.273902, 6.618008 ], [ -0.274638, 6.622718 ], [ -0.29436, 6.616831 ], [ -0.34293, 6.62419 ], [ -0.359709, 6.619186 ], [ -0.370748, 6.623012 ], [ -0.388115, 6.639202 ], [ -0.420642, 6.677764 ], [ -0.44272, 6.689244 ], [ -0.486286, 6.704551 ], [ -0.497177, 6.705729 ], [ -0.531323, 6.704551 ], [ -0.54192, 6.707789 ], [ -0.548396, 6.715148 ], [ -0.554136, 6.723979 ], [ -0.562084, 6.731927 ], [ -0.567972, 6.720741 ], [ -0.586517, 6.714265 ], [ -0.596231, 6.704551 ], [ -0.608594, 6.728395 ], [ -0.609771, 6.731927 ], [ -0.617572, 6.733104 ], [ -0.626844, 6.732221 ], [ -0.634498, 6.733988 ], [ -0.637736, 6.742524 ], [ -0.639355, 6.743702 ], [ -0.644948, 6.763718 ], [ -0.644653, 6.766662 ], [ -0.649952, 6.776376 ], [ -0.653632, 6.77932 ], [ -0.661285, 6.780497 ], [ -0.669086, 6.782558 ], [ -0.671293, 6.787267 ], [ -0.672176, 6.791683 ], [ -0.675414, 6.794038 ], [ -0.676445, 6.795215 ], [ -0.695137, 6.800219 ], [ -0.699258, 6.800808 ], [ -0.705292, 6.809639 ], [ -0.711033, 6.822297 ], [ -0.719716, 6.849084 ], [ -0.70544, 6.841725 ], [ -0.702496, 6.845257 ], [ -0.701319, 6.84879 ], [ -0.700583, 6.852616 ], [ -0.699258, 6.855266 ], [ -0.693959, 6.84143 ], [ -0.685864, 6.835838 ], [ -0.677622, 6.838487 ], [ -0.671882, 6.849084 ], [ -0.664523, 6.849084 ], [ -0.663346, 6.84408 ], [ -0.661874, 6.841725 ], [ -0.660108, 6.839664 ], [ -0.658341, 6.834954 ], [ -0.636411, 6.836132 ], [ -0.619338, 6.814643 ], [ -0.60462, 6.787856 ], [ -0.589313, 6.773432 ], [ -0.58166, 6.786679 ], [ -0.570621, 6.781675 ], [ -0.558405, 6.777553 ], [ -0.548396, 6.794038 ], [ -0.548396, 6.815821 ], [ -0.552517, 6.837898 ], [ -0.551193, 6.856737 ], [ -0.534856, 6.869101 ], [ -0.534856, 6.831422 ], [ -0.532648, 6.820236 ], [ -0.522639, 6.807873 ], [ -0.520579, 6.797276 ], [ -0.519401, 6.760186 ], [ -0.515722, 6.745173 ], [ -0.50748, 6.731927 ], [ -0.499973, 6.731927 ], [ -0.488346, 6.729572 ], [ -0.468476, 6.718092 ], [ -0.449048, 6.715737 ], [ -0.438599, 6.739286 ], [ -0.431092, 6.739286 ], [ -0.424028, 6.72339 ], [ -0.417257, 6.715443 ], [ -0.409898, 6.712499 ], [ -0.401067, 6.712205 ], [ -0.395474, 6.718681 ], [ -0.399742, 6.733399 ], [ -0.411223, 6.756359 ], [ -0.413136, 6.771666 ], [ -0.419318, 6.794627 ], [ -0.41814, 6.808167 ], [ -0.412547, 6.820531 ], [ -0.384583, 6.855266 ], [ -0.361328, 6.777259 ], [ -0.354852, 6.733399 ], [ -0.356618, 6.69101 ], [ -0.345138, 6.697192 ], [ -0.330714, 6.71456 ], [ -0.318792, 6.718092 ], [ -0.305252, 6.720447 ], [ -0.298628, 6.725157 ], [ -0.293624, 6.729866 ], [ -0.284352, 6.731927 ], [ -0.278023, 6.7281 ], [ -0.272136, 6.720447 ], [ -0.264777, 6.713382 ], [ -0.253591, 6.712205 ], [ -0.242994, 6.717503 ], [ -0.23637, 6.727512 ], [ -0.233132, 6.739875 ], [ -0.233132, 6.753121 ], [ -0.228423, 6.750766 ], [ -0.216648, 6.747528 ], [ -0.212085, 6.745468 ], [ -0.212085, 6.759892 ], [ -0.205757, 6.759892 ], [ -0.192804, 6.735165 ], [ -0.183826, 6.728689 ], [ -0.171022, 6.731927 ], [ -0.16484, 6.725157 ], [ -0.158658, 6.713088 ], [ -0.164104, 6.708084 ], [ -0.173082, 6.703668 ], [ -0.177939, 6.694837 ], [ -0.177645, 6.662163 ], [ -0.174407, 6.657453 ], [ -0.157628, 6.640674 ], [ -0.151152, 6.636259 ], [ -0.14394, 6.633609 ], [ -0.136139, 6.631843 ], [ -0.127308, 6.632138 ], [ -0.116417, 6.636259 ], [ -0.116417, 6.615948 ], [ -0.112002, 6.616536 ], [ -0.109352, 6.618008 ], [ -0.103465, 6.622718 ], [ -0.098461, 6.61948 ], [ -0.096547, 6.617714 ], [ -0.094487, 6.618302 ], [ -0.089041, 6.622718 ], [ -0.086981, 6.621246 ], [ -0.084184, 6.618597 ], [ -0.082271, 6.616536 ], [ -0.082859, 6.615948 ], [ -0.04577, 6.625073 ], [ -0.033995, 6.65657 ], [ -0.034437, 6.731927 ], [ -0.018982, 6.723096 ], [ -0.013978, 6.718092 ], [ -0.018247, 6.738697 ], [ -0.02016, 6.759892 ], [ -0.046947, 6.762247 ], [ -0.064315, 6.766662 ], [ -0.0755, 6.773432 ], [ -0.083595, 6.782263 ], [ -0.07447, 6.78609 ], [ -0.060782, 6.786973 ], [ -0.054895, 6.794038 ], [ -0.061812, 6.801691 ], [ -0.074029, 6.805518 ], [ -0.085362, 6.812288 ], [ -0.089041, 6.828184 ], [ -0.082859, 6.828184 ], [ -0.075353, 6.81847 ], [ -0.063431, 6.814643 ], [ -0.050921, 6.817881 ], [ -0.041354, 6.828184 ], [ -0.047094, 6.831422 ], [ -0.049891, 6.834366 ], [ -0.051657, 6.837898 ], [ -0.054895, 6.841725 ], [ -0.041354, 6.841725 ], [ -0.041354, 6.849084 ], [ -0.048713, 6.849084 ], [ -0.048713, 6.855266 ], [ -0.038852, 6.857032 ], [ -0.033848, 6.862919 ], [ -0.03267, 6.872044 ], [ -0.034437, 6.883525 ], [ -0.027666, 6.883525 ], [ -0.020601, 6.878226 ], [ -0.018688, 6.87175 ], [ -0.017805, 6.864096 ], [ -0.013978, 6.855266 ], [ -0.003528, 6.841725 ], [ 0.003242, 6.835838 ], [ 0.013986, 6.828184 ], [ 0.013986, 6.855266 ], [ 0.019726, 6.850556 ], [ 0.025319, 6.847023 ], [ 0.031943, 6.84408 ], [ 0.040626, 6.841725 ], [ 0.033709, 6.85556 ], [ 0.041215, 6.859387 ], [ 0.055492, 6.859681 ], [ 0.068591, 6.862919 ], [ 0.069474, 6.872633 ], [ 0.082868, 6.883525 ], [ 0.099352, 6.889117 ], [ 0.109507, 6.883525 ], [ 0.116425, 6.883525 ], [ 0.121724, 6.908545 ], [ 0.119516, 6.917671 ], [ 0.109507, 6.924147 ], [ 0.096408, 6.926207 ], [ 0.085075, 6.922086 ], [ 0.075803, 6.914138 ], [ 0.068591, 6.903836 ], [ 0.063292, 6.904719 ], [ 0.057994, 6.907074 ], [ 0.05299, 6.911195 ], [ 0.048133, 6.917376 ], [ 0.036947, 6.911195 ], [ 0.025467, 6.907074 ], [ 0.01325, 6.904424 ], [ -0.00029, 6.903836 ], [ 0.008835, 6.916788 ], [ 0.013545, 6.927385 ], [ 0.02061, 6.935038 ], [ 0.037535, 6.937982 ], [ 0.052401, 6.943869 ], [ 0.054609, 6.958293 ], [ 0.048133, 6.992734 ], [ 0.106269, 6.968301 ], [ 0.116425, 6.968596 ], [ 0.118633, 6.952406 ], [ 0.12349, 6.957116 ], [ 0.128494, 6.973894 ], [ 0.130555, 6.992734 ], [ 0.126286, 6.991262 ], [ 0.12555, 6.990379 ], [ 0.125697, 6.989201 ], [ 0.123784, 6.985669 ], [ 0.112598, 6.995677 ], [ 0.109507, 7.000093 ], [ 0.103326, 6.992734 ], [ 0.065794, 7.014811 ], [ 0.061232, 7.019815 ], [ 0.069032, 7.02688 ], [ 0.082573, 7.026585 ], [ 0.097586, 7.024819 ], [ 0.109507, 7.02688 ], [ 0.075361, 7.047191 ], [ 0.092582, 7.046308 ], [ 0.108477, 7.043659 ], [ 0.121724, 7.044542 ], [ 0.130555, 7.05455 ], [ 0.098469, 7.073978 ], [ 0.089049, 7.081926 ], [ 0.087136, 7.079571 ], [ 0.086253, 7.078099 ], [ 0.08537, 7.076627 ], [ 0.082868, 7.074567 ], [ 0.087577, 7.086341 ], [ 0.08846, 7.095467 ], [ 0.08272, 7.10106 ], [ 0.068591, 7.102531 ], [ 0.068591, 7.109891 ], [ 0.086253, 7.1146 ], [ 0.093317, 7.120193 ], [ 0.09582, 7.129024 ], [ 0.090374, 7.136383 ], [ 0.080365, 7.139033 ], [ 0.07492, 7.143742 ], [ 0.082868, 7.156989 ], [ 0.07124, 7.161993 ], [ 0.06079, 7.159638 ], [ 0.052842, 7.152573 ], [ 0.048133, 7.143448 ], [ 0.040332, 7.152868 ], [ 0.036505, 7.162876 ], [ 0.036652, 7.173768 ], [ 0.040626, 7.184365 ], [ 0.034592, 7.184365 ], [ 0.026055, 7.17259 ], [ 0.016047, 7.17053 ], [ 0.00648, 7.175534 ], [ -0.00029, 7.184365 ], [ -0.001321, 7.195551 ], [ 0.001917, 7.20968 ], [ 0.007657, 7.223221 ], [ 0.013986, 7.232935 ], [ 0.013839, 7.222338 ], [ 0.00648, 7.201732 ], [ 0.011043, 7.192018 ], [ 0.021493, 7.192312 ], [ 0.032973, 7.1982 ], [ 0.040626, 7.205559 ], [ 0.04563, 7.199966 ], [ 0.047397, 7.202027 ], [ 0.054903, 7.205559 ], [ 0.058435, 7.199083 ], [ 0.065058, 7.190546 ], [ 0.068591, 7.184365 ], [ 0.075361, 7.184365 ], [ 0.082426, 7.200849 ], [ 0.092582, 7.203793 ], [ 0.100971, 7.195256 ], [ 0.103326, 7.177594 ], [ 0.130555, 7.22587 ], [ 0.137031, 7.223809 ], [ 0.150866, 7.22116 ], [ 0.157342, 7.2191 ], [ 0.157342, 7.22587 ], [ 0.147628, 7.231757 ], [ 0.14542, 7.241471 ], [ 0.150571, 7.266198 ], [ 0.159549, 7.263254 ], [ 0.164259, 7.257367 ], [ 0.165731, 7.249125 ], [ 0.164848, 7.239116 ], [ 0.187367, 7.260899 ], [ 0.196492, 7.274146 ], [ 0.18825, 7.280033 ], [ 0.18722, 7.286215 ], [ 0.164848, 7.32095 ], [ 0.162051, 7.315945 ], [ 0.159549, 7.312119 ], [ 0.157783, 7.307998 ], [ 0.157342, 7.301227 ], [ 0.150571, 7.301227 ], [ 0.146303, 7.303582 ], [ 0.142329, 7.305054 ], [ 0.137766, 7.302699 ], [ 0.130555, 7.294162 ], [ 0.127758, 7.317712 ], [ 0.124962, 7.329781 ], [ 0.120105, 7.335079 ], [ 0.106711, 7.3392 ], [ 0.096261, 7.348914 ], [ 0.082868, 7.369225 ], [ 0.089049, 7.37629 ], [ 0.076539, 7.389536 ], [ 0.052548, 7.429276 ], [ 0.034592, 7.438107 ], [ 0.061232, 7.45253 ], [ 0.050487, 7.451942 ], [ 0.044011, 7.454002 ], [ 0.039449, 7.458712 ], [ 0.034592, 7.465482 ], [ 0.045778, 7.466954 ], [ 0.05299, 7.472253 ], [ 0.05608, 7.481672 ], [ 0.054903, 7.493447 ], [ 0.051223, 7.490209 ], [ 0.047544, 7.487854 ], [ 0.044011, 7.48491 ], [ 0.040626, 7.479318 ], [ -0.003381, 7.507576 ], [ -0.02016, 7.513464 ], [ -0.025458, 7.509931 ], [ -0.028696, 7.509048 ], [ -0.032818, 7.509931 ], [ -0.041354, 7.513464 ], [ -0.050038, 7.509048 ], [ -0.07447, 7.512875 ], [ -0.089041, 7.513464 ], [ -0.049596, 7.461656 ], [ -0.036056, 7.43428 ], [ -0.054895, 7.424566 ], [ -0.055336, 7.441933 ], [ -0.066817, 7.458123 ], [ -0.081829, 7.468426 ], [ -0.092574, 7.469015 ], [ -0.11156, 7.453413 ], [ -0.122893, 7.447526 ], [ -0.13349, 7.445171 ], [ -0.138053, 7.448409 ], [ -0.131282, 7.455768 ], [ -0.121274, 7.462833 ], [ -0.116417, 7.465482 ], [ -0.119361, 7.486088 ], [ -0.13349, 7.499923 ], [ -0.152035, 7.511109 ], [ -0.167931, 7.524061 ], [ -0.181177, 7.526416 ], [ -0.200752, 7.519057 ], [ -0.233132, 7.499629 ], [ -0.234751, 7.508754 ], [ -0.237842, 7.514347 ], [ -0.244024, 7.517879 ], [ -0.253591, 7.520234 ], [ -0.253591, 7.527593 ], [ -0.245201, 7.527005 ], [ -0.227834, 7.528182 ], [ -0.219444, 7.527593 ], [ -0.221358, 7.532009 ], [ -0.224301, 7.543195 ], [ -0.226215, 7.54761 ], [ -0.213263, 7.546138 ], [ -0.210025, 7.544666 ], [ -0.205757, 7.540545 ], [ -0.198397, 7.540545 ], [ -0.192069, 7.561151 ], [ -0.185298, 7.561151 ], [ -0.181766, 7.546727 ], [ -0.17058, 7.541134 ], [ -0.136875, 7.540545 ], [ -0.141144, 7.549965 ], [ -0.143646, 7.553792 ], [ -0.129958, 7.567921 ], [ -0.124365, 7.554086 ], [ -0.113621, 7.546138 ], [ -0.100963, 7.544078 ], [ -0.089041, 7.54761 ], [ -0.087569, 7.5429 ], [ -0.082859, 7.534364 ], [ -0.0755, 7.53613 ], [ -0.072262, 7.537307 ], [ -0.069024, 7.537013 ], [ -0.061224, 7.534364 ], [ -0.054895, 7.540545 ], [ -0.058427, 7.548787 ], [ -0.058574, 7.551731 ], [ -0.056955, 7.55438 ], [ -0.054895, 7.561151 ], [ -0.048713, 7.561151 ], [ -0.047536, 7.553203 ], [ -0.045917, 7.549376 ], [ -0.043856, 7.546138 ], [ -0.041354, 7.540545 ], [ -0.034437, 7.553792 ], [ -0.023692, 7.539368 ], [ -0.014567, 7.539368 ], [ -0.005, 7.544666 ], [ 0.00648, 7.54761 ], [ 0.048133, 7.534364 ], [ 0.039743, 7.548787 ], [ 0.025467, 7.55909 ], [ 0.010307, 7.567332 ], [ -0.00029, 7.57528 ], [ -0.013242, 7.601479 ], [ -0.022073, 7.612076 ], [ -0.037969, 7.616491 ], [ -0.052393, 7.617963 ], [ -0.055631, 7.622378 ], [ -0.054159, 7.628854 ], [ -0.054895, 7.636802 ], [ -0.053129, 7.635625 ], [ -0.055631, 7.64475 ], [ -0.05931, 7.654464 ], [ -0.061224, 7.653875 ], [ -0.069172, 7.661823 ], [ -0.087128, 7.657702 ], [ -0.10582, 7.647399 ], [ -0.116417, 7.636802 ], [ -0.123923, 7.636802 ], [ -0.127014, 7.648577 ], [ -0.135109, 7.651226 ], [ -0.144382, 7.646811 ], [ -0.151152, 7.636802 ], [ -0.15807, 7.639746 ], [ -0.161013, 7.641218 ], [ -0.16484, 7.644161 ], [ -0.179705, 7.639452 ], [ -0.222682, 7.65888 ], [ -0.246673, 7.650637 ], [ -0.238578, 7.650343 ], [ -0.219444, 7.644161 ], [ -0.224007, 7.638274 ], [ -0.231513, 7.631798 ], [ -0.246673, 7.622673 ], [ -0.269781, 7.634447 ], [ -0.288767, 7.625028 ], [ -0.304074, 7.614431 ], [ -0.315702, 7.622673 ], [ -0.321883, 7.622673 ], [ -0.335277, 7.617669 ], [ -0.421967, 7.613842 ], [ -0.440659, 7.605894 ], [ -0.455966, 7.590882 ], [ -0.466416, 7.567921 ], [ -0.468329, 7.574691 ], [ -0.470831, 7.580873 ], [ -0.472745, 7.587644 ], [ -0.472745, 7.595886 ], [ -0.478485, 7.592942 ], [ -0.48761, 7.589704 ], [ -0.496147, 7.588821 ], [ -0.499973, 7.592353 ], [ -0.503947, 7.60295 ], [ -0.512337, 7.600596 ], [ -0.520726, 7.593236 ], [ -0.524258, 7.589115 ], [ -0.526613, 7.582934 ], [ -0.550898, 7.554969 ], [ -0.562084, 7.54761 ], [ -0.56282, 7.554086 ], [ -0.564586, 7.558501 ], [ -0.566794, 7.562623 ], [ -0.569002, 7.567921 ], [ -0.576067, 7.55909 ], [ -0.587547, 7.554969 ], [ -0.620368, 7.553792 ], [ -0.634204, 7.547904 ], [ -0.64642, 7.537602 ], [ -0.658489, 7.531714 ], [ -0.671882, 7.540545 ], [ -0.659519, 7.559385 ], [ -0.639061, 7.567332 ], [ -0.572093, 7.568804 ], [ -0.56179, 7.572337 ], [ -0.551487, 7.578813 ], [ -0.54089, 7.589115 ], [ -0.541184, 7.59147 ], [ -0.542509, 7.595591 ], [ -0.543098, 7.601773 ], [ -0.54089, 7.608838 ], [ -0.536622, 7.613253 ], [ -0.53044, 7.617374 ], [ -0.524406, 7.622378 ], [ -0.520579, 7.630032 ], [ -0.513661, 7.630032 ], [ -0.508657, 7.625322 ], [ -0.506008, 7.62385 ], [ -0.502328, 7.625322 ], [ -0.493792, 7.630032 ], [ -0.486433, 7.618846 ], [ -0.474658, 7.617374 ], [ -0.463914, 7.622673 ], [ -0.459057, 7.633564 ], [ -0.451698, 7.633564 ], [ -0.434772, 7.635919 ], [ -0.416227, 7.641512 ], [ -0.404305, 7.650637 ], [ -0.408868, 7.655347 ], [ -0.410928, 7.66094 ], [ -0.411223, 7.677719 ], [ -0.404305, 7.677719 ], [ -0.379726, 7.653875 ], [ -0.362947, 7.647988 ], [ -0.349259, 7.663589 ], [ -0.313052, 7.648871 ], [ -0.286854, 7.661235 ], [ -0.262716, 7.683901 ], [ -0.233132, 7.698913 ], [ -0.233132, 7.705095 ], [ -0.24476, 7.705095 ], [ -0.255798, 7.708333 ], [ -0.265954, 7.713631 ], [ -0.274638, 7.719519 ], [ -0.260655, 7.722462 ], [ -0.231072, 7.719519 ], [ -0.219444, 7.726289 ], [ -0.211349, 7.718636 ], [ -0.199575, 7.711865 ], [ -0.188536, 7.707155 ], [ -0.181471, 7.705095 ], [ -0.176467, 7.701562 ], [ -0.172788, 7.695381 ], [ -0.167636, 7.692437 ], [ -0.157334, 7.698913 ], [ -0.171316, 7.714514 ], [ -0.164546, 7.723051 ], [ -0.154096, 7.731293 ], [ -0.157334, 7.7466 ], [ -0.112002, 7.735709 ], [ -0.091396, 7.737769 ], [ -0.082859, 7.757197 ], [ -0.095664, 7.76279 ], [ -0.156745, 7.764262 ], [ -0.177939, 7.773976 ], [ -0.167931, 7.773387 ], [ -0.159689, 7.774859 ], [ -0.143646, 7.781041 ], [ -0.150416, 7.79046 ], [ -0.159247, 7.79782 ], [ -0.177939, 7.807534 ], [ -0.161013, 7.81136 ], [ -0.138789, 7.811949 ], [ -0.12407, 7.817542 ], [ -0.129958, 7.835498 ], [ -0.150416, 7.83226 ], [ -0.168372, 7.840208 ], [ -0.173965, 7.854632 ], [ -0.157334, 7.870233 ], [ -0.16484, 7.877003 ], [ -0.162485, 7.907617 ], [ -0.166753, 7.923513 ], [ -0.16587, 7.927928 ], [ -0.166753, 7.930872 ], [ -0.174407, 7.931755 ], [ -0.181766, 7.9294 ], [ -0.194423, 7.919392 ], [ -0.198397, 7.917331 ], [ -0.208847, 7.925279 ], [ -0.184709, 7.962958 ], [ -0.177939, 7.986213 ], [ -0.183974, 7.98268 ], [ -0.199869, 7.976204 ], [ -0.205757, 7.972672 ], [ -0.205757, 7.986213 ], [ -0.223713, 7.985918 ], [ -0.241375, 7.998576 ], [ -0.255063, 8.018004 ], [ -0.260361, 8.038021 ], [ -0.269192, 8.051856 ], [ -0.312316, 8.091889 ], [ -0.329389, 8.103075 ], [ -0.329684, 8.088063 ], [ -0.323649, 8.065985 ], [ -0.321883, 8.051561 ], [ -0.346021, 7.999459 ], [ -0.349553, 7.996221 ], [ -0.348817, 7.982975 ], [ -0.352939, 7.980031 ], [ -0.361034, 7.981503 ], [ -0.369129, 7.986213 ], [ -0.377076, 7.986213 ], [ -0.438599, 7.972672 ], [ -0.441101, 7.969434 ], [ -0.443456, 7.963547 ], [ -0.446988, 7.958837 ], [ -0.452728, 7.958542 ], [ -0.457585, 7.962958 ], [ -0.459204, 7.970317 ], [ -0.456702, 7.977087 ], [ -0.449048, 7.980031 ], [ -0.431828, 7.982975 ], [ -0.402245, 7.996221 ], [ -0.387526, 7.999459 ], [ -0.362653, 8.013 ], [ -0.358237, 8.040964 ], [ -0.367804, 8.06363 ], [ -0.384583, 8.061864 ], [ -0.398123, 8.070106 ], [ -0.413136, 8.088063 ], [ -0.424911, 8.095422 ], [ -0.438451, 8.097777 ], [ -0.454494, 8.096893 ], [ -0.469507, 8.093655 ], [ -0.479515, 8.090123 ], [ -0.499973, 8.068635 ], [ -0.533089, 8.011528 ], [ -0.554578, 7.993277 ], [ -0.550163, 8.006818 ], [ -0.545453, 8.035077 ], [ -0.54089, 8.048323 ], [ -0.534856, 8.055682 ], [ -0.517341, 8.072461 ], [ -0.513661, 8.079232 ], [ -0.513809, 8.106313 ], [ -0.517194, 8.130451 ], [ -0.529263, 8.15194 ], [ -0.554578, 8.171368 ], [ -0.550751, 8.124269 ], [ -0.559141, 8.108962 ], [ -0.601382, 8.098071 ], [ -0.639944, 8.075699 ], [ -0.658341, 8.06834 ], [ -0.658341, 8.075699 ], [ -0.64745, 8.08453 ], [ -0.635823, 8.10072 ], [ -0.632732, 8.116321 ], [ -0.647744, 8.123386 ], [ -0.649952, 8.120443 ], [ -0.6788, 8.103075 ], [ -0.688072, 8.100131 ], [ -0.706764, 8.097482 ], [ -0.716037, 8.092772 ], [ -0.723985, 8.091301 ], [ -0.731932, 8.095422 ], [ -0.73782, 8.101603 ], [ -0.740175, 8.106019 ], [ -0.743265, 8.108962 ], [ -0.750036, 8.102781 ], [ -0.76078, 8.090123 ], [ -0.774321, 8.102781 ], [ -0.770641, 8.119265 ], [ -0.756953, 8.134572 ], [ -0.740175, 8.143992 ], [ -0.708972, 8.123975 ], [ -0.685864, 8.129862 ], [ -0.662462, 8.146052 ], [ -0.630377, 8.157532 ], [ -0.62184, 8.154589 ], [ -0.615659, 8.148113 ], [ -0.608299, 8.14458 ], [ -0.596231, 8.150173 ], [ -0.596525, 8.155766 ], [ -0.591815, 8.18167 ], [ -0.589313, 8.184908 ], [ -0.599321, 8.195211 ], [ -0.614775, 8.199332 ], [ -0.650835, 8.199332 ], [ -0.649216, 8.225531 ], [ -0.697492, 8.250846 ], [ -0.70544, 8.281165 ], [ -0.714712, 8.279105 ], [ -0.720011, 8.27881 ], [ -0.732815, 8.281165 ], [ -0.742088, 8.27881 ], [ -0.743118, 8.285875 ], [ -0.742529, 8.297355 ], [ -0.747092, 8.308541 ], [ -0.756953, 8.31384 ], [ -0.770641, 8.315606 ], [ -0.832311, 8.316195 ], [ -0.848206, 8.320021 ], [ -0.85012, 8.328852 ], [ -0.837756, 8.333857 ], [ -0.788009, 8.328852 ], [ -0.766667, 8.33209 ], [ -0.760191, 8.335328 ], [ -0.774321, 8.356228 ], [ -0.801697, 8.41775 ], [ -0.812883, 8.433057 ], [ -0.868665, 8.493696 ], [ -0.881028, 8.501644 ], [ -0.897807, 8.506943 ], [ -0.893685, 8.524605 ], [ -0.898984, 8.539323 ], [ -0.907226, 8.554335 ], [ -0.91488, 8.589365 ], [ -0.923563, 8.603788 ], [ -0.934749, 8.615269 ], [ -0.946229, 8.623805 ], [ -0.949909, 8.628515 ], [ -0.949909, 8.632931 ], [ -0.952264, 8.636169 ], [ -0.963008, 8.637346 ], [ -0.972575, 8.639701 ], [ -0.988765, 8.648826 ], [ -0.997154, 8.651181 ], [ -1.005544, 8.655302 ], [ -1.015699, 8.664722 ], [ -1.028651, 8.674142 ], [ -1.045283, 8.678557 ], [ -1.059412, 8.680323 ], [ -1.070598, 8.683267 ], [ -1.08355, 8.68415 ], [ -1.10342, 8.678557 ], [ -1.13477, 8.664133 ], [ -1.146839, 8.654125 ], [ -1.151696, 8.640878 ], [ -1.145072, 8.609676 ], [ -1.134623, 8.581122 ], [ -1.134181, 8.555807 ], [ -1.157877, 8.534319 ], [ -1.160232, 8.573763 ], [ -1.184517, 8.65648 ], [ -1.192759, 8.670904 ], [ -1.20998, 8.664427 ], [ -1.254723, 8.671492 ], [ -1.271207, 8.66796 ], [ -1.281657, 8.662661 ], [ -1.286809, 8.667666 ], [ -1.288722, 8.678263 ], [ -1.288869, 8.68886 ], [ -1.293285, 8.695336 ], [ -1.323016, 8.705638 ], [ -1.363638, 8.740668 ], [ -1.370261, 8.750382 ], [ -1.381447, 8.753914 ], [ -1.45283, 8.75362 ], [ -1.472258, 8.745672 ], [ -1.485063, 8.734192 ], [ -1.492128, 8.718002 ], [ -1.494335, 8.69563 ], [ -1.502872, 8.685033 ], [ -1.522447, 8.670609 ], [ -1.555858, 8.651181 ], [ -1.563953, 8.650004 ], [ -1.566455, 8.652064 ], [ -1.568662, 8.655597 ], [ -1.576316, 8.657951 ], [ -1.611787, 8.657363 ], [ -1.64034, 8.671492 ], [ -1.655647, 8.667371 ], [ -1.692443, 8.633814 ], [ -1.701126, 8.630576 ], [ -1.712754, 8.630576 ], [ -1.6764, 8.681206 ], [ -1.651967, 8.695924 ], [ -1.617233, 8.678557 ], [ -1.608843, 8.683856 ], [ -1.588679, 8.680029 ], [ -1.576316, 8.685327 ], [ -1.539373, 8.675025 ], [ -1.519209, 8.700634 ], [ -1.507876, 8.735958 ], [ -1.497426, 8.75362 ], [ -1.487712, 8.756858 ], [ -1.463133, 8.771282 ], [ -1.449298, 8.77452 ], [ -1.414857, 8.775992 ], [ -1.401169, 8.781584 ], [ -1.391308, 8.794536 ], [ -1.388512, 8.789238 ], [ -1.380564, 8.779818 ], [ -1.37762, 8.77452 ], [ -1.371438, 8.792182 ], [ -1.372174, 8.808666 ], [ -1.37762, 8.843401 ], [ -1.364962, 8.828977 ], [ -1.360989, 8.816908 ], [ -1.356573, 8.780701 ], [ -1.348037, 8.762745 ], [ -1.333024, 8.744789 ], [ -1.314332, 8.734781 ], [ -1.295051, 8.739785 ], [ -1.274887, 8.707699 ], [ -1.263848, 8.694453 ], [ -1.247364, 8.685327 ], [ -1.229113, 8.681206 ], [ -1.208949, 8.680029 ], [ -1.061326, 8.704755 ], [ -1.052348, 8.709171 ], [ -1.048668, 8.715941 ], [ -1.043958, 8.71653 ], [ -1.013933, 8.692686 ], [ -1.01305, 8.730659 ], [ -1.016877, 8.745966 ], [ -1.02821, 8.75362 ], [ -1.016583, 8.763923 ], [ -1.025413, 8.77452 ], [ -1.042339, 8.783351 ], [ -1.055586, 8.788355 ], [ -1.069715, 8.791593 ], [ -1.165384, 8.797774 ], [ -1.180691, 8.80425 ], [ -1.172301, 8.815731 ], [ -1.159349, 8.816319 ], [ -1.097091, 8.808666 ], [ -1.114459, 8.835159 ], [ -1.172301, 8.904334 ], [ -1.181279, 8.927589 ], [ -1.184812, 8.953493 ], [ -1.183781, 8.980575 ], [ -1.179071, 9.007362 ], [ -1.164795, 8.973215 ], [ -1.140657, 9.025907 ], [ -1.138008, 9.045335 ], [ -1.139921, 9.067412 ], [ -1.148752, 9.09832 ], [ -1.151696, 9.116571 ], [ -1.128441, 9.104796 ], [ -1.110043, 9.08213 ], [ -1.098857, 9.053283 ], [ -1.097091, 9.020902 ], [ -1.107394, 8.99912 ], [ -1.143748, 8.962618 ], [ -1.151696, 8.935242 ], [ -1.143748, 8.917581 ], [ -1.100182, 8.849583 ], [ -1.085611, 8.844284 ], [ -1.06059, 8.821029 ], [ -1.045283, 8.815731 ], [ -1.037041, 8.823678 ], [ -1.020704, 8.877547 ], [ -1.022911, 8.825445 ], [ -1.019379, 8.799246 ], [ -1.007016, 8.780701 ], [ -1.000834, 8.788355 ], [ -0.992003, 8.771576 ], [ -0.988029, 8.758918 ], [ -0.987146, 8.722712 ], [ -0.984791, 8.705638 ], [ -0.978462, 8.689154 ], [ -0.969779, 8.675025 ], [ -0.959917, 8.664722 ], [ -0.927832, 8.650592 ], [ -0.911642, 8.640878 ], [ -0.904724, 8.627043 ], [ -0.901486, 8.617918 ], [ -0.894127, 8.613208 ], [ -0.886915, 8.610264 ], [ -0.883677, 8.606438 ], [ -0.882352, 8.594958 ], [ -0.879114, 8.588482 ], [ -0.874846, 8.583183 ], [ -0.870578, 8.576118 ], [ -0.86631, 8.559045 ], [ -0.863219, 8.552275 ], [ -0.856301, 8.548154 ], [ -0.845998, 8.547271 ], [ -0.842319, 8.552863 ], [ -0.83967, 8.562283 ], [ -0.832605, 8.572586 ], [ -0.796545, 8.599667 ], [ -0.788597, 8.61468 ], [ -0.795515, 8.637346 ], [ -0.80729, 8.648826 ], [ -0.823038, 8.657657 ], [ -0.836726, 8.667371 ], [ -0.842613, 8.681795 ], [ -0.84173, 8.694158 ], [ -0.838345, 8.701517 ], [ -0.830986, 8.704755 ], [ -0.81877, 8.705638 ], [ -0.812588, 8.709465 ], [ -0.80729, 8.718296 ], [ -0.796398, 8.753325 ], [ -0.794926, 8.763334 ], [ -0.795515, 8.77452 ], [ -0.770494, 8.754503 ], [ -0.78168, 8.727716 ], [ -0.822155, 8.685327 ], [ -0.784035, 8.680323 ], [ -0.766079, 8.657951 ], [ -0.753863, 8.630576 ], [ -0.732815, 8.60997 ], [ -0.733257, 8.627926 ], [ -0.730019, 8.644411 ], [ -0.721335, 8.657068 ], [ -0.70544, 8.664722 ], [ -0.71324, 8.631164 ], [ -0.711327, 8.616446 ], [ -0.699258, 8.60997 ], [ -0.719569, 8.59172 ], [ -0.7493, 8.582594 ], [ -0.776234, 8.571114 ], [ -0.793749, 8.532258 ], [ -0.806701, 8.525782 ], [ -0.820389, 8.521367 ], [ -0.828925, 8.514596 ], [ -0.830397, 8.499289 ], [ -0.824216, 8.486043 ], [ -0.812735, 8.476623 ], [ -0.771672, 8.463377 ], [ -0.753568, 8.440416 ], [ -0.726634, 8.390963 ], [ -0.721335, 8.386253 ], [ -0.70544, 8.376539 ], [ -0.699405, 8.370063 ], [ -0.696462, 8.363293 ], [ -0.692193, 8.358289 ], [ -0.667172, 8.352696 ], [ -0.657017, 8.347692 ], [ -0.650099, 8.350341 ], [ -0.644653, 8.36918 ], [ -0.640238, 8.359172 ], [ -0.640385, 8.339155 ], [ -0.637736, 8.328852 ], [ -0.632143, 8.324437 ], [ -0.622723, 8.319433 ], [ -0.613892, 8.313251 ], [ -0.60565, 8.296472 ], [ -0.596231, 8.293823 ], [ -0.586811, 8.289702 ], [ -0.582543, 8.277633 ], [ -0.577686, 8.267625 ], [ -0.5665, 8.268213 ], [ -0.554872, 8.274689 ], [ -0.548396, 8.281165 ], [ -0.54089, 8.281165 ], [ -0.542362, 8.264681 ], [ -0.550751, 8.252318 ], [ -0.561201, 8.240838 ], [ -0.569002, 8.225825 ], [ -0.539713, 8.204042 ], [ -0.525436, 8.202865 ], [ -0.513661, 8.225825 ], [ -0.513809, 8.200804 ], [ -0.512042, 8.189029 ], [ -0.50748, 8.178138 ], [ -0.489524, 8.185791 ], [ -0.48187, 8.193445 ], [ -0.479515, 8.205514 ], [ -0.469065, 8.199038 ], [ -0.445369, 8.178138 ], [ -0.435508, 8.184025 ], [ -0.426677, 8.185791 ], [ -0.420348, 8.181965 ], [ -0.41814, 8.171368 ], [ -0.397829, 8.178432 ], [ -0.390323, 8.191973 ], [ -0.389734, 8.207869 ], [ -0.390764, 8.222587 ], [ -0.394002, 8.227002 ], [ -0.400184, 8.231418 ], [ -0.404305, 8.236422 ], [ -0.401067, 8.243192 ], [ -0.393266, 8.247019 ], [ -0.371925, 8.250846 ], [ -0.3628, 8.25379 ], [ -0.354705, 8.245253 ], [ -0.348817, 8.235245 ], [ -0.341458, 8.227591 ], [ -0.329389, 8.225825 ], [ -0.321, 8.229652 ], [ -0.316585, 8.237305 ], [ -0.315113, 8.247608 ], [ -0.315702, 8.259971 ], [ -0.302308, 8.253495 ], [ -0.286854, 8.249668 ], [ -0.260361, 8.24643 ], [ -0.255651, 8.244664 ], [ -0.246526, 8.237011 ], [ -0.24005, 8.233478 ], [ -0.240491, 8.236422 ], [ -0.234163, 8.240838 ], [ -0.225626, 8.24437 ], [ -0.219444, 8.24643 ], [ -0.226804, 8.227885 ], [ -0.188978, 8.220232 ], [ -0.177939, 8.202276 ], [ -0.183826, 8.175783 ], [ -0.216354, 8.196094 ], [ -0.233132, 8.178138 ], [ -0.256534, 8.193739 ], [ -0.269192, 8.196977 ], [ -0.274638, 8.188441 ], [ -0.282586, 8.181082 ], [ -0.300247, 8.182259 ], [ -0.318792, 8.189029 ], [ -0.329389, 8.199332 ], [ -0.330861, 8.166952 ], [ -0.336013, 8.136633 ], [ -0.321883, 8.143992 ], [ -0.310697, 8.133395 ], [ -0.30113, 8.133689 ], [ -0.29333, 8.140459 ], [ -0.287737, 8.150173 ], [ -0.282733, 8.135161 ], [ -0.279789, 8.121914 ], [ -0.273166, 8.112789 ], [ -0.256976, 8.109257 ], [ -0.247998, 8.10543 ], [ -0.243288, 8.09601 ], [ -0.242846, 8.085119 ], [ -0.246673, 8.075699 ], [ -0.226068, 8.065396 ], [ -0.215912, 8.062747 ], [ -0.202077, 8.061864 ], [ -0.193835, 8.055682 ], [ -0.188536, 8.043319 ], [ -0.181471, 8.036254 ], [ -0.167931, 8.045085 ], [ -0.151299, 8.046852 ], [ -0.134226, 8.027424 ], [ -0.109647, 7.986213 ], [ -0.11524, 7.97797 ], [ -0.112296, 7.970611 ], [ -0.102876, 7.966196 ], [ -0.089041, 7.965901 ], [ -0.089041, 7.958542 ], [ -0.094928, 7.952949 ], [ -0.095076, 7.946473 ], [ -0.090955, 7.939114 ], [ -0.082859, 7.931755 ], [ -0.091396, 7.921452 ], [ -0.090513, 7.90644 ], [ -0.084037, 7.890544 ], [ -0.0755, 7.877003 ], [ -0.078444, 7.873471 ], [ -0.081682, 7.871705 ], [ -0.089041, 7.870233 ], [ -0.082565, 7.867584 ], [ -0.079033, 7.863463 ], [ -0.0755, 7.849039 ], [ -0.075648, 7.84168 ], [ -0.078297, 7.834909 ], [ -0.08124, 7.829905 ], [ -0.082859, 7.828728 ], [ -0.077855, 7.812538 ], [ -0.062107, 7.784867 ], [ -0.054895, 7.767206 ], [ -0.039146, 7.780158 ], [ -0.033112, 7.786928 ], [ -0.027666, 7.79517 ], [ -0.019277, 7.790755 ], [ -0.00971, 7.796642 ], [ 0.001329, 7.80665 ], [ 0.013986, 7.814893 ], [ 0.020757, 7.807534 ], [ 0.011337, 7.803118 ], [ 0.003536, 7.796348 ], [ -0.002498, 7.786634 ], [ -0.006619, 7.773976 ], [ 0.011043, 7.773387 ], [ 0.020904, 7.780746 ], [ 0.027233, 7.791638 ], [ 0.034592, 7.801352 ], [ 0.035475, 7.790755 ], [ 0.039302, 7.784279 ], [ 0.045778, 7.783396 ], [ 0.054903, 7.7884 ], [ 0.057994, 7.784573 ], [ 0.059024, 7.781041 ], [ 0.05976, 7.777214 ], [ 0.061232, 7.773976 ], [ 0.066383, 7.773387 ], [ 0.082868, 7.773976 ], [ 0.070946, 7.789577 ], [ 0.07492, 7.799291 ], [ 0.084487, 7.806356 ], [ 0.089049, 7.814893 ], [ 0.084045, 7.826667 ], [ 0.075508, 7.835792 ], [ 0.068885, 7.846684 ], [ 0.068591, 7.862874 ], [ 0.058435, 7.860813 ], [ 0.047838, 7.864346 ], [ 0.040479, 7.871999 ], [ 0.040626, 7.883185 ], [ 0.047544, 7.890839 ], [ 0.05505, 7.888778 ], [ 0.062409, 7.884068 ], [ 0.068591, 7.883185 ], [ 0.07227, 7.894077 ], [ 0.064175, 7.9085 ], [ 0.040626, 7.938526 ], [ 0.053578, 7.932933 ], [ 0.06079, 7.93882 ], [ 0.059907, 7.949417 ], [ 0.048133, 7.958542 ], [ 0.048133, 7.965901 ], [ 0.069915, 7.966196 ], [ 0.090374, 7.973849 ], [ 0.104798, 7.98739 ], [ 0.109507, 8.006818 ], [ 0.103326, 8.018298 ], [ 0.072712, 8.005052 ], [ 0.054903, 8.006818 ], [ 0.060201, 8.011528 ], [ 0.069915, 8.022714 ], [ 0.075361, 8.027424 ], [ 0.054461, 8.041553 ], [ 0.039596, 8.056566 ], [ 0.039154, 8.073933 ], [ 0.061232, 8.095422 ], [ 0.063145, 8.085708 ], [ 0.068738, 8.077171 ], [ 0.076539, 8.073933 ], [ 0.090227, 8.081881 ], [ 0.094348, 8.082175 ], [ 0.098616, 8.081587 ], [ 0.103326, 8.08247 ], [ 0.109507, 8.103075 ], [ 0.126433, 8.106019 ], [ 0.139533, 8.10072 ], [ 0.144537, 8.087768 ], [ 0.136883, 8.06834 ], [ 0.18251, 8.084236 ], [ 0.191635, 8.090123 ], [ 0.185895, 8.100426 ], [ 0.143801, 8.136633 ], [ 0.149983, 8.140459 ], [ 0.150571, 8.143403 ], [ 0.143801, 8.150173 ], [ 0.154104, 8.153411 ], [ 0.159991, 8.161065 ], [ 0.162935, 8.171956 ], [ 0.164848, 8.184908 ], [ 0.150571, 8.180787 ], [ 0.134676, 8.186969 ], [ 0.121724, 8.199921 ], [ 0.116425, 8.216111 ], [ 0.106417, 8.215522 ], [ 0.089196, 8.226119 ], [ 0.084045, 8.235833 ], [ 0.109507, 8.233478 ], [ 0.1073, 8.238777 ], [ 0.103326, 8.25379 ], [ 0.111421, 8.24437 ], [ 0.120105, 8.241132 ], [ 0.128788, 8.24437 ], [ 0.136883, 8.25379 ], [ 0.168675, 8.243781 ], [ 0.183098, 8.266447 ], [ 0.182951, 8.301477 ], [ 0.170882, 8.328852 ], [ 0.180891, 8.336506 ], [ 0.191194, 8.340921 ], [ 0.202674, 8.342688 ], [ 0.215626, 8.343276 ], [ 0.228578, 8.346514 ], [ 0.228578, 8.355345 ], [ 0.222985, 8.367414 ], [ 0.219452, 8.380072 ], [ 0.207089, 8.385665 ], [ 0.130555, 8.36918 ], [ 0.103179, 8.370652 ], [ 0.088902, 8.38066 ], [ 0.083751, 8.398028 ], [ 0.082868, 8.420988 ], [ 0.080071, 8.43394 ], [ 0.074773, 8.441888 ], [ 0.071682, 8.448953 ], [ 0.075361, 8.459256 ], [ 0.082132, 8.463671 ], [ 0.116425, 8.473091 ], [ 0.116425, 8.479272 ], [ 0.100824, 8.483688 ], [ 0.089049, 8.48987 ], [ 0.080954, 8.499584 ], [ 0.075361, 8.514596 ], [ 0.078452, 8.521955 ], [ 0.084781, 8.531081 ], [ 0.08743, 8.538734 ], [ 0.072418, 8.544916 ], [ 0.077422, 8.551097 ], [ 0.085664, 8.556101 ], [ 0.089049, 8.555513 ], [ 0.109655, 8.594663 ], [ 0.116425, 8.602611 ], [ 0.130407, 8.607321 ], [ 0.139533, 8.602905 ], [ 0.149247, 8.594958 ], [ 0.164848, 8.58907 ], [ 0.159402, 8.607321 ], [ 0.144831, 8.6241 ], [ 0.133351, 8.643528 ], [ 0.136883, 8.670904 ], [ 0.146009, 8.682089 ], [ 0.157342, 8.689743 ], [ 0.167056, 8.698868 ], [ 0.170882, 8.715941 ], [ 0.168822, 8.72801 ], [ 0.165731, 8.73743 ], [ 0.167056, 8.743906 ], [ 0.177947, 8.747438 ], [ 0.18928, 8.752442 ], [ 0.200466, 8.75362 ], [ 0.210622, 8.751559 ], [ 0.219452, 8.747438 ], [ 0.20341, 8.730071 ], [ 0.198405, 8.726244 ], [ 0.205765, 8.710643 ], [ 0.197522, 8.702106 ], [ 0.18457, 8.694453 ], [ 0.177947, 8.681795 ], [ 0.171765, 8.675319 ], [ 0.160432, 8.657657 ], [ 0.153515, 8.639112 ], [ 0.161168, 8.630576 ], [ 0.179713, 8.619095 ], [ 0.180891, 8.596429 ], [ 0.164554, 8.580534 ], [ 0.130555, 8.58907 ], [ 0.113629, 8.55463 ], [ 0.109507, 8.541678 ], [ 0.108772, 8.534319 ], [ 0.109507, 8.510769 ], [ 0.111862, 8.501644 ], [ 0.117455, 8.500467 ], [ 0.124226, 8.500172 ], [ 0.130555, 8.493402 ], [ 0.134381, 8.481922 ], [ 0.134676, 8.471325 ], [ 0.131143, 8.461316 ], [ 0.123784, 8.451897 ], [ 0.117455, 8.450719 ], [ 0.099646, 8.452485 ], [ 0.09582, 8.448659 ], [ 0.09891, 8.439533 ], [ 0.104945, 8.430702 ], [ 0.109066, 8.42246 ], [ 0.106417, 8.414218 ], [ 0.108624, 8.3995 ], [ 0.141446, 8.397734 ], [ 0.233435, 8.405093 ], [ 0.24727, 8.402149 ], [ 0.25301, 8.394201 ], [ 0.25978, 8.36918 ], [ 0.260811, 8.354756 ], [ 0.25301, 8.343276 ], [ 0.262724, 8.331502 ], [ 0.27597, 8.328264 ], [ 0.287892, 8.332385 ], [ 0.294515, 8.343276 ], [ 0.301433, 8.343276 ], [ 0.298195, 8.322082 ], [ 0.285979, 8.31855 ], [ 0.269347, 8.32061 ], [ 0.25301, 8.315312 ], [ 0.238145, 8.322082 ], [ 0.220483, 8.326497 ], [ 0.203557, 8.327086 ], [ 0.191635, 8.322671 ], [ 0.19973, 8.31855 ], [ 0.207384, 8.3159 ], [ 0.215773, 8.314723 ], [ 0.226223, 8.315312 ], [ 0.221071, 8.309424 ], [ 0.209297, 8.300299 ], [ 0.205765, 8.294706 ], [ 0.204734, 8.284992 ], [ 0.207236, 8.263504 ], [ 0.205765, 8.25379 ], [ 0.193696, 8.239954 ], [ 0.157783, 8.226119 ], [ 0.143801, 8.212873 ], [ 0.161904, 8.21405 ], [ 0.220777, 8.203159 ], [ 0.218128, 8.198155 ], [ 0.21018, 8.193445 ], [ 0.205765, 8.191679 ], [ 0.18825, 8.161065 ], [ 0.177358, 8.128979 ], [ 0.204881, 8.114261 ], [ 0.267287, 8.109257 ], [ 0.269347, 8.1122 ], [ 0.270966, 8.115144 ], [ 0.274204, 8.11691 ], [ 0.280975, 8.116027 ], [ 0.269347, 8.086296 ], [ 0.263901, 8.08247 ], [ 0.25301, 8.08453 ], [ 0.235642, 8.093361 ], [ 0.229608, 8.095422 ], [ 0.213271, 8.090417 ], [ 0.19502, 8.067163 ], [ 0.130702, 8.048912 ], [ 0.123784, 8.048323 ], [ 0.124667, 8.033016 ], [ 0.13497, 8.013883 ], [ 0.149688, 7.997987 ], [ 0.164848, 7.993277 ], [ 0.155428, 7.982386 ], [ 0.12923, 7.974144 ], [ 0.123784, 7.962075 ], [ 0.117602, 7.958248 ], [ 0.086694, 7.946768 ], [ 0.075361, 7.944707 ], [ 0.119369, 7.938526 ], [ 0.130555, 7.931755 ], [ 0.132468, 7.922336 ], [ 0.120399, 7.902319 ], [ 0.116425, 7.889955 ], [ 0.123784, 7.889955 ], [ 0.137031, 7.902907 ], [ 0.15793, 7.91115 ], [ 0.176917, 7.907617 ], [ 0.185306, 7.886717 ], [ 0.182363, 7.884068 ], [ 0.167792, 7.845801 ], [ 0.161904, 7.835498 ], [ 0.157342, 7.815776 ], [ 0.150571, 7.807534 ], [ 0.150571, 7.801352 ], [ 0.167497, 7.804884 ], [ 0.177506, 7.819897 ], [ 0.185748, 7.837559 ], [ 0.198405, 7.849039 ], [ 0.191635, 7.862874 ], [ 0.197964, 7.866112 ], [ 0.200908, 7.868173 ], [ 0.204146, 7.867289 ], [ 0.211946, 7.862874 ], [ 0.21018, 7.875532 ], [ 0.208855, 7.879064 ], [ 0.205765, 7.883185 ], [ 0.211652, 7.893488 ], [ 0.220041, 7.899669 ], [ 0.230491, 7.902907 ], [ 0.243296, 7.903791 ], [ 0.247711, 7.9085 ], [ 0.259486, 7.931166 ], [ 0.267287, 7.938526 ], [ 0.274646, 7.917331 ], [ 0.268758, 7.907912 ], [ 0.261547, 7.900847 ], [ 0.252127, 7.897315 ], [ 0.239911, 7.897609 ], [ 0.239911, 7.889955 ], [ 0.244326, 7.889072 ], [ 0.246828, 7.887601 ], [ 0.25301, 7.883185 ], [ 0.247123, 7.882008 ], [ 0.23314, 7.877003 ], [ 0.242707, 7.877003 ], [ 0.250949, 7.875532 ], [ 0.267287, 7.870233 ], [ 0.267287, 7.862874 ], [ 0.2483, 7.862285 ], [ 0.239028, 7.856104 ], [ 0.242119, 7.849922 ], [ 0.260369, 7.849039 ], [ 0.260369, 7.842268 ], [ 0.251097, 7.837853 ], [ 0.250655, 7.835792 ], [ 0.246828, 7.828728 ], [ 0.237114, 7.83226 ], [ 0.229166, 7.831083 ], [ 0.219747, 7.829022 ], [ 0.205765, 7.828728 ], [ 0.217981, 7.80665 ], [ 0.235642, 7.803118 ], [ 0.253893, 7.801941 ], [ 0.267287, 7.7884 ], [ 0.267287, 7.79517 ], [ 0.273468, 7.790166 ], [ 0.276412, 7.788694 ], [ 0.280975, 7.7884 ], [ 0.272732, 7.779275 ], [ 0.268758, 7.770444 ], [ 0.2692, 7.762201 ], [ 0.274646, 7.754254 ], [ 0.280975, 7.754254 ], [ 0.283918, 7.757492 ], [ 0.287745, 7.760435 ], [ 0.28907, 7.729233 ], [ 0.285684, 7.717164 ], [ 0.274646, 7.711865 ], [ 0.277737, 7.708038 ], [ 0.279503, 7.7048 ], [ 0.282005, 7.701857 ], [ 0.287745, 7.698913 ], [ 0.278914, 7.690671 ], [ 0.274057, 7.680957 ], [ 0.267287, 7.657408 ], [ 0.282446, 7.652992 ], [ 0.28642, 7.64269 ], [ 0.285832, 7.629443 ], [ 0.287745, 7.616491 ], [ 0.274646, 7.622673 ], [ 0.274646, 7.611781 ], [ 0.277001, 7.60295 ], [ 0.283329, 7.597652 ], [ 0.294515, 7.595886 ], [ 0.288775, 7.589704 ], [ 0.283918, 7.582345 ], [ 0.280975, 7.572925 ], [ 0.280975, 7.561151 ], [ 0.268758, 7.569982 ], [ 0.24727, 7.59412 ], [ 0.23314, 7.602656 ], [ 0.239322, 7.588821 ], [ 0.246387, 7.579401 ], [ 0.250361, 7.571159 ], [ 0.246828, 7.561151 ], [ 0.240647, 7.557913 ], [ 0.205765, 7.54761 ], [ 0.211652, 7.537307 ], [ 0.22063, 7.529948 ], [ 0.232404, 7.527888 ], [ 0.246828, 7.534364 ], [ 0.253304, 7.514347 ], [ 0.245357, 7.501395 ], [ 0.234759, 7.489032 ], [ 0.23314, 7.472253 ], [ 0.241677, 7.457829 ], [ 0.251244, 7.459889 ], [ 0.260516, 7.47137 ], [ 0.268317, 7.486382 ], [ 0.284948, 7.489915 ], [ 0.291719, 7.500806 ], [ 0.291719, 7.514641 ], [ 0.287745, 7.527593 ], [ 0.301433, 7.520234 ], [ 0.308056, 7.539073 ], [ 0.308056, 7.54761 ], [ 0.311883, 7.545255 ], [ 0.321744, 7.540545 ], [ 0.321597, 7.547316 ], [ 0.322333, 7.561151 ], [ 0.321744, 7.567921 ], [ 0.32925, 7.567921 ], [ 0.329839, 7.547316 ], [ 0.320861, 7.514052 ] ], [ [ 0.170882, 6.698369 ], [ 0.182804, 6.722802 ], [ 0.177653, 6.742818 ], [ 0.150571, 6.780497 ], [ 0.140857, 6.767545 ], [ 0.138355, 6.761952 ], [ 0.136883, 6.753121 ], [ 0.130555, 6.759892 ], [ 0.129083, 6.756654 ], [ 0.129377, 6.754593 ], [ 0.128641, 6.753416 ], [ 0.123784, 6.753121 ], [ 0.123784, 6.766662 ], [ 0.108036, 6.761952 ], [ 0.103326, 6.759892 ], [ 0.105239, 6.763424 ], [ 0.107594, 6.7699 ], [ 0.109507, 6.773432 ], [ 0.09582, 6.773432 ], [ 0.09582, 6.780497 ], [ 0.105681, 6.785501 ], [ 0.109507, 6.793743 ], [ 0.108477, 6.803752 ], [ 0.103326, 6.814349 ], [ 0.094348, 6.814643 ], [ 0.087136, 6.81376 ], [ 0.080954, 6.8117 ], [ 0.075361, 6.808167 ], [ 0.082868, 6.794038 ], [ 0.068591, 6.800808 ], [ 0.062409, 6.782263 ], [ 0.06079, 6.772549 ], [ 0.061232, 6.759892 ], [ 0.04931, 6.76519 ], [ 0.042245, 6.774904 ], [ 0.039449, 6.787267 ], [ 0.040626, 6.800808 ], [ 0.034592, 6.800808 ], [ 0.006038, 6.76048 ], [ -0.003087, 6.734871 ], [ 0.00648, 6.704551 ], [ 0.020757, 6.745468 ], [ 0.027674, 6.745468 ], [ 0.031501, 6.736342 ], [ 0.032678, 6.7281 ], [ 0.031354, 6.720447 ], [ 0.027674, 6.712205 ], [ 0.039154, 6.716914 ], [ 0.049016, 6.716914 ], [ 0.056522, 6.712499 ], [ 0.061232, 6.704551 ], [ 0.061232, 6.698369 ], [ 0.053578, 6.697486 ], [ 0.049604, 6.695426 ], [ 0.046219, 6.693365 ], [ 0.040626, 6.69101 ], [ 0.04563, 6.691305 ], [ 0.061232, 6.69101 ], [ 0.054903, 6.67747 ], [ 0.064911, 6.673643 ], [ 0.072712, 6.673054 ], [ 0.078746, 6.676292 ], [ 0.082868, 6.684829 ], [ 0.089049, 6.67747 ], [ 0.09317, 6.679825 ], [ 0.095672, 6.682179 ], [ 0.098469, 6.683651 ], [ 0.103326, 6.684829 ], [ 0.09582, 6.677764 ], [ 0.090963, 6.670111 ], [ 0.088755, 6.660985 ], [ 0.089049, 6.650094 ], [ 0.09582, 6.650094 ], [ 0.103915, 6.673349 ], [ 0.12555, 6.683063 ], [ 0.15116, 6.688067 ], [ 0.170882, 6.698369 ] ] ] } },
{ "type": "Feature", "properties": { "name": "Shardara Bgeni" }, "geometry": { "type": "Polygon", "coordinates": [ [ [ 68.438339, 41.125432 ], [ 68.451291, 41.11925 ], [ 68.455706, 41.106887 ], [ 68.425681, 41.094229 ], [ 68.417145, 41.081571 ], [ 68.369163, 41.050369 ], [ 68.358566, 41.050074 ], [ 68.32442, 41.057434 ], [ 68.299693, 41.039772 ], [ 68.273495, 41.016223 ], [ 68.231107, 41.038889 ], [ 68.218155, 41.04301 ], [ 68.211384, 41.042421 ], [ 68.191662, 41.036828 ], [ 68.169584, 41.048014 ], [ 68.116893, 41.066853 ], [ 68.095405, 41.065381 ], [ 68.081864, 41.04301 ], [ 68.070973, 41.053607 ], [ 68.058609, 41.055079 ], [ 68.045952, 41.050369 ], [ 68.033883, 41.04301 ], [ 68.020636, 41.059494 ], [ 68.012688, 41.098056 ], [ 68.00268, 41.116012 ], [ 67.958525, 41.159578 ], [ 67.951461, 41.170764 ], [ 67.949106, 41.172236 ], [ 67.930855, 41.215213 ], [ 67.930266, 41.215507 ], [ 67.927028, 41.21639 ], [ 67.920552, 41.21639 ], [ 67.913782, 41.217273 ], [ 67.909955, 41.221689 ], [ 67.912016, 41.242 ], [ 67.928206, 41.250242 ], [ 68.012394, 41.24671 ], [ 68.029173, 41.242 ], [ 68.043891, 41.23258 ], [ 68.081275, 41.182244 ], [ 68.091578, 41.17459 ], [ 68.110123, 41.179006 ], [ 68.138088, 41.200494 ], [ 68.157516, 41.208148 ], [ 68.180476, 41.210208 ], [ 68.239938, 41.207559 ], [ 68.249946, 41.199317 ], [ 68.263487, 41.184893 ], [ 68.275261, 41.168703 ], [ 68.28056, 41.156634 ], [ 68.335017, 41.133085 ], [ 68.349735, 41.133085 ], [ 68.383882, 41.138089 ], [ 68.393007, 41.136617 ], [ 68.408314, 41.127198 ], [ 68.438339, 41.125432 ] ] ] } },
{ "type": "Feature", "properties": { "name": "Kostroma Reservoir" }, "geometry": { "type": "Polygon", "coordinates": [ [ [ 41.181104, 57.524163 ], [ 41.253223, 57.510916 ], [ 41.342415, 57.510916 ], [ 41.342415, 57.482952 ], [ 41.312096, 57.486484 ], [ 41.276772, 57.494726 ], [ 41.242626, 57.49767 ], [ 41.215544, 57.486484 ], [ 41.210246, 57.467939 ], [ 41.215839, 57.452044 ], [ 41.212012, 57.445862 ], [ 41.17816, 57.456459 ], [ 41.178455, 57.475593 ], [ 41.155494, 57.48825 ], [ 41.123997, 57.495315 ], [ 41.098976, 57.497376 ], [ 41.090145, 57.500908 ], [ 41.083375, 57.509445 ], [ 41.0716, 57.527695 ], [ 41.064241, 57.533288 ], [ 41.033922, 57.544474 ], [ 41.061298, 57.548301 ], [ 41.122525, 57.514743 ], [ 41.143425, 57.524163 ], [ 41.118993, 57.537409 ], [ 41.092206, 57.558898 ], [ 41.070423, 57.58333 ], [ 41.061298, 57.606585 ], [ 41.052467, 57.640731 ], [ 41.030684, 57.657804 ], [ 41.001836, 57.669873 ], [ 40.972694, 57.688418 ], [ 40.965629, 57.697838 ], [ 40.947967, 57.729335 ], [ 40.944729, 57.74052 ], [ 40.937665, 57.750234 ], [ 40.889978, 57.774372 ], [ 40.864662, 57.780554 ], [ 40.806967, 57.77555 ], [ 40.78018, 57.777905 ], [ 40.76399, 57.786147 ], [ 40.776648, 57.790562 ], [ 40.821685, 57.79851 ], [ 40.670676, 57.797627 ], [ 40.639768, 57.788502 ], [ 40.62505, 57.779671 ], [ 40.587666, 57.770251 ], [ 40.571181, 57.761126 ], [ 40.565, 57.750529 ], [ 40.556463, 57.722564 ], [ 40.546749, 57.709612 ], [ 40.52791, 57.738754 ], [ 40.50024, 57.747585 ], [ 40.397801, 57.730806 ], [ 40.370425, 57.721387 ], [ 40.352763, 57.702253 ], [ 40.348936, 57.668107 ], [ 40.32421, 57.678998 ], [ 40.300661, 57.678998 ], [ 40.210585, 57.644852 ], [ 40.191452, 57.630723 ], [ 40.183798, 57.610411 ], [ 40.161427, 57.571555 ], [ 40.108735, 57.556837 ], [ 40.047508, 57.55772 ], [ 39.999232, 57.566257 ], [ 40.005414, 57.566257 ], [ 40.0949, 57.585979 ], [ 40.114917, 57.596282 ], [ 40.128163, 57.608057 ], [ 40.153184, 57.637787 ], [ 40.190274, 57.666341 ], [ 40.386615, 57.754356 ], [ 40.429887, 57.76613 ], [ 40.574419, 57.784675 ], [ 40.583839, 57.787913 ], [ 40.59944, 57.802043 ], [ 40.609154, 57.805281 ], [ 40.623578, 57.806752 ], [ 40.649188, 57.812345 ], [ 40.6642, 57.81264 ], [ 40.629465, 57.825886 ], [ 40.637119, 57.837661 ], [ 40.632998, 57.848552 ], [ 40.621812, 57.85856 ], [ 40.595025, 57.877988 ], [ 40.582662, 57.883876 ], [ 40.568238, 57.887114 ], [ 40.546749, 57.887702 ], [ 40.55352, 57.903009 ], [ 40.549987, 57.914784 ], [ 40.538507, 57.92126 ], [ 40.520256, 57.92126 ], [ 40.527027, 57.908308 ], [ 40.508776, 57.908602 ], [ 40.492586, 57.916256 ], [ 40.476396, 57.926853 ], [ 40.458146, 57.935684 ], [ 40.483755, 57.943632 ], [ 40.574714, 57.935684 ], [ 40.595908, 57.939511 ], [ 40.608271, 57.939216 ], [ 40.630054, 57.926853 ], [ 40.643006, 57.928325 ], [ 40.65537, 57.934506 ], [ 40.6642, 57.943043 ], [ 40.651248, 57.950991 ], [ 40.60886, 57.963648 ], [ 40.61828, 57.965709 ], [ 40.635353, 57.971891 ], [ 40.643006, 57.9766 ], [ 40.640946, 57.980427 ], [ 40.636236, 57.987786 ], [ 40.635058, 57.994557 ], [ 40.643301, 57.997795 ], [ 40.732493, 58.003976 ], [ 40.724839, 57.991319 ], [ 40.721896, 57.974834 ], [ 40.725723, 57.959233 ], [ 40.739263, 57.949225 ], [ 40.748094, 57.950402 ], [ 40.78695, 57.963648 ], [ 40.842291, 57.963648 ], [ 40.837875, 57.972185 ], [ 40.809616, 58.004565 ], [ 40.808733, 58.009569 ], [ 40.821685, 58.017517 ], [ 40.826689, 58.0184 ], [ 40.837875, 58.012513 ], [ 40.842291, 58.011335 ], [ 40.846706, 58.013985 ], [ 40.859364, 58.028114 ], [ 40.869372, 58.034001 ], [ 40.881147, 58.036062 ], [ 40.893216, 58.034885 ], [ 40.904402, 58.031058 ], [ 40.880264, 57.961882 ], [ 40.880558, 57.929502 ], [ 40.904402, 57.908308 ], [ 40.881736, 57.901243 ], [ 40.849944, 57.8983 ], [ 40.817564, 57.899477 ], [ 40.771055, 57.90978 ], [ 40.743679, 57.908602 ], [ 40.727783, 57.899477 ], [ 40.739263, 57.880343 ], [ 40.715714, 57.874162 ], [ 40.663023, 57.873867 ], [ 40.643006, 57.860327 ], [ 40.698641, 57.822648 ], [ 40.766639, 57.811462 ], [ 40.838464, 57.80793 ], [ 40.904402, 57.792328 ], [ 40.927656, 57.780554 ], [ 40.971517, 57.751118 ], [ 41.022442, 57.694011 ], [ 41.043047, 57.677821 ], [ 41.068362, 57.668107 ], [ 41.085141, 57.668696 ], [ 41.119582, 57.679587 ], [ 41.136361, 57.682236 ], [ 41.156672, 57.679293 ], [ 41.159027, 57.672228 ], [ 41.148724, 57.665163 ], [ 41.129884, 57.661925 ], [ 41.104864, 57.652506 ], [ 41.099859, 57.630723 ], [ 41.10663, 57.605407 ], [ 41.116049, 57.585979 ], [ 41.129001, 57.569495 ], [ 41.136949, 57.562136 ], [ 41.157555, 57.553305 ], [ 41.169329, 57.529461 ], [ 41.181104, 57.524163 ] ] ] } },
{ "type": "Feature", "properties": { "name": "Uglich Reservoir" }, "geometry": { "type": "Polygon", "coordinates": [ [ [ 38.049364, 57.345778 ], [ 38.021694, 57.31693 ], [ 38.005209, 57.305745 ], [ 37.98166, 57.297208 ], [ 37.931913, 57.286611 ], [ 37.908952, 57.27778 ], [ 37.874217, 57.252465 ], [ 37.85685, 57.245989 ], [ 37.833889, 57.250404 ], [ 37.780609, 57.283667 ], [ 37.757943, 57.291321 ], [ 37.760887, 57.290732 ], [ 37.774722, 57.295442 ], [ 37.78944, 57.296619 ], [ 37.804747, 57.294853 ], [ 37.820054, 57.291321 ], [ 37.829474, 57.2872 ], [ 37.844192, 57.279252 ], [ 37.8542, 57.27778 ], [ 37.863031, 57.279841 ], [ 37.87775, 57.28926 ], [ 37.885109, 57.291321 ], [ 37.901593, 57.293676 ], [ 37.935445, 57.30339 ], [ 37.972535, 57.308688 ], [ 37.984898, 57.316636 ], [ 38.005209, 57.339891 ], [ 38.082921, 57.391993 ], [ 38.094402, 57.411716 ], [ 38.10912, 57.429378 ], [ 38.223333, 57.486779 ], [ 38.238934, 57.498553 ], [ 38.268371, 57.527695 ], [ 38.301045, 57.571555 ], [ 38.306049, 57.566257 ], [ 38.304872, 57.55095 ], [ 38.29192, 57.510033 ], [ 38.285738, 57.497376 ], [ 38.269548, 57.481774 ], [ 38.250415, 57.471766 ], [ 38.209792, 57.456459 ], [ 38.135613, 57.415542 ], [ 38.127076, 57.406123 ], [ 38.118245, 57.386695 ], [ 38.111475, 57.377275 ], [ 38.101466, 57.371388 ], [ 38.076445, 57.364323 ], [ 38.066437, 57.360202 ], [ 38.049364, 57.345778 ] ] ] } },
{ "type": "Feature", "properties": { "name": "Ivankovo Reservoir" }, "geometry": { "type": "Polygon", "coordinates": [ [ [ 37.005254, 56.76382 ], [ 36.997012, 56.757344 ], [ 36.98406, 56.722021 ], [ 36.946676, 56.767058 ], [ 36.925187, 56.78001 ], [ 36.824809, 56.793551 ], [ 36.809208, 56.787958 ], [ 36.776533, 56.767058 ], [ 36.771824, 56.760288 ], [ 36.771824, 56.712307 ], [ 36.767114, 56.702887 ], [ 36.721487, 56.678455 ], [ 36.687635, 56.672567 ], [ 36.67174, 56.664325 ], [ 36.66026, 56.656672 ], [ 36.635239, 56.644603 ], [ 36.598149, 56.619287 ], [ 36.568124, 56.604275 ], [ 36.536038, 56.593089 ], [ 36.504247, 56.58573 ], [ 36.454499, 56.582786 ], [ 36.367073, 56.565124 ], [ 36.352355, 56.559237 ], [ 36.326156, 56.54393 ], [ 36.312321, 56.537749 ], [ 36.293482, 56.533922 ], [ 36.236964, 56.530389 ], [ 36.137175, 56.507429 ], [ 36.113331, 56.510373 ], [ 36.13217, 56.535688 ], [ 36.160429, 56.555116 ], [ 36.248739, 56.590734 ], [ 36.255803, 56.591028 ], [ 36.279647, 56.584847 ], [ 36.292599, 56.584552 ], [ 36.302313, 56.589262 ], [ 36.316737, 56.601037 ], [ 36.335576, 56.609573 ], [ 36.355593, 56.613106 ], [ 36.373843, 56.609573 ], [ 36.409167, 56.606924 ], [ 36.461269, 56.613695 ], [ 36.50042, 56.627235 ], [ 36.497476, 56.64372 ], [ 36.446846, 56.660498 ], [ 36.420058, 56.681398 ], [ 36.374432, 56.702298 ], [ 36.374432, 56.706419 ], [ 36.498065, 56.667563 ], [ 36.554289, 56.663148 ], [ 36.572539, 56.654022 ], [ 36.579898, 56.642542 ], [ 36.582842, 56.630768 ], [ 36.587846, 56.626647 ], [ 36.631118, 56.658144 ], [ 36.723548, 56.70848 ], [ 36.750335, 56.734973 ], [ 36.743859, 56.75705 ], [ 36.7156, 56.771768 ], [ 36.675567, 56.777361 ], [ 36.774767, 56.809152 ], [ 36.809208, 56.812096 ], [ 36.870141, 56.810624 ], [ 36.888392, 56.815334 ], [ 36.898989, 56.823576 ], [ 36.921949, 56.853013 ], [ 36.939611, 56.85419 ], [ 36.95845, 56.849186 ], [ 36.976407, 56.840944 ], [ 36.991419, 56.832113 ], [ 37.012613, 56.815334 ], [ 37.020856, 56.811802 ], [ 37.028803, 56.815334 ], [ 37.039695, 56.823871 ], [ 37.051764, 56.829463 ], [ 37.061772, 56.827992 ], [ 37.071192, 56.798261 ], [ 37.084144, 56.786781 ], [ 37.11152, 56.769708 ], [ 37.111814, 56.763526 ], [ 37.114463, 56.755578 ], [ 37.120645, 56.749985 ], [ 37.126827, 56.749102 ], [ 37.13448, 56.749985 ], [ 37.152142, 56.754106 ], [ 37.123883, 56.732618 ], [ 37.120645, 56.725847 ], [ 37.114758, 56.724081 ], [ 37.085616, 56.734973 ], [ 37.073547, 56.736444 ], [ 37.063833, 56.727613 ], [ 37.065305, 56.716428 ], [ 37.064716, 56.706419 ], [ 37.049703, 56.702298 ], [ 37.036751, 56.704359 ], [ 37.031453, 56.709952 ], [ 37.032336, 56.718488 ], [ 37.039401, 56.729674 ], [ 37.029981, 56.755872 ], [ 37.020856, 56.764409 ], [ 37.005254, 56.76382 ] ] ] } },
{ "type": "Feature", "properties": { "name": "Tarbela Dam" }, "geometry": { "type": "Polygon", "coordinates": [ [ [ 73.003632, 34.083064 ], [ 73.019233, 34.07806 ], [ 73.020411, 34.062753 ], [ 72.999805, 34.050979 ], [ 72.957711, 34.036555 ], [ 72.930336, 34.015066 ], [ 72.914145, 34.011828 ], [ 72.891479, 34.019776 ], [ 72.879705, 34.031256 ], [ 72.874112, 34.045386 ], [ 72.870874, 34.060693 ], [ 72.864987, 34.075116 ], [ 72.851446, 34.088952 ], [ 72.834373, 34.096899 ], [ 72.814356, 34.100726 ], [ 72.792573, 34.101904 ], [ 72.774911, 34.096311 ], [ 72.746947, 34.073056 ], [ 72.731345, 34.067463 ], [ 72.716038, 34.076588 ], [ 72.696905, 34.095722 ], [ 72.689251, 34.114561 ], [ 72.756955, 34.138699 ], [ 72.779621, 34.151357 ], [ 72.789041, 34.166958 ], [ 72.793456, 34.17991 ], [ 72.81259, 34.190213 ], [ 72.817005, 34.201104 ], [ 72.816417, 34.224948 ], [ 72.814356, 34.237017 ], [ 72.809646, 34.246436 ], [ 72.826131, 34.268514 ], [ 72.834373, 34.292651 ], [ 72.837022, 34.345048 ], [ 72.834078, 34.352407 ], [ 72.821126, 34.377428 ], [ 72.817005, 34.389792 ], [ 72.816122, 34.404804 ], [ 72.816711, 34.418639 ], [ 72.815534, 34.43218 ], [ 72.809646, 34.445132 ], [ 72.829957, 34.472508 ], [ 72.830546, 34.486637 ], [ 72.826719, 34.491053 ], [ 72.819655, 34.490759 ], [ 72.775794, 34.499589 ], [ 72.768435, 34.505771 ], [ 72.767552, 34.520195 ], [ 72.774911, 34.530792 ], [ 72.784331, 34.540212 ], [ 72.790218, 34.553752 ], [ 72.792573, 34.555813 ], [ 72.794928, 34.558757 ], [ 72.795811, 34.564938 ], [ 72.793751, 34.570826 ], [ 72.784037, 34.579362 ], [ 72.775206, 34.602028 ], [ 72.774323, 34.613508 ], [ 72.781682, 34.622634 ], [ 72.796105, 34.617629 ], [ 72.810824, 34.597318 ], [ 72.820538, 34.573475 ], [ 72.819949, 34.557579 ], [ 72.810235, 34.544627 ], [ 72.801404, 34.527554 ], [ 72.799932, 34.512247 ], [ 72.813179, 34.505771 ], [ 72.839966, 34.503416 ], [ 72.850563, 34.495468 ], [ 72.849974, 34.481045 ], [ 72.843792, 34.458673 ], [ 72.837022, 34.415401 ], [ 72.838494, 34.392441 ], [ 72.847325, 34.382433 ], [ 72.859099, 34.373013 ], [ 72.879116, 34.307958 ], [ 72.862926, 34.277933 ], [ 72.858805, 34.264098 ], [ 72.857333, 34.24261 ], [ 72.858805, 34.223476 ], [ 72.862926, 34.209052 ], [ 72.879116, 34.177555 ], [ 72.868813, 34.15695 ], [ 72.877056, 34.138699 ], [ 72.893834, 34.128985 ], [ 72.909141, 34.132812 ], [ 72.924448, 34.143115 ], [ 72.945054, 34.148707 ], [ 72.965365, 34.14753 ], [ 72.980966, 34.136639 ], [ 72.968308, 34.120448 ], [ 72.95359, 34.110146 ], [ 72.943876, 34.10102 ], [ 72.94682, 34.088068 ], [ 72.963893, 34.077766 ], [ 73.003632, 34.083064 ] ] ] } },
{ "type": "Feature", "properties": { "name": "Lago de Cahora Bassa" }, "geometry": { "type": "Polygon", "coordinates": [ [ [ 32.7043, -15.572632 ], [ 32.707538, -15.57322 ], [ 32.71107, -15.595298 ], [ 32.702828, -15.607955 ], [ 32.687227, -15.609133 ], [ 32.669859, -15.597358 ], [ 32.642778, -15.56645 ], [ 32.628354, -15.562623 ], [ 32.590087, -15.573515 ], [ 32.570953, -15.573515 ], [ 32.552114, -15.57116 ], [ 32.536807, -15.567039 ], [ 32.543577, -15.583817 ], [ 32.539162, -15.595592 ], [ 32.526799, -15.602951 ], [ 32.509431, -15.607955 ], [ 32.490592, -15.608544 ], [ 32.477051, -15.602362 ], [ 32.447615, -15.579991 ], [ 32.430541, -15.595592 ], [ 32.409642, -15.606778 ], [ 32.395806, -15.620024 ], [ 32.399633, -15.642102 ], [ 32.372257, -15.644162 ], [ 32.351946, -15.648872 ], [ 32.339583, -15.655642 ], [ 32.331635, -15.662413 ], [ 32.321627, -15.663885 ], [ 32.303376, -15.655642 ], [ 32.29484, -15.667417 ], [ 32.281004, -15.675953 ], [ 32.265403, -15.678603 ], [ 32.251862, -15.672715 ], [ 32.240971, -15.669477 ], [ 32.226841, -15.672421 ], [ 32.164142, -15.695676 ], [ 32.152956, -15.697148 ], [ 32.146186, -15.703624 ], [ 32.145597, -15.717459 ], [ 32.142359, -15.731294 ], [ 32.128524, -15.737476 ], [ 32.1141, -15.736298 ], [ 32.077599, -15.723935 ], [ 32.022847, -15.717164 ], [ 32.009895, -15.711866 ], [ 31.987818, -15.699797 ], [ 31.960736, -15.695087 ], [ 31.934832, -15.685373 ], [ 31.909223, -15.681252 ], [ 31.872133, -15.669477 ], [ 31.854765, -15.6683 ], [ 31.845934, -15.670949 ], [ 31.838281, -15.677425 ], [ 31.823563, -15.686551 ], [ 31.797659, -15.696853 ], [ 31.770283, -15.703918 ], [ 31.65813, -15.713926 ], [ 31.628694, -15.710688 ], [ 31.607794, -15.700386 ], [ 31.59337, -15.681841 ], [ 31.585128, -15.676542 ], [ 31.570409, -15.676248 ], [ 31.562756, -15.683607 ], [ 31.555986, -15.695381 ], [ 31.546272, -15.700974 ], [ 31.528904, -15.689789 ], [ 31.53332, -15.685079 ], [ 31.538913, -15.674187 ], [ 31.542445, -15.669477 ], [ 31.532731, -15.665356 ], [ 31.521545, -15.66359 ], [ 31.512125, -15.666534 ], [ 31.508299, -15.676248 ], [ 31.505649, -15.686551 ], [ 31.49829, -15.687139 ], [ 31.489459, -15.684196 ], [ 31.481511, -15.683018 ], [ 31.458257, -15.685079 ], [ 31.434708, -15.682724 ], [ 31.412336, -15.675659 ], [ 31.392908, -15.663001 ], [ 31.385549, -15.685373 ], [ 31.379662, -15.69597 ], [ 31.370831, -15.694204 ], [ 31.354641, -15.679486 ], [ 31.336979, -15.670655 ], [ 31.328737, -15.682724 ], [ 31.323438, -15.717164 ], [ 31.308425, -15.705684 ], [ 31.294002, -15.699797 ], [ 31.278695, -15.700386 ], [ 31.261916, -15.707156 ], [ 31.256323, -15.713926 ], [ 31.2575, -15.721874 ], [ 31.263388, -15.728645 ], [ 31.272219, -15.731294 ], [ 31.277223, -15.735121 ], [ 31.271924, -15.743952 ], [ 31.258383, -15.758081 ], [ 31.247492, -15.775743 ], [ 31.236601, -15.784279 ], [ 31.207164, -15.798998 ], [ 31.193329, -15.811361 ], [ 31.158888, -15.861108 ], [ 31.150352, -15.848156 ], [ 31.144759, -15.823724 ], [ 31.143876, -15.798409 ], [ 31.148586, -15.781925 ], [ 31.160066, -15.77692 ], [ 31.18803, -15.777509 ], [ 31.200394, -15.771622 ], [ 31.208636, -15.761319 ], [ 31.213051, -15.750133 ], [ 31.214229, -15.738064 ], [ 31.21364, -15.723935 ], [ 31.191268, -15.734826 ], [ 31.182438, -15.736887 ], [ 31.169486, -15.737476 ], [ 31.08883, -15.725995 ], [ 31.03555, -15.702741 ], [ 30.992867, -15.69597 ], [ 30.959604, -15.683018 ], [ 30.906324, -15.676248 ], [ 30.8919, -15.672127 ], [ 30.850984, -15.655642 ], [ 30.836265, -15.655054 ], [ 30.823608, -15.656231 ], [ 30.811244, -15.653876 ], [ 30.796526, -15.642102 ], [ 30.809773, -15.632682 ], [ 30.818015, -15.62915 ], [ 30.827434, -15.630033 ], [ 31.001698, -15.680663 ], [ 31.040848, -15.687139 ], [ 31.096189, -15.706567 ], [ 31.124742, -15.710983 ], [ 31.141227, -15.710688 ], [ 31.158005, -15.708628 ], [ 31.172135, -15.702741 ], [ 31.183026, -15.690083 ], [ 31.19745, -15.680075 ], [ 31.226592, -15.690377 ], [ 31.23454, -15.676248 ], [ 31.253085, -15.680958 ], [ 31.27163, -15.652404 ], [ 31.28988, -15.652404 ], [ 31.307837, -15.654171 ], [ 31.321672, -15.643868 ], [ 31.32962, -15.6265 ], [ 31.330797, -15.607955 ], [ 31.34581, -15.615609 ], [ 31.364649, -15.617081 ], [ 31.431175, -15.610899 ], [ 31.437063, -15.614726 ], [ 31.446188, -15.625323 ], [ 31.454724, -15.62444 ], [ 31.463555, -15.618552 ], [ 31.474741, -15.614726 ], [ 31.483572, -15.615609 ], [ 31.501528, -15.620907 ], [ 31.508299, -15.621496 ], [ 31.516541, -15.618847 ], [ 31.533908, -15.609722 ], [ 31.542739, -15.607955 ], [ 31.56305, -15.607661 ], [ 31.581301, -15.609427 ], [ 31.596314, -15.617081 ], [ 31.604556, -15.635331 ], [ 31.610149, -15.624145 ], [ 31.619274, -15.615903 ], [ 31.628105, -15.614431 ], [ 31.631932, -15.624734 ], [ 31.629871, -15.650638 ], [ 31.634581, -15.65682 ], [ 31.649299, -15.64534 ], [ 31.660485, -15.633565 ], [ 31.668433, -15.627383 ], [ 31.678147, -15.624145 ], [ 31.830627, -15.6056 ], [ 31.856237, -15.599124 ], [ 31.885379, -15.588233 ], [ 31.900097, -15.58735 ], [ 31.913049, -15.59412 ], [ 31.934538, -15.616198 ], [ 31.946607, -15.61973 ], [ 31.978987, -15.587939 ], [ 32.004008, -15.597653 ], [ 32.030501, -15.617375 ], [ 32.056993, -15.627678 ], [ 32.070534, -15.625617 ], [ 32.078776, -15.620613 ], [ 32.094378, -15.604423 ], [ 32.105858, -15.596769 ], [ 32.117632, -15.593531 ], [ 32.174445, -15.591471 ], [ 32.275706, -15.568511 ], [ 32.28542, -15.564389 ], [ 32.313679, -15.536425 ], [ 32.324276, -15.52936 ], [ 32.336639, -15.523178 ], [ 32.351946, -15.51788 ], [ 32.349886, -15.523767 ], [ 32.347531, -15.533187 ], [ 32.344293, -15.539074 ], [ 32.384032, -15.551732 ], [ 32.395806, -15.553204 ], [ 32.409642, -15.55026 ], [ 32.427303, -15.536425 ], [ 32.441139, -15.532304 ], [ 32.447026, -15.533776 ], [ 32.457034, -15.543195 ], [ 32.461744, -15.545845 ], [ 32.469986, -15.54555 ], [ 32.481761, -15.540252 ], [ 32.488531, -15.539074 ], [ 32.500306, -15.540252 ], [ 32.526504, -15.548199 ], [ 32.536807, -15.553204 ], [ 32.544166, -15.541135 ], [ 32.552114, -15.540252 ], [ 32.56065, -15.54349 ], [ 32.570953, -15.542312 ], [ 32.574191, -15.539368 ], [ 32.583611, -15.527888 ], [ 32.585083, -15.525239 ], [ 32.59303, -15.527594 ], [ 32.598035, -15.532009 ], [ 32.601273, -15.536425 ], [ 32.605688, -15.539074 ], [ 32.642484, -15.545256 ], [ 32.662795, -15.54349 ], [ 32.680751, -15.532304 ], [ 32.680751, -15.559385 ], [ 32.682517, -15.564684 ], [ 32.680751, -15.569099 ], [ 32.680457, -15.572043 ], [ 32.687227, -15.57322 ], [ 32.7043, -15.572632 ] ] ] } },
{ "type": "Feature", "properties": { "name": "Roseires Reservoir" }, "geometry": { "type": "Polygon", "coordinates": [ [ [ 34.329484, 11.593939 ], [ 34.319182, 11.622493 ], [ 34.35215, 11.632207 ], [ 34.345674, 11.654873 ], [ 34.335077, 11.67224 ], [ 34.328013, 11.689902 ], [ 34.331251, 11.71404 ], [ 34.340965, 11.73494 ], [ 34.356272, 11.758489 ], [ 34.374228, 11.778506 ], [ 34.393361, 11.789397 ], [ 34.420149, 11.791752 ], [ 34.443698, 11.798522 ], [ 34.464009, 11.799111 ], [ 34.482554, 11.783215 ], [ 34.488735, 11.759961 ], [ 34.489324, 11.726698 ], [ 34.481671, 11.702854 ], [ 34.462243, 11.707564 ], [ 34.456355, 11.717278 ], [ 34.452234, 11.727581 ], [ 34.446347, 11.732879 ], [ 34.434867, 11.727875 ], [ 34.430451, 11.717867 ], [ 34.428096, 11.687253 ], [ 34.423975, 11.676656 ], [ 34.417205, 11.663704 ], [ 34.422798, 11.65399 ], [ 34.441048, 11.638388 ], [ 34.455472, 11.601298 ], [ 34.461654, 11.59129 ], [ 34.483143, 11.574217 ], [ 34.528769, 11.552728 ], [ 34.547608, 11.529179 ], [ 34.562621, 11.504453 ], [ 34.580871, 11.485319 ], [ 34.65093, 11.437043 ], [ 34.671241, 11.416143 ], [ 34.682427, 11.410256 ], [ 34.697145, 11.405841 ], [ 34.710392, 11.398776 ], [ 34.715985, 11.385235 ], [ 34.720989, 11.355799 ], [ 34.733941, 11.33225 ], [ 34.753663, 11.312822 ], [ 34.777507, 11.296337 ], [ 34.73659, 11.295748 ], [ 34.706859, 11.323124 ], [ 34.681838, 11.361097 ], [ 34.655346, 11.392005 ], [ 34.638861, 11.402014 ], [ 34.585581, 11.423208 ], [ 34.566153, 11.434983 ], [ 34.550258, 11.45029 ], [ 34.520821, 11.484436 ], [ 34.504042, 11.49621 ], [ 34.487852, 11.498565 ], [ 34.471957, 11.497977 ], [ 34.455178, 11.501803 ], [ 34.439282, 11.51505 ], [ 34.427213, 11.530945 ], [ 34.413673, 11.544192 ], [ 34.393656, 11.549785 ], [ 34.360981, 11.56362 ], [ 34.329484, 11.593939 ] ] ] } },
{ "type": "Feature", "properties": { "name": "Votkinsk Reservoir" }, "geometry": { "type": "Polygon", "coordinates": [ [ [ 55.563441, 57.277486 ], [ 55.57757, 57.259824 ], [ 55.588167, 57.241868 ], [ 55.585518, 57.226561 ], [ 55.566384, 57.22244 ], [ 55.546956, 57.239513 ], [ 55.520169, 57.27778 ], [ 55.471305, 57.307216 ], [ 55.420969, 57.3081 ], [ 55.260246, 57.27101 ], [ 55.249649, 57.273953 ], [ 55.231104, 57.288083 ], [ 55.132197, 57.308394 ], [ 55.10335, 57.305745 ], [ 55.078329, 57.294853 ], [ 55.066554, 57.287494 ], [ 55.064199, 57.281018 ], [ 55.078034, 57.276014 ], [ 55.094224, 57.274248 ], [ 55.102172, 57.268949 ], [ 55.092458, 57.253642 ], [ 55.088043, 57.244222 ], [ 55.090398, 57.220085 ], [ 55.088926, 57.209488 ], [ 55.081272, 57.200951 ], [ 55.061844, 57.191237 ], [ 55.05478, 57.181523 ], [ 55.055074, 57.135013 ], [ 55.049775, 57.110287 ], [ 55.030347, 57.09969 ], [ 55.008564, 57.094686 ], [ 54.962055, 57.072019 ], [ 54.938211, 57.065249 ], [ 54.891113, 57.066132 ], [ 54.876689, 57.062011 ], [ 54.869036, 57.053475 ], [ 54.857556, 57.029042 ], [ 54.852846, 57.023744 ], [ 54.780432, 57.031103 ], [ 54.725975, 57.015207 ], [ 54.701248, 57.011086 ], [ 54.646791, 57.010203 ], [ 54.623242, 57.01609 ], [ 54.601459, 57.028454 ], [ 54.577321, 57.038756 ], [ 54.54759, 57.038168 ], [ 54.52669, 57.028454 ], [ 54.484007, 57.00255 ], [ 54.440147, 56.992836 ], [ 54.3695, 56.963105 ], [ 54.33918, 56.956629 ], [ 54.253226, 56.955451 ], [ 54.23056, 56.948975 ], [ 54.220257, 56.932197 ], [ 54.212015, 56.887159 ], [ 54.187877, 56.82181 ], [ 54.184639, 56.801499 ], [ 54.171098, 56.795906 ], [ 54.088382, 56.771179 ], [ 54.090148, 56.785309 ], [ 54.095152, 56.797966 ], [ 54.087205, 56.825342 ], [ 54.088088, 56.847125 ], [ 54.092503, 56.869203 ], [ 54.095152, 56.897167 ], [ 54.087499, 56.936023 ], [ 54.088382, 56.948681 ], [ 54.098685, 56.966048 ], [ 54.113697, 56.973113 ], [ 54.130476, 56.977529 ], [ 54.17522, 57.003138 ], [ 54.206716, 57.009026 ], [ 54.340947, 57.011969 ], [ 54.372738, 57.019034 ], [ 54.396287, 57.038168 ], [ 54.444563, 57.068487 ], [ 54.466934, 57.089976 ], [ 54.465168, 57.10646 ], [ 54.478415, 57.116174 ], [ 54.493427, 57.112642 ], [ 54.509617, 57.104105 ], [ 54.526985, 57.09969 ], [ 54.632367, 57.097924 ], [ 54.655033, 57.093214 ], [ 54.69801, 57.079084 ], [ 54.724797, 57.066132 ], [ 54.740693, 57.062894 ], [ 54.760121, 57.065249 ], [ 54.770424, 57.072019 ], [ 54.796328, 57.095863 ], [ 54.801626, 57.102928 ], [ 54.807219, 57.122061 ], [ 54.821054, 57.123828 ], [ 54.86256, 57.111464 ], [ 54.884343, 57.101456 ], [ 54.897, 57.09969 ], [ 54.904948, 57.101456 ], [ 54.951458, 57.129715 ], [ 54.962349, 57.140018 ], [ 54.971474, 57.154736 ], [ 54.961172, 57.168571 ], [ 54.953518, 57.18741 ], [ 54.952341, 57.207721 ], [ 54.977362, 57.258941 ], [ 54.981777, 57.280135 ], [ 54.987959, 57.285139 ], [ 54.994729, 57.2872 ], [ 54.999439, 57.291321 ], [ 55.004443, 57.31487 ], [ 54.997673, 57.332237 ], [ 54.9806, 57.342834 ], [ 54.947337, 57.348427 ], [ 54.947042, 57.352843 ], [ 54.951752, 57.357258 ], [ 54.958522, 57.360202 ], [ 54.968531, 57.360202 ], [ 54.984721, 57.354315 ], [ 54.993552, 57.352843 ], [ 55.008564, 57.353432 ], [ 55.017395, 57.356081 ], [ 55.071558, 57.394643 ], [ 55.093636, 57.401413 ], [ 55.10335, 57.384045 ], [ 55.11954, 57.369033 ], [ 55.157513, 57.360202 ], [ 55.225511, 57.352843 ], [ 55.31853, 57.327233 ], [ 55.339135, 57.328999 ], [ 55.361213, 57.338419 ], [ 55.45276, 57.346661 ], [ 55.479841, 57.352254 ], [ 55.492793, 57.35667 ], [ 55.503096, 57.363734 ], [ 55.509866, 57.37492 ], [ 55.507512, 57.383751 ], [ 55.502802, 57.39111 ], [ 55.499858, 57.397881 ], [ 55.486612, 57.419369 ], [ 55.455703, 57.431144 ], [ 55.419497, 57.435854 ], [ 55.390355, 57.435265 ], [ 55.481608, 57.477065 ], [ 55.506628, 57.497376 ], [ 55.51958, 57.520925 ], [ 55.520758, 57.548006 ], [ 55.508689, 57.570084 ], [ 55.482785, 57.579209 ], [ 55.41773, 57.581858 ], [ 55.397419, 57.585979 ], [ 55.347377, 57.609823 ], [ 55.332365, 57.613355 ], [ 55.337663, 57.618654 ], [ 55.343256, 57.631311 ], [ 55.345906, 57.646913 ], [ 55.342668, 57.661925 ], [ 55.332954, 57.672522 ], [ 55.295569, 57.696071 ], [ 55.319119, 57.697838 ], [ 55.350321, 57.6946 ], [ 55.377697, 57.697543 ], [ 55.390355, 57.716383 ], [ 55.381524, 57.735811 ], [ 55.358269, 57.744347 ], [ 55.330304, 57.748468 ], [ 55.307933, 57.754356 ], [ 55.272315, 57.776727 ], [ 55.243173, 57.801748 ], [ 55.231987, 57.807341 ], [ 55.203139, 57.809402 ], [ 55.191364, 57.81264 ], [ 55.183417, 57.818821 ], [ 55.164577, 57.839427 ], [ 55.178707, 57.8565 ], [ 55.198135, 57.868274 ], [ 55.22139, 57.874162 ], [ 55.246705, 57.874162 ], [ 55.230809, 57.863859 ], [ 55.226394, 57.848258 ], [ 55.230221, 57.832068 ], [ 55.23964, 57.818821 ], [ 55.257008, 57.808224 ], [ 55.398597, 57.75671 ], [ 55.436275, 57.736988 ], [ 55.45276, 57.713145 ], [ 55.451582, 57.703431 ], [ 55.446284, 57.686063 ], [ 55.445106, 57.678998 ], [ 55.440985, 57.6737 ], [ 55.422146, 57.665752 ], [ 55.399774, 57.629251 ], [ 55.396536, 57.60894 ], [ 55.414492, 57.599814 ], [ 55.503096, 57.599814 ], [ 55.518992, 57.596871 ], [ 55.534299, 57.589217 ], [ 55.548723, 57.578326 ], [ 55.56138, 57.566257 ], [ 55.57551, 57.525929 ], [ 55.554315, 57.493549 ], [ 55.526056, 57.464701 ], [ 55.520169, 57.435265 ], [ 55.535476, 57.416131 ], [ 55.574627, 57.378453 ], [ 55.58228, 57.356375 ], [ 55.576393, 57.332826 ], [ 55.554021, 57.311338 ], [ 55.55461, 57.291321 ], [ 55.563441, 57.277486 ] ] ] } },
{ "type": "Feature", "properties": { "name": "Kama Reservoir" }, "geometry": { "type": "Polygon", "coordinates": [ [ [ 57.050274, 58.153513 ], [ 57.045564, 58.144388 ], [ 57.027019, 58.128198 ], [ 57.01024, 58.121722 ], [ 56.991695, 58.124077 ], [ 56.925169, 58.157634 ], [ 56.901031, 58.164699 ], [ 56.88072, 58.158812 ], [ 56.861881, 58.148215 ], [ 56.835094, 58.142033 ], [ 56.811545, 58.14586 ], [ 56.801536, 58.165288 ], [ 56.802419, 58.174119 ], [ 56.807718, 58.190014 ], [ 56.808895, 58.199728 ], [ 56.808307, 58.21062 ], [ 56.793588, 58.267727 ], [ 56.785935, 58.271259 ], [ 56.770922, 58.261251 ], [ 56.758853, 58.242117 ], [ 56.758265, 58.207382 ], [ 56.746785, 58.189426 ], [ 56.726473, 58.182655 ], [ 56.684379, 58.19443 ], [ 56.664951, 58.189426 ], [ 56.673488, 58.18501 ], [ 56.682319, 58.176768 ], [ 56.687617, 58.166465 ], [ 56.685262, 58.155279 ], [ 56.673782, 58.14792 ], [ 56.656709, 58.146154 ], [ 56.623152, 58.14792 ], [ 56.650233, 58.133791 ], [ 56.657298, 58.127315 ], [ 56.659947, 58.121428 ], [ 56.662008, 58.107004 ], [ 56.664951, 58.099939 ], [ 56.679964, 58.086987 ], [ 56.699098, 58.078745 ], [ 56.78829, 58.052252 ], [ 56.799181, 58.04401 ], [ 56.801536, 58.037828 ], [ 56.800653, 58.031941 ], [ 56.801536, 58.024876 ], [ 56.809484, 58.003388 ], [ 56.809484, 57.991907 ], [ 56.800359, 57.982782 ], [ 56.780931, 57.96983 ], [ 56.761208, 57.970419 ], [ 56.729711, 57.972774 ], [ 56.698214, 57.970419 ], [ 56.664951, 57.963648 ], [ 56.664951, 57.956878 ], [ 56.700569, 57.956878 ], [ 56.717642, 57.954817 ], [ 56.733244, 57.949225 ], [ 56.711755, 57.924204 ], [ 56.705868, 57.915078 ], [ 56.747373, 57.928913 ], [ 56.767684, 57.932151 ], [ 56.784758, 57.925087 ], [ 56.793883, 57.906542 ], [ 56.783874, 57.895062 ], [ 56.746785, 57.880343 ], [ 56.761503, 57.876517 ], [ 56.793294, 57.875045 ], [ 56.808601, 57.870924 ], [ 56.820964, 57.863565 ], [ 56.83215, 57.852968 ], [ 56.834211, 57.843548 ], [ 56.819198, 57.839427 ], [ 56.80448, 57.838544 ], [ 56.79035, 57.835011 ], [ 56.779165, 57.827947 ], [ 56.774749, 57.815878 ], [ 56.782991, 57.810873 ], [ 56.801536, 57.81264 ], [ 56.832739, 57.818821 ], [ 56.848929, 57.816761 ], [ 56.854816, 57.810285 ], [ 56.856582, 57.784675 ], [ 56.86247, 57.768191 ], [ 56.863353, 57.761126 ], [ 56.859526, 57.757594 ], [ 56.84157, 57.759654 ], [ 56.836271, 57.758182 ], [ 56.836271, 57.741698 ], [ 56.86247, 57.704902 ], [ 56.871006, 57.682236 ], [ 56.858054, 57.690184 ], [ 56.825968, 57.726391 ], [ 56.799476, 57.746113 ], [ 56.79506, 57.750529 ], [ 56.796532, 57.76142 ], [ 56.802419, 57.764364 ], [ 56.811839, 57.765541 ], [ 56.822436, 57.770546 ], [ 56.83686, 57.784381 ], [ 56.838332, 57.790857 ], [ 56.827146, 57.792328 ], [ 56.805069, 57.792328 ], [ 56.786818, 57.788207 ], [ 56.770039, 57.781143 ], [ 56.752672, 57.779965 ], [ 56.733244, 57.792328 ], [ 56.736482, 57.802631 ], [ 56.734127, 57.811462 ], [ 56.732949, 57.820882 ], [ 56.740603, 57.833245 ], [ 56.751789, 57.838838 ], [ 56.782403, 57.843253 ], [ 56.79506, 57.846786 ], [ 56.773866, 57.85179 ], [ 56.72088, 57.850318 ], [ 56.702336, 57.857089 ], [ 56.699098, 57.871807 ], [ 56.71205, 57.885348 ], [ 56.729711, 57.897416 ], [ 56.740603, 57.908308 ], [ 56.689089, 57.899771 ], [ 56.671133, 57.903304 ], [ 56.682024, 57.925087 ], [ 56.677609, 57.933035 ], [ 56.657887, 57.940099 ], [ 56.639047, 57.950991 ], [ 56.636987, 57.96983 ], [ 56.654354, 57.984254 ], [ 56.682908, 57.99279 ], [ 56.770039, 58.000444 ], [ 56.78358, 58.007803 ], [ 56.778281, 58.0184 ], [ 56.753555, 58.031058 ], [ 56.699098, 58.047542 ], [ 56.67496, 58.058434 ], [ 56.636692, 58.092874 ], [ 56.618442, 58.103471 ], [ 56.465078, 58.163522 ], [ 56.404733, 58.172058 ], [ 56.356163, 58.14792 ], [ 56.349982, 58.137029 ], [ 56.346155, 58.124077 ], [ 56.344094, 58.096701 ], [ 56.339973, 58.084926 ], [ 56.330259, 58.075212 ], [ 56.308476, 58.058434 ], [ 56.313775, 58.07639 ], [ 56.315835, 58.101705 ], [ 56.313775, 58.12496 ], [ 56.305238, 58.134968 ], [ 56.296407, 58.147332 ], [ 56.31142, 58.175296 ], [ 56.344094, 58.216802 ], [ 56.337618, 58.253597 ], [ 56.223405, 58.282445 ], [ 56.20486, 58.326599 ], [ 56.239301, 58.360157 ], [ 56.363522, 58.359274 ], [ 56.411504, 58.381351 ], [ 56.407677, 58.412554 ], [ 56.366466, 58.441696 ], [ 56.249309, 58.493209 ], [ 56.230764, 58.492326 ], [ 56.213985, 58.482907 ], [ 56.195441, 58.466717 ], [ 56.18867, 58.463479 ], [ 56.183077, 58.466717 ], [ 56.179545, 58.473193 ], [ 56.178367, 58.480552 ], [ 56.180134, 58.486733 ], [ 56.184843, 58.489677 ], [ 56.190436, 58.491738 ], [ 56.20486, 58.500274 ], [ 56.214869, 58.50469 ], [ 56.222816, 58.510577 ], [ 56.226054, 58.521468 ], [ 56.213102, 58.536481 ], [ 56.18396, 58.540896 ], [ 56.15158, 58.538247 ], [ 56.129797, 58.532066 ], [ 56.110369, 58.514992 ], [ 56.092413, 58.492621 ], [ 56.072691, 58.47437 ], [ 56.047964, 58.469955 ], [ 56.066509, 58.50204 ], [ 56.067098, 58.517936 ], [ 56.048258, 58.524706 ], [ 56.024415, 58.523823 ], [ 56.003221, 58.520291 ], [ 55.984087, 58.512343 ], [ 55.965837, 58.497919 ], [ 55.974667, 58.51617 ], [ 55.992624, 58.530594 ], [ 56.004987, 58.544723 ], [ 55.988503, 58.581519 ], [ 56.002338, 58.596237 ], [ 56.021177, 58.611838 ], [ 56.027947, 58.634504 ], [ 56.014995, 58.654521 ], [ 55.992329, 58.653932 ], [ 55.967897, 58.64098 ], [ 55.937283, 58.613899 ], [ 55.931396, 58.615076 ], [ 55.921682, 58.631561 ], [ 55.909613, 58.63627 ], [ 55.895778, 58.634799 ], [ 55.870463, 58.628323 ], [ 55.703558, 58.605068 ], [ 55.650573, 58.586817 ], [ 55.645274, 58.582991 ], [ 55.64233, 58.575631 ], [ 55.637032, 58.572982 ], [ 55.627906, 58.572688 ], [ 55.62143, 58.575043 ], [ 55.615543, 58.577986 ], [ 55.609067, 58.579753 ], [ 55.551372, 58.579753 ], [ 55.527823, 58.57416 ], [ 55.482196, 58.549727 ], [ 55.45276, 58.546489 ], [ 55.386528, 58.564151 ], [ 55.363273, 58.565623 ], [ 55.393004, 58.571805 ], [ 55.465123, 58.560913 ], [ 55.48985, 58.56945 ], [ 55.509572, 58.585345 ], [ 55.534299, 58.594765 ], [ 55.644685, 58.605951 ], [ 55.953768, 58.68955 ], [ 56.07534, 58.740475 ], [ 56.099478, 58.744302 ], [ 56.13804, 58.759609 ], [ 56.143927, 58.761081 ], [ 56.13804, 58.775505 ], [ 56.123321, 58.777565 ], [ 56.089469, 58.771678 ], [ 56.061799, 58.774622 ], [ 56.035306, 58.781098 ], [ 55.986442, 58.799643 ], [ 55.986442, 58.806413 ], [ 56.032657, 58.814949 ], [ 56.079167, 58.806413 ], [ 56.164532, 58.771678 ], [ 56.201328, 58.791695 ], [ 56.211336, 58.809945 ], [ 56.19809, 58.829373 ], [ 56.110075, 58.888246 ], [ 56.095651, 58.90267 ], [ 56.093591, 58.910912 ], [ 56.103305, 58.916211 ], [ 56.123616, 58.922392 ], [ 56.105954, 58.929751 ], [ 56.000866, 58.936227 ], [ 55.863103, 58.970962 ], [ 55.649395, 58.963603 ], [ 55.58228, 58.983914 ], [ 55.863103, 58.998338 ], [ 55.909907, 58.986269 ], [ 56.018528, 58.980382 ], [ 56.058267, 58.960071 ], [ 56.090941, 58.950063 ], [ 56.143338, 58.951534 ], [ 56.193674, 58.961543 ], [ 56.219873, 58.977144 ], [ 56.166298, 59.027186 ], [ 56.151286, 59.051913 ], [ 56.122733, 59.06928 ], [ 56.116257, 59.077228 ], [ 56.11714, 59.091652 ], [ 56.120966, 59.103426 ], [ 56.129209, 59.111374 ], [ 56.143927, 59.114318 ], [ 56.166593, 59.123149 ], [ 56.177484, 59.144637 ], [ 56.185138, 59.19674 ], [ 56.192791, 59.222644 ], [ 56.205449, 59.2406 ], [ 56.223111, 59.253846 ], [ 56.344094, 59.301239 ], [ 56.409149, 59.313014 ], [ 56.437113, 59.328615 ], [ 56.48745, 59.36806 ], [ 56.465667, 59.383072 ], [ 56.411504, 59.394847 ], [ 56.391193, 59.416041 ], [ 56.407971, 59.404855 ], [ 56.473026, 59.395436 ], [ 56.526011, 59.371592 ], [ 56.545145, 59.36806 ], [ 56.585767, 59.369237 ], [ 56.631983, 59.376302 ], [ 56.669661, 59.393669 ], [ 56.685262, 59.425755 ], [ 56.664068, 59.445772 ], [ 56.621385, 59.457546 ], [ 56.588122, 59.473442 ], [ 56.596659, 59.504645 ], [ 56.654354, 59.53938 ], [ 56.662891, 59.547327 ], [ 56.649644, 59.564989 ], [ 56.61697, 59.59472 ], [ 56.629333, 59.599724 ], [ 56.642874, 59.60149 ], [ 56.671722, 59.600902 ], [ 56.671722, 59.607672 ], [ 56.616381, 59.639758 ], [ 56.596953, 59.660658 ], [ 56.589594, 59.693332 ], [ 56.58459, 59.705107 ], [ 56.561041, 59.721002 ], [ 56.555742, 59.731305 ], [ 56.557803, 59.739253 ], [ 56.562218, 59.745729 ], [ 56.567222, 59.750439 ], [ 56.569283, 59.75191 ], [ 56.5684, 59.758681 ], [ 56.56369, 59.771044 ], [ 56.562513, 59.775754 ], [ 56.549561, 59.79842 ], [ 56.519241, 59.815199 ], [ 56.459485, 59.841103 ], [ 56.395902, 59.903508 ], [ 56.363817, 59.915577 ], [ 56.363817, 59.922936 ], [ 56.414742, 59.912339 ], [ 56.436819, 59.903508 ], [ 56.445944, 59.885552 ], [ 56.454481, 59.8726 ], [ 56.474792, 59.857882 ], [ 56.498047, 59.846107 ], [ 56.555448, 59.825796 ], [ 56.626684, 59.756326 ], [ 56.664951, 59.738075 ], [ 56.654943, 59.713349 ], [ 56.660241, 59.695687 ], [ 56.666717, 59.680969 ], [ 56.655237, 59.645351 ], [ 56.676137, 59.630927 ], [ 56.733244, 59.614442 ], [ 56.70734, 59.568227 ], [ 56.704985, 59.551743 ], [ 56.726768, 59.559985 ], [ 56.696743, 59.494342 ], [ 56.692033, 59.474031 ], [ 56.699981, 59.454308 ], [ 56.72824, 59.427227 ], [ 56.726768, 59.408388 ], [ 56.710283, 59.393964 ], [ 56.661419, 59.371298 ], [ 56.651116, 59.357463 ], [ 56.660241, 59.342156 ], [ 56.719409, 59.292997 ], [ 56.664951, 59.306832 ], [ 56.646112, 59.307126 ], [ 56.48745, 59.278867 ], [ 56.469494, 59.27975 ], [ 56.434464, 59.286815 ], [ 56.418274, 59.285638 ], [ 56.408266, 59.279162 ], [ 56.401495, 59.269742 ], [ 56.393548, 59.261794 ], [ 56.380596, 59.258262 ], [ 56.322017, 59.257967 ], [ 56.296113, 59.253846 ], [ 56.240478, 59.237362 ], [ 56.228115, 59.230297 ], [ 56.219873, 59.216757 ], [ 56.219578, 59.20351 ], [ 56.224583, 59.193207 ], [ 56.23047, 59.18526 ], [ 56.233708, 59.179372 ], [ 56.246954, 59.173485 ], [ 56.309359, 59.167598 ], [ 56.329082, 59.161416 ], [ 56.346449, 59.133451 ], [ 56.331437, 59.125209 ], [ 56.302295, 59.124032 ], [ 56.277568, 59.117261 ], [ 56.265794, 59.116084 ], [ 56.239006, 59.131097 ], [ 56.229881, 59.131391 ], [ 56.212219, 59.115201 ], [ 56.20486, 59.106076 ], [ 56.199267, 59.093712 ], [ 56.194852, 59.060744 ], [ 56.211925, 59.060155 ], [ 56.23989, 59.071046 ], [ 56.26756, 59.073401 ], [ 56.274036, 59.068691 ], [ 56.277862, 59.062215 ], [ 56.280806, 59.055151 ], [ 56.284338, 59.049558 ], [ 56.293169, 59.041315 ], [ 56.299057, 59.041021 ], [ 56.305238, 59.043965 ], [ 56.377358, 59.052796 ], [ 56.34851, 59.041021 ], [ 56.339973, 59.035428 ], [ 56.329965, 59.027186 ], [ 56.327021, 59.021887 ], [ 56.325844, 59.015706 ], [ 56.322311, 59.005109 ], [ 56.323783, 59.005697 ], [ 56.317896, 58.981854 ], [ 56.315835, 58.980676 ], [ 56.31142, 58.973023 ], [ 56.301706, 58.964192 ], [ 56.291992, 58.953595 ], [ 56.287576, 58.939465 ], [ 56.293758, 58.918271 ], [ 56.309359, 58.90944 ], [ 56.352925, 58.908263 ], [ 56.375886, 58.914445 ], [ 56.418274, 58.942409 ], [ 56.43888, 58.950357 ], [ 56.447711, 58.949474 ], [ 56.455953, 58.945058 ], [ 56.463312, 58.938877 ], [ 56.469494, 58.932401 ], [ 56.482446, 58.926808 ], [ 56.498636, 58.928574 ], [ 56.527483, 58.936227 ], [ 56.615204, 58.920332 ], [ 56.65877, 58.929751 ], [ 56.667601, 58.92828 ], [ 56.672016, 58.922981 ], [ 56.671722, 58.915622 ], [ 56.665246, 58.913267 ], [ 56.651999, 58.903553 ], [ 56.64258, 58.89325 ], [ 56.647584, 58.888246 ], [ 56.655826, 58.884714 ], [ 56.659653, 58.876472 ], [ 56.662008, 58.867641 ], [ 56.664951, 58.861165 ], [ 56.672899, 58.854689 ], [ 56.682024, 58.84939 ], [ 56.705868, 58.83997 ], [ 56.679081, 58.832906 ], [ 56.653765, 58.846152 ], [ 56.631394, 58.864697 ], [ 56.613143, 58.874117 ], [ 56.602252, 58.877943 ], [ 56.581941, 58.896488 ], [ 56.569283, 58.902081 ], [ 56.55221, 58.901787 ], [ 56.50835, 58.888246 ], [ 56.415625, 58.87971 ], [ 56.387366, 58.864108 ], [ 56.380007, 58.855866 ], [ 56.363817, 58.82643 ], [ 56.347332, 58.807885 ], [ 56.339973, 58.797582 ], [ 56.335852, 58.785219 ], [ 56.390898, 58.77521 ], [ 56.411209, 58.76373 ], [ 56.418274, 58.737532 ], [ 56.351159, 58.768146 ], [ 56.329082, 58.771678 ], [ 56.311714, 58.764319 ], [ 56.288165, 58.731644 ], [ 56.26756, 58.723697 ], [ 56.260789, 58.713394 ], [ 56.268148, 58.704563 ], [ 56.285222, 58.698676 ], [ 56.308476, 58.696615 ], [ 56.308476, 58.689845 ], [ 56.292286, 58.684546 ], [ 56.23989, 58.675421 ], [ 56.221345, 58.669239 ], [ 56.206921, 58.66188 ], [ 56.178367, 58.641275 ], [ 56.123616, 58.613016 ], [ 56.111547, 58.598592 ], [ 56.129797, 58.579753 ], [ 56.164827, 58.565034 ], [ 56.239006, 58.545606 ], [ 56.273741, 58.532066 ], [ 56.325844, 58.500863 ], [ 56.35057, 58.493504 ], [ 56.383539, 58.497919 ], [ 56.379124, 58.463773 ], [ 56.40856, 58.441696 ], [ 56.444178, 58.420207 ], [ 56.459485, 58.388121 ], [ 56.451832, 58.370754 ], [ 56.437113, 58.358685 ], [ 56.404145, 58.339551 ], [ 56.398846, 58.333075 ], [ 56.397374, 58.327777 ], [ 56.394431, 58.323361 ], [ 56.383539, 58.31924 ], [ 56.372942, 58.319829 ], [ 56.335852, 58.332781 ], [ 56.312597, 58.33543 ], [ 56.283455, 58.33543 ], [ 56.261967, 58.329249 ], [ 56.260789, 58.313059 ], [ 56.270503, 58.303933 ], [ 56.282867, 58.301284 ], [ 56.295819, 58.30099 ], [ 56.308476, 58.298635 ], [ 56.319368, 58.293925 ], [ 56.324961, 58.292453 ], [ 56.332614, 58.291864 ], [ 56.336147, 58.290098 ], [ 56.335852, 58.285977 ], [ 56.334675, 58.281562 ], [ 56.335852, 58.278324 ], [ 56.370587, 58.263017 ], [ 56.380007, 58.252125 ], [ 56.383539, 58.230342 ], [ 56.381184, 58.210031 ], [ 56.373236, 58.195607 ], [ 56.349687, 58.168526 ], [ 56.363228, 58.170292 ], [ 56.404145, 58.182067 ], [ 56.442706, 58.182361 ], [ 56.479796, 58.175885 ], [ 56.535725, 58.146743 ], [ 56.565162, 58.135557 ], [ 56.589594, 58.14115 ], [ 56.572227, 58.14792 ], [ 56.553682, 58.157634 ], [ 56.544556, 58.169409 ], [ 56.555742, 58.182067 ], [ 56.579291, 58.185305 ], [ 56.632571, 58.170881 ], [ 56.657298, 58.168526 ], [ 56.643463, 58.185893 ], [ 56.627567, 58.199434 ], [ 56.618442, 58.212975 ], [ 56.623152, 58.230342 ], [ 56.646112, 58.248004 ], [ 56.672605, 58.24771 ], [ 56.696743, 58.233875 ], [ 56.712638, 58.210031 ], [ 56.722941, 58.216213 ], [ 56.727062, 58.224749 ], [ 56.726768, 58.24771 ], [ 56.729417, 58.257718 ], [ 56.735893, 58.265077 ], [ 56.753555, 58.278324 ], [ 56.818609, 58.3057 ], [ 56.84363, 58.330132 ], [ 56.869829, 58.322478 ], [ 56.885724, 58.306877 ], [ 56.849518, 58.291276 ], [ 56.840687, 58.273319 ], [ 56.837154, 58.250653 ], [ 56.835977, 58.21062 ], [ 56.839804, 58.195313 ], [ 56.850401, 58.183833 ], [ 56.871006, 58.175885 ], [ 56.88543, 58.173824 ], [ 56.932234, 58.175885 ], [ 56.943714, 58.172647 ], [ 56.965791, 58.158517 ], [ 56.976977, 58.155279 ], [ 56.991107, 58.154102 ], [ 56.998171, 58.152925 ], [ 57.004059, 58.154396 ], [ 57.01495, 58.16205 ], [ 57.022898, 58.169998 ], [ 57.038794, 58.192958 ], [ 57.060282, 58.20385 ], [ 57.080888, 58.198845 ], [ 57.09855, 58.184716 ], [ 57.110619, 58.168526 ], [ 57.087069, 58.179417 ], [ 57.073823, 58.183244 ], [ 57.062637, 58.182067 ], [ 57.053218, 58.17353 ], [ 57.051157, 58.163522 ], [ 57.050274, 58.153513 ] ] ] } },
{ "type": "Feature", "properties": { "name": "Buhayrat al-Assad" }, "geometry": { "type": "Polygon", "coordinates": [ [ [ 38.557731, 35.889283 ], [ 38.566856, 35.888988 ], [ 38.573626, 35.890166 ], [ 38.564795, 35.873387 ], [ 38.561263, 35.864556 ], [ 38.559791, 35.852781 ], [ 38.55361, 35.851015 ], [ 38.519169, 35.836003 ], [ 38.519169, 35.842773 ], [ 38.512104, 35.842773 ], [ 38.504156, 35.833353 ], [ 38.458236, 35.801268 ], [ 38.449993, 35.801268 ], [ 38.441751, 35.812159 ], [ 38.431743, 35.810982 ], [ 38.420557, 35.806566 ], [ 38.409077, 35.808627 ], [ 38.409666, 35.815103 ], [ 38.402306, 35.833353 ], [ 38.39377, 35.847188 ], [ 38.389354, 35.839535 ], [ 38.384939, 35.835708 ], [ 38.365805, 35.825111 ], [ 38.36139, 35.818635 ], [ 38.36816, 35.787727 ], [ 38.36816, 35.773892 ], [ 38.36139, 35.773892 ], [ 38.357563, 35.789493 ], [ 38.350498, 35.794497 ], [ 38.327244, 35.794497 ], [ 38.326361, 35.791554 ], [ 38.319001, 35.786844 ], [ 38.310171, 35.785372 ], [ 38.306049, 35.790671 ], [ 38.309287, 35.798913 ], [ 38.316647, 35.803623 ], [ 38.324006, 35.807155 ], [ 38.327244, 35.811865 ], [ 38.329893, 35.823345 ], [ 38.334603, 35.829527 ], [ 38.335486, 35.836297 ], [ 38.327244, 35.849543 ], [ 38.318118, 35.859257 ], [ 38.307521, 35.865733 ], [ 38.294275, 35.868971 ], [ 38.27573, 35.870149 ], [ 38.253653, 35.877508 ], [ 38.223627, 35.915481 ], [ 38.203905, 35.931671 ], [ 38.192425, 35.935792 ], [ 38.15975, 35.94374 ], [ 38.145915, 35.945212 ], [ 38.134435, 35.948744 ], [ 38.117362, 35.966112 ], [ 38.108237, 35.973176 ], [ 38.112947, 35.982007 ], [ 38.110003, 35.989661 ], [ 38.102349, 35.99231 ], [ 38.094402, 35.986128 ], [ 38.087631, 35.986128 ], [ 38.07409, 35.993782 ], [ 38.07409, 35.999963 ], [ 38.087337, 36.007911 ], [ 38.079978, 36.014976 ], [ 38.052896, 36.027045 ], [ 38.044065, 36.036759 ], [ 38.024932, 36.062074 ], [ 38.01875, 36.075615 ], [ 38.014923, 36.113294 ], [ 38.024932, 36.145968 ], [ 38.042299, 36.172461 ], [ 38.079683, 36.210434 ], [ 38.084099, 36.213377 ], [ 38.091164, 36.216321 ], [ 38.092635, 36.223386 ], [ 38.092047, 36.232217 ], [ 38.094402, 36.240165 ], [ 38.103821, 36.249584 ], [ 38.115007, 36.256649 ], [ 38.142383, 36.26754 ], [ 38.144149, 36.265186 ], [ 38.151508, 36.262242 ], [ 38.159162, 36.262831 ], [ 38.162694, 36.270778 ], [ 38.16446, 36.276371 ], [ 38.173291, 36.292856 ], [ 38.176529, 36.301392 ], [ 38.175352, 36.330829 ], [ 38.17859, 36.342603 ], [ 38.189481, 36.336422 ], [ 38.19684, 36.336422 ], [ 38.22245, 36.280787 ], [ 38.225688, 36.252233 ], [ 38.200373, 36.240165 ], [ 38.174763, 36.233689 ], [ 38.144149, 36.217499 ], [ 38.12531, 36.195421 ], [ 38.135613, 36.171872 ], [ 38.099995, 36.14273 ], [ 38.094402, 36.133899 ], [ 38.096757, 36.120653 ], [ 38.110592, 36.084446 ], [ 38.118245, 36.071788 ], [ 38.125899, 36.066195 ], [ 38.142972, 36.059131 ], [ 38.149153, 36.05501 ], [ 38.154158, 36.048239 ], [ 38.157984, 36.035581 ], [ 38.162694, 36.027045 ], [ 38.169464, 36.018214 ], [ 38.174763, 36.013799 ], [ 38.189481, 36.006734 ], [ 38.194191, 36.005851 ], [ 38.205083, 36.007323 ], [ 38.209792, 36.006734 ], [ 38.212736, 36.004085 ], [ 38.215974, 35.999375 ], [ 38.21774, 35.995254 ], [ 38.217151, 35.993782 ], [ 38.228632, 35.992016 ], [ 38.25483, 35.993782 ], [ 38.25483, 35.988778 ], [ 38.261012, 35.979064 ], [ 38.268371, 35.970233 ], [ 38.282206, 35.9667 ], [ 38.351087, 35.940208 ], [ 38.360801, 35.929905 ], [ 38.371693, 35.920485 ], [ 38.389354, 35.918425 ], [ 38.404661, 35.927844 ], [ 38.411432, 35.957869 ], [ 38.423501, 35.965817 ], [ 38.424678, 35.958458 ], [ 38.429682, 35.945212 ], [ 38.437041, 35.945212 ], [ 38.437041, 35.952571 ], [ 38.443223, 35.952571 ], [ 38.452054, 35.931671 ], [ 38.463829, 35.911654 ], [ 38.468538, 35.907827 ], [ 38.473248, 35.907533 ], [ 38.476781, 35.904884 ], [ 38.477958, 35.893698 ], [ 38.48149, 35.887811 ], [ 38.48885, 35.891932 ], [ 38.495914, 35.899585 ], [ 38.497975, 35.904295 ], [ 38.503568, 35.901057 ], [ 38.514459, 35.891932 ], [ 38.515637, 35.890166 ], [ 38.533299, 35.896053 ], [ 38.533299, 35.897525 ], [ 38.540363, 35.903706 ], [ 38.544484, 35.903706 ], [ 38.546251, 35.893698 ], [ 38.549783, 35.89046 ], [ 38.557731, 35.889283 ] ] ] } },
{ "type": "Feature", "properties": { "name": "Keban Baraji" }, "geometry": { "type": "Polygon", "coordinates": [ [ [ 39.851167, 38.690452 ], [ 39.860586, 38.690746 ], [ 39.862058, 38.672495 ], [ 39.84734, 38.640998 ], [ 39.819081, 38.618921 ], [ 39.784935, 38.61009 ], [ 39.75226, 38.618038 ], [ 39.746667, 38.622748 ], [ 39.738425, 38.633639 ], [ 39.731655, 38.638349 ], [ 39.721647, 38.640115 ], [ 39.710755, 38.639821 ], [ 39.701924, 38.641293 ], [ 39.698392, 38.648946 ], [ 39.687795, 38.655128 ], [ 39.621857, 38.645119 ], [ 39.598897, 38.652184 ], [ 39.587122, 38.652773 ], [ 39.586239, 38.650124 ], [ 39.543851, 38.626575 ], [ 39.415802, 38.593311 ], [ 39.371353, 38.593017 ], [ 39.35428, 38.611856 ], [ 39.365466, 38.623925 ], [ 39.407266, 38.638938 ], [ 39.425516, 38.658955 ], [ 39.466727, 38.682209 ], [ 39.477913, 38.699871 ], [ 39.478207, 38.710468 ], [ 39.47703, 38.721065 ], [ 39.471731, 38.740788 ], [ 39.471731, 38.745203 ], [ 39.473498, 38.749619 ], [ 39.474381, 38.754917 ], [ 39.471731, 38.762571 ], [ 39.467316, 38.763748 ], [ 39.453481, 38.761982 ], [ 39.450832, 38.76522 ], [ 39.442589, 38.780233 ], [ 39.423456, 38.775523 ], [ 39.401084, 38.764926 ], [ 39.382539, 38.762571 ], [ 39.378712, 38.767869 ], [ 39.372825, 38.788475 ], [ 39.368115, 38.796128 ], [ 39.356046, 38.80437 ], [ 39.346332, 38.806137 ], [ 39.324255, 38.803487 ], [ 39.306299, 38.807314 ], [ 39.287754, 38.816734 ], [ 39.258906, 38.837045 ], [ 39.255962, 38.840872 ], [ 39.254196, 38.846465 ], [ 39.251253, 38.852352 ], [ 39.245071, 38.858239 ], [ 39.240067, 38.854707 ], [ 39.235063, 38.852352 ], [ 39.228881, 38.85088 ], [ 39.218578, 38.850586 ], [ 39.218578, 38.844404 ], [ 39.224171, 38.833513 ], [ 39.220344, 38.828508 ], [ 39.210336, 38.827625 ], [ 39.197384, 38.830275 ], [ 39.173541, 38.851763 ], [ 39.163238, 38.858239 ], [ 39.135273, 38.865598 ], [ 39.117023, 38.860888 ], [ 39.104659, 38.845876 ], [ 39.094945, 38.822621 ], [ 39.080521, 38.835867 ], [ 39.078755, 38.854118 ], [ 39.084348, 38.877962 ], [ 39.064037, 38.879728 ], [ 39.05344, 38.877962 ], [ 39.04667, 38.874723 ], [ 39.042548, 38.870014 ], [ 39.038133, 38.866187 ], [ 39.029596, 38.864421 ], [ 39.009285, 38.869719 ], [ 38.996922, 38.87855 ], [ 38.985147, 38.8812 ], [ 38.96778, 38.867659 ], [ 38.960127, 38.865304 ], [ 38.950707, 38.869425 ], [ 38.940698, 38.875018 ], [ 38.930396, 38.877962 ], [ 38.927452, 38.875901 ], [ 38.922742, 38.871191 ], [ 38.915678, 38.866481 ], [ 38.905964, 38.864421 ], [ 38.895366, 38.864126 ], [ 38.889185, 38.863243 ], [ 38.884475, 38.860594 ], [ 38.868285, 38.842638 ], [ 38.854744, 38.844404 ], [ 38.848268, 38.847053 ], [ 38.845619, 38.851763 ], [ 38.841498, 38.856179 ], [ 38.830606, 38.858239 ], [ 38.810001, 38.858533 ], [ 38.800876, 38.856473 ], [ 38.792633, 38.850586 ], [ 38.788807, 38.836456 ], [ 38.787335, 38.818206 ], [ 38.779976, 38.807608 ], [ 38.759076, 38.816439 ], [ 38.749656, 38.830275 ], [ 38.753189, 38.842932 ], [ 38.764374, 38.852646 ], [ 38.779093, 38.858239 ], [ 38.773205, 38.871485 ], [ 38.761136, 38.880022 ], [ 38.747301, 38.886792 ], [ 38.735232, 38.895329 ], [ 38.725224, 38.898861 ], [ 38.714038, 38.89474 ], [ 38.699909, 38.891797 ], [ 38.683424, 38.899156 ], [ 38.666645, 38.899156 ], [ 38.649278, 38.927709 ], [ 38.638975, 38.963916 ], [ 38.641919, 38.987759 ], [ 38.651044, 38.987171 ], [ 38.656931, 38.972452 ], [ 38.661641, 38.955085 ], [ 38.666351, 38.946843 ], [ 38.671355, 38.942722 ], [ 38.678126, 38.923882 ], [ 38.680775, 38.919761 ], [ 38.714627, 38.919761 ], [ 38.726401, 38.924765 ], [ 38.739648, 38.936834 ], [ 38.759076, 38.960383 ], [ 38.765552, 38.970981 ], [ 38.770262, 38.984521 ], [ 38.768495, 38.996296 ], [ 38.755249, 39.001594 ], [ 38.74318, 39.003949 ], [ 38.711978, 39.016901 ], [ 38.70403, 39.021906 ], [ 38.699909, 39.033386 ], [ 38.709917, 39.033974 ], [ 38.727284, 39.030442 ], [ 38.745535, 39.029559 ], [ 38.745535, 39.036329 ], [ 38.740825, 39.043983 ], [ 38.735821, 39.065766 ], [ 38.731994, 39.077246 ], [ 38.739648, 39.078423 ], [ 38.745241, 39.078718 ], [ 38.749067, 39.078129 ], [ 38.751128, 39.077246 ], [ 38.759665, 39.07077 ], [ 38.76408, 39.058995 ], [ 38.766435, 39.047515 ], [ 38.76879, 39.042511 ], [ 38.770556, 39.037507 ], [ 38.800581, 39.016901 ], [ 38.806468, 39.015135 ], [ 38.810295, 39.002478 ], [ 38.809118, 38.99188 ], [ 38.809118, 38.981872 ], [ 38.817066, 38.970686 ], [ 38.847385, 38.940072 ], [ 38.829723, 38.928003 ], [ 38.817654, 38.923588 ], [ 38.786452, 38.926532 ], [ 38.786452, 38.919761 ], [ 38.818537, 38.913874 ], [ 38.82678, 38.913285 ], [ 38.87535, 38.919761 ], [ 38.87535, 38.926532 ], [ 38.868874, 38.929475 ], [ 38.860631, 38.936834 ], [ 38.854744, 38.940072 ], [ 38.867991, 38.963916 ], [ 38.875644, 38.970981 ], [ 38.87535, 38.979223 ], [ 38.874467, 38.988348 ], [ 38.87535, 38.995413 ], [ 38.879765, 38.997473 ], [ 38.88683, 38.998062 ], [ 38.893011, 38.999828 ], [ 38.895661, 39.005127 ], [ 38.897427, 39.012192 ], [ 38.909496, 39.029559 ], [ 38.916266, 39.029559 ], [ 38.90302, 38.982166 ], [ 38.895661, 38.967448 ], [ 38.906552, 38.951553 ], [ 38.910968, 38.938601 ], [ 38.920976, 38.92977 ], [ 38.947174, 38.926532 ], [ 38.957183, 38.92977 ], [ 38.955711, 38.938012 ], [ 38.951296, 38.94802 ], [ 38.953945, 38.95744 ], [ 38.962776, 38.960383 ], [ 38.968369, 38.953024 ], [ 38.972784, 38.941544 ], [ 38.978377, 38.932713 ], [ 38.986619, 38.926532 ], [ 38.991623, 38.92506 ], [ 39.005164, 38.926532 ], [ 39.006342, 38.930653 ], [ 39.013995, 38.937717 ], [ 39.022237, 38.938012 ], [ 39.029008, 38.912108 ], [ 39.036367, 38.902688 ], [ 39.046375, 38.897978 ], [ 39.068747, 38.907692 ], [ 39.080227, 38.903571 ], [ 39.094945, 38.891797 ], [ 39.180605, 38.885321 ], [ 39.191202, 38.88326 ], [ 39.209747, 38.873546 ], [ 39.221522, 38.871191 ], [ 39.234768, 38.87384 ], [ 39.239184, 38.879728 ], [ 39.240361, 38.886498 ], [ 39.245071, 38.891797 ], [ 39.26185, 38.891502 ], [ 39.269798, 38.879433 ], [ 39.276862, 38.865009 ], [ 39.290403, 38.858239 ], [ 39.295996, 38.853824 ], [ 39.303355, 38.84411 ], [ 39.31248, 38.834396 ], [ 39.324255, 38.830275 ], [ 39.346038, 38.82792 ], [ 39.368115, 38.822621 ], [ 39.380478, 38.815262 ], [ 39.390193, 38.805842 ], [ 39.397552, 38.794362 ], [ 39.40285, 38.781704 ], [ 39.409621, 38.781704 ], [ 39.421689, 38.791418 ], [ 39.436113, 38.78818 ], [ 39.449948, 38.780233 ], [ 39.46084, 38.775523 ], [ 39.478502, 38.775817 ], [ 39.491748, 38.777878 ], [ 39.502345, 38.781999 ], [ 39.511471, 38.791713 ], [ 39.524128, 38.810846 ], [ 39.526483, 38.813201 ], [ 39.53031, 38.816439 ], [ 39.549738, 38.817322 ], [ 39.557097, 38.819677 ], [ 39.575053, 38.836456 ], [ 39.580646, 38.844698 ], [ 39.587122, 38.858239 ], [ 39.593598, 38.876195 ], [ 39.595659, 38.89003 ], [ 39.594776, 38.916523 ], [ 39.588594, 38.929181 ], [ 39.578586, 38.944193 ], [ 39.576525, 38.954791 ], [ 39.594776, 38.954202 ], [ 39.615675, 38.936834 ], [ 39.618325, 38.907104 ], [ 39.610966, 38.875312 ], [ 39.602135, 38.850586 ], [ 39.630688, 38.846759 ], [ 39.654826, 38.847936 ], [ 39.704573, 38.858239 ], [ 39.728417, 38.859711 ], [ 39.77581, 38.856473 ], [ 39.800536, 38.858239 ], [ 39.763152, 38.844698 ], [ 39.61803, 38.836162 ], [ 39.601252, 38.832629 ], [ 39.594776, 38.830275 ], [ 39.58359, 38.82321 ], [ 39.576819, 38.816439 ], [ 39.569755, 38.811435 ], [ 39.537375, 38.808786 ], [ 39.530015, 38.805842 ], [ 39.522951, 38.799661 ], [ 39.492337, 38.762571 ], [ 39.487921, 38.750207 ], [ 39.486744, 38.741377 ], [ 39.488216, 38.73284 ], [ 39.497341, 38.707819 ], [ 39.501462, 38.701637 ], [ 39.515886, 38.689863 ], [ 39.531487, 38.681326 ], [ 39.556803, 38.673967 ], [ 39.602135, 38.666314 ], [ 39.68073, 38.672495 ], [ 39.701335, 38.66808 ], [ 39.730772, 38.648652 ], [ 39.75226, 38.645119 ], [ 39.823791, 38.66337 ], [ 39.835565, 38.669552 ], [ 39.84057, 38.680443 ], [ 39.851167, 38.690452 ] ] ] } },
{ "type": "Feature", "properties": { "name": "Volgograd Reservoir" }, "geometry": { "type": "Polygon", "coordinates": [ [ [ 46.343368, 50.183016 ], [ 46.337775, 50.178895 ], [ 46.31923, 50.1786 ], [ 46.312459, 50.189492 ], [ 46.309516, 50.205093 ], [ 46.303628, 50.219811 ], [ 46.297741, 50.224227 ], [ 46.257708, 50.246598 ], [ 46.253586, 50.250425 ], [ 46.250348, 50.249248 ], [ 46.241812, 50.240417 ], [ 46.237985, 50.23188 ], [ 46.237691, 50.211863 ], [ 46.23563, 50.205682 ], [ 46.227682, 50.203621 ], [ 46.193831, 50.205682 ], [ 46.19648, 50.212747 ], [ 46.197952, 50.215985 ], [ 46.20119, 50.219811 ], [ 46.194419, 50.232175 ], [ 46.199423, 50.240711 ], [ 46.209138, 50.248953 ], [ 46.21473, 50.260728 ], [ 46.185588, 50.249248 ], [ 46.172342, 50.247776 ], [ 46.166455, 50.25749 ], [ 46.174108, 50.276329 ], [ 46.170281, 50.284277 ], [ 46.149087, 50.287515 ], [ 46.137901, 50.281922 ], [ 46.125832, 50.270442 ], [ 46.113469, 50.261611 ], [ 46.084916, 50.26897 ], [ 46.04812, 50.258373 ], [ 46.006615, 50.276035 ], [ 45.970703, 50.275446 ], [ 45.906531, 50.260728 ], [ 45.846481, 50.238356 ], [ 45.823226, 50.220989 ], [ 45.83765, 50.205682 ], [ 45.810274, 50.193319 ], [ 45.784076, 50.185665 ], [ 45.758466, 50.184782 ], [ 45.735211, 50.192435 ], [ 45.704009, 50.207742 ], [ 45.690762, 50.210392 ], [ 45.67781, 50.208625 ], [ 45.656027, 50.232763 ], [ 45.663386, 50.243655 ], [ 45.693706, 50.309298 ], [ 45.708718, 50.325488 ], [ 45.728735, 50.340795 ], [ 45.750518, 50.351981 ], [ 45.78231, 50.359046 ], [ 45.810274, 50.377002 ], [ 45.843832, 50.38701 ], [ 45.851779, 50.391131 ], [ 45.857667, 50.422628 ], [ 45.829408, 50.46119 ], [ 45.755522, 50.527716 ], [ 45.731385, 50.555092 ], [ 45.727852, 50.557447 ], [ 45.696944, 50.57246 ], [ 45.668979, 50.593065 ], [ 45.65956, 50.603368 ], [ 45.645136, 50.628977 ], [ 45.638365, 50.637514 ], [ 45.648668, 50.66695 ], [ 45.643958, 50.726706 ], [ 45.65956, 50.754082 ], [ 45.670746, 50.762619 ], [ 45.714017, 50.780869 ], [ 45.760821, 50.792055 ], [ 45.787019, 50.805302 ], [ 45.807919, 50.807951 ], [ 45.857372, 50.808834 ], [ 45.877095, 50.812955 ], [ 45.923899, 50.829439 ], [ 45.947448, 50.843569 ], [ 45.96511, 50.848279 ], [ 45.984832, 50.849751 ], [ 45.998373, 50.852989 ], [ 46.015446, 50.861231 ], [ 46.031636, 50.872417 ], [ 46.043116, 50.884486 ], [ 46.015446, 50.925402 ], [ 46.0022, 50.939237 ], [ 45.97865, 50.958371 ], [ 45.976001, 50.969262 ], [ 45.9813, 50.986924 ], [ 45.987481, 50.994872 ], [ 45.994252, 50.999582 ], [ 45.999845, 51.005764 ], [ 46.0022, 51.018127 ], [ 45.99955, 51.029018 ], [ 45.993369, 51.036966 ], [ 45.984538, 51.042853 ], [ 45.958634, 51.056689 ], [ 45.855606, 51.092012 ], [ 45.819988, 51.11144 ], [ 45.794673, 51.140877 ], [ 45.782898, 51.186209 ], [ 45.777305, 51.276579 ], [ 45.785842, 51.315729 ], [ 45.810274, 51.35017 ], [ 45.925665, 51.408159 ], [ 45.947448, 51.432592 ], [ 45.95569, 51.477924 ], [ 45.96717, 51.494408 ], [ 46.012797, 51.505299 ], [ 46.134958, 51.56535 ], [ 46.156152, 51.569176 ], [ 46.169693, 51.578596 ], [ 46.174697, 51.600379 ], [ 46.176757, 51.625694 ], [ 46.180879, 51.644828 ], [ 46.187943, 51.656014 ], [ 46.192653, 51.657486 ], [ 46.200012, 51.654248 ], [ 46.214142, 51.651598 ], [ 46.223267, 51.656014 ], [ 46.244756, 51.676325 ], [ 46.249171, 51.682212 ], [ 46.242401, 51.729016 ], [ 46.241812, 51.753448 ], [ 46.249171, 51.768461 ], [ 46.257708, 51.769344 ], [ 46.276547, 51.757864 ], [ 46.286555, 51.754626 ], [ 46.290382, 51.759041 ], [ 46.320996, 51.78524 ], [ 46.345134, 51.795248 ], [ 46.373098, 51.795248 ], [ 46.426967, 51.788183 ], [ 46.47436, 51.797603 ], [ 46.514687, 51.822918 ], [ 46.54383, 51.860303 ], [ 46.557665, 51.905635 ], [ 46.574738, 51.893271 ], [ 46.5715, 51.872666 ], [ 46.5506, 51.829983 ], [ 46.591222, 51.816148 ], [ 46.591222, 51.809966 ], [ 46.545007, 51.809966 ], [ 46.519986, 51.806728 ], [ 46.509095, 51.799075 ], [ 46.518809, 51.784062 ], [ 46.541769, 51.779941 ], [ 46.569145, 51.781413 ], [ 46.671878, 51.774054 ], [ 46.690717, 51.764929 ], [ 46.706907, 51.751682 ], [ 46.720448, 51.747267 ], [ 46.757244, 51.746678 ], [ 46.776672, 51.741085 ], [ 46.751945, 51.728133 ], [ 46.730751, 51.719597 ], [ 46.707496, 51.715181 ], [ 46.646857, 51.714004 ], [ 46.590928, 51.719008 ], [ 46.537648, 51.735492 ], [ 46.525285, 51.741085 ], [ 46.512921, 51.751094 ], [ 46.49732, 51.7664 ], [ 46.487017, 51.772876 ], [ 46.478775, 51.771699 ], [ 46.460819, 51.758158 ], [ 46.438153, 51.745501 ], [ 46.393115, 51.726956 ], [ 46.341307, 51.722246 ], [ 46.315109, 51.716359 ], [ 46.303628, 51.703407 ], [ 46.297447, 51.680152 ], [ 46.282434, 51.665728 ], [ 46.266244, 51.653953 ], [ 46.255353, 51.637469 ], [ 46.277724, 51.638941 ], [ 46.31452, 51.660135 ], [ 46.334537, 51.665434 ], [ 46.345428, 51.659252 ], [ 46.334831, 51.645711 ], [ 46.316286, 51.631582 ], [ 46.255058, 51.59979 ], [ 46.22209, 51.591548 ], [ 46.209138, 51.579479 ], [ 46.18706, 51.549454 ], [ 46.15939, 51.529143 ], [ 45.999845, 51.480279 ], [ 45.984832, 51.470564 ], [ 45.973646, 51.453786 ], [ 45.981005, 51.445838 ], [ 45.998373, 51.445838 ], [ 46.01574, 51.453197 ], [ 46.023099, 51.446721 ], [ 46.029281, 51.439656 ], [ 46.00897, 51.423172 ], [ 45.999845, 51.41228 ], [ 45.995724, 51.401683 ], [ 45.996607, 51.370481 ], [ 45.994546, 51.355762 ], [ 45.988364, 51.343105 ], [ 45.943032, 51.320733 ], [ 45.937145, 51.316612 ], [ 45.929492, 51.312197 ], [ 45.892402, 51.281877 ], [ 45.874445, 51.259211 ], [ 45.863554, 51.23419 ], [ 45.858255, 51.205342 ], [ 45.857961, 51.172079 ], [ 45.864731, 51.141171 ], [ 45.880333, 51.121743 ], [ 45.903588, 51.108791 ], [ 46.003083, 51.069935 ], [ 46.019273, 51.059043 ], [ 46.033108, 51.044325 ], [ 46.040761, 51.033434 ], [ 46.041644, 51.02107 ], [ 46.028104, 50.974561 ], [ 46.030753, 50.96102 ], [ 46.060189, 50.935411 ], [ 46.069609, 50.917749 ], [ 46.071964, 50.893905 ], [ 46.069903, 50.869473 ], [ 46.064016, 50.849751 ], [ 46.039289, 50.818842 ], [ 46.022511, 50.784696 ], [ 46.00897, 50.774099 ], [ 45.979239, 50.774393 ], [ 45.927431, 50.780869 ], [ 45.913302, 50.777043 ], [ 45.888575, 50.763796 ], [ 45.879155, 50.761147 ], [ 45.831763, 50.76203 ], [ 45.801149, 50.748489 ], [ 45.749341, 50.740247 ], [ 45.735211, 50.727001 ], [ 45.754345, 50.724057 ], [ 45.752284, 50.710811 ], [ 45.727558, 50.678431 ], [ 45.719316, 50.663418 ], [ 45.715195, 50.647522 ], [ 45.718433, 50.630744 ], [ 45.731385, 50.613671 ], [ 45.840888, 50.523889 ], [ 45.887692, 50.466488 ], [ 45.921544, 50.400845 ], [ 45.919483, 50.339323 ], [ 45.857961, 50.294874 ], [ 46.022216, 50.309004 ], [ 46.042822, 50.321073 ], [ 46.035463, 50.342856 ], [ 46.052536, 50.342267 ], [ 46.061955, 50.33373 ], [ 46.068431, 50.323133 ], [ 46.077262, 50.31548 ], [ 46.092569, 50.31283 ], [ 46.106993, 50.31548 ], [ 46.120828, 50.319895 ], [ 46.135546, 50.32225 ], [ 46.226799, 50.309592 ], [ 46.255353, 50.31548 ], [ 46.25447, 50.292814 ], [ 46.260946, 50.28516 ], [ 46.272426, 50.281922 ], [ 46.286555, 50.271031 ], [ 46.296269, 50.272208 ], [ 46.322762, 50.301645 ], [ 46.334537, 50.309298 ], [ 46.357203, 50.311359 ], [ 46.365739, 50.317835 ], [ 46.366328, 50.329609 ], [ 46.36515, 50.346388 ], [ 46.368388, 50.355513 ], [ 46.376631, 50.355219 ], [ 46.38605, 50.351098 ], [ 46.393115, 50.350215 ], [ 46.397825, 50.35463 ], [ 46.403418, 50.3614 ], [ 46.409894, 50.367876 ], [ 46.416959, 50.370526 ], [ 46.434326, 50.374647 ], [ 46.443746, 50.374058 ], [ 46.447867, 50.367288 ], [ 46.447278, 50.361106 ], [ 46.446101, 50.358751 ], [ 46.443746, 50.356396 ], [ 46.435798, 50.339323 ], [ 46.431382, 50.33373 ], [ 46.428439, 50.328726 ], [ 46.426967, 50.318718 ], [ 46.430499, 50.313713 ], [ 46.436975, 50.310475 ], [ 46.440213, 50.305177 ], [ 46.43462, 50.294874 ], [ 46.420785, 50.287515 ], [ 46.381046, 50.280745 ], [ 46.36515, 50.274563 ], [ 46.363973, 50.271031 ], [ 46.353965, 50.253369 ], [ 46.35161, 50.250131 ], [ 46.348372, 50.248953 ], [ 46.331004, 50.232763 ], [ 46.386933, 50.220106 ], [ 46.406656, 50.219811 ], [ 46.394293, 50.214807 ], [ 46.370155, 50.210392 ], [ 46.358969, 50.205682 ], [ 46.351315, 50.198028 ], [ 46.343368, 50.183016 ] ] ] } },
{ "type": "Feature", "properties": { "name": "Gorky Reservoir" }, "geometry": { "type": "Polygon", "coordinates": [ [ [ 42.651747, 57.415542 ], [ 42.593169, 57.420841 ], [ 42.575801, 57.415542 ], [ 42.58787, 57.427317 ], [ 42.60877, 57.434676 ], [ 42.699434, 57.4491 ], [ 42.745649, 57.447039 ], [ 42.760367, 57.4491 ], [ 42.776263, 57.45587 ], [ 42.777735, 57.461169 ], [ 42.774203, 57.46735 ], [ 42.771848, 57.474415 ], [ 42.769787, 57.477948 ], [ 42.768315, 57.482952 ], [ 42.767726, 57.486484 ], [ 42.77067, 57.491488 ], [ 42.776852, 57.490311 ], [ 42.781856, 57.486484 ], [ 42.781267, 57.482952 ], [ 42.816885, 57.495609 ], [ 42.82395, 57.504735 ], [ 42.829249, 57.524163 ], [ 42.834253, 57.514154 ], [ 42.843378, 57.505618 ], [ 42.855741, 57.499731 ], [ 42.870165, 57.497376 ], [ 42.859274, 57.483541 ], [ 42.843378, 57.478831 ], [ 42.82866, 57.47206 ], [ 42.822184, 57.452632 ], [ 42.821006, 57.442624 ], [ 42.818946, 57.43497 ], [ 42.818357, 57.426728 ], [ 42.822184, 57.415542 ], [ 42.827482, 57.412893 ], [ 42.850443, 57.397881 ], [ 42.853386, 57.394348 ], [ 42.973193, 57.387578 ], [ 43.001157, 57.390816 ], [ 43.042957, 57.404945 ], [ 43.142158, 57.419369 ], [ 43.158053, 57.428494 ], [ 43.160114, 57.437031 ], [ 43.158053, 57.457636 ], [ 43.161586, 57.466173 ], [ 43.168356, 57.472943 ], [ 43.172772, 57.479419 ], [ 43.176304, 57.487073 ], [ 43.178953, 57.497376 ], [ 43.180425, 57.517098 ], [ 43.175421, 57.533288 ], [ 43.169239, 57.548889 ], [ 43.165412, 57.566257 ], [ 43.167473, 57.588923 ], [ 43.175715, 57.605113 ], [ 43.206918, 57.633961 ], [ 43.192494, 57.595693 ], [ 43.18749, 57.57656 ], [ 43.186018, 57.555365 ], [ 43.189256, 57.550067 ], [ 43.196615, 57.545651 ], [ 43.203974, 57.539175 ], [ 43.206918, 57.527695 ], [ 43.20839, 57.493843 ], [ 43.206918, 57.482952 ], [ 43.192494, 57.445273 ], [ 43.193083, 57.424668 ], [ 43.213099, 57.415542 ], [ 43.239592, 57.417603 ], [ 43.263436, 57.424373 ], [ 43.282569, 57.437031 ], [ 43.295227, 57.456459 ], [ 43.303175, 57.499731 ], [ 43.3123, 57.517098 ], [ 43.332906, 57.524163 ], [ 43.350862, 57.52799 ], [ 43.418566, 57.558898 ], [ 43.435933, 57.573027 ], [ 43.461248, 57.608057 ], [ 43.47685, 57.623952 ], [ 43.486269, 57.628368 ], [ 43.538961, 57.636316 ], [ 43.576345, 57.655155 ], [ 43.583704, 57.655155 ], [ 43.606664, 57.681353 ], [ 43.635806, 57.706374 ], [ 43.669658, 57.72433 ], [ 43.706748, 57.729629 ], [ 43.655529, 57.688418 ], [ 43.649053, 57.685769 ], [ 43.644637, 57.679587 ], [ 43.641694, 57.672817 ], [ 43.638456, 57.668107 ], [ 43.630508, 57.663103 ], [ 43.614612, 57.656627 ], [ 43.593712, 57.642792 ], [ 43.579583, 57.637199 ], [ 43.572518, 57.630134 ], [ 43.580171, 57.617182 ], [ 43.588414, 57.613944 ], [ 43.600188, 57.611883 ], [ 43.609902, 57.608057 ], [ 43.61108, 57.599814 ], [ 43.603426, 57.596282 ], [ 43.589297, 57.596871 ], [ 43.574579, 57.599814 ], [ 43.556034, 57.608057 ], [ 43.54161, 57.60894 ], [ 43.514234, 57.607173 ], [ 43.506286, 57.603935 ], [ 43.508347, 57.595988 ], [ 43.513645, 57.586568 ], [ 43.514823, 57.579209 ], [ 43.50658, 57.568023 ], [ 43.495689, 57.558309 ], [ 43.482443, 57.550361 ], [ 43.399726, 57.523574 ], [ 43.369112, 57.506501 ], [ 43.350567, 57.482952 ], [ 43.359398, 57.48148 ], [ 43.363519, 57.478831 ], [ 43.370879, 57.469411 ], [ 43.361459, 57.464112 ], [ 43.349979, 57.455576 ], [ 43.340265, 57.446451 ], [ 43.336144, 57.438797 ], [ 43.340853, 57.42614 ], [ 43.363519, 57.414365 ], [ 43.370879, 57.401119 ], [ 43.323486, 57.402296 ], [ 43.3123, 57.397881 ], [ 43.28463, 57.380807 ], [ 43.267262, 57.375803 ], [ 43.262553, 57.36344 ], [ 43.261375, 57.347544 ], [ 43.25431, 57.332237 ], [ 43.220459, 57.31016 ], [ 43.20574, 57.296031 ], [ 43.199853, 57.274248 ], [ 43.19897, 57.267772 ], [ 43.197204, 57.262767 ], [ 43.193966, 57.258646 ], [ 43.18955, 57.253642 ], [ 43.187195, 57.249227 ], [ 43.193083, 57.242162 ], [ 43.192788, 57.236569 ], [ 43.188373, 57.22921 ], [ 43.172183, 57.209488 ], [ 43.153932, 57.180051 ], [ 43.142746, 57.149732 ], [ 43.141275, 57.118529 ], [ 43.154521, 57.076729 ], [ 43.155404, 57.067604 ], [ 43.158936, 57.061128 ], [ 43.168945, 57.058479 ], [ 43.176598, 57.062011 ], [ 43.179542, 57.070548 ], [ 43.178953, 57.089681 ], [ 43.187195, 57.104988 ], [ 43.206329, 57.120295 ], [ 43.228701, 57.131187 ], [ 43.246951, 57.133542 ], [ 43.232233, 57.123239 ], [ 43.216632, 57.105871 ], [ 43.204563, 57.086443 ], [ 43.197204, 57.056418 ], [ 43.194554, 57.050825 ], [ 43.197792, 57.04847 ], [ 43.213099, 57.044938 ], [ 43.221636, 57.046704 ], [ 43.228112, 57.052297 ], [ 43.235471, 57.056124 ], [ 43.246951, 57.051708 ], [ 43.231939, 57.045821 ], [ 43.223402, 57.038756 ], [ 43.222519, 57.030514 ], [ 43.235471, 57.011969 ], [ 43.239887, 57.001666 ], [ 43.246068, 56.99313 ], [ 43.271678, 56.98636 ], [ 43.299054, 56.971641 ], [ 43.315538, 56.969286 ], [ 43.327313, 56.971936 ], [ 43.363519, 56.989598 ], [ 43.361459, 56.971641 ], [ 43.363814, 56.96075 ], [ 43.372939, 56.953979 ], [ 43.390012, 56.948681 ], [ 43.390012, 56.941911 ], [ 43.374411, 56.936318 ], [ 43.36087, 56.934551 ], [ 43.332906, 56.93514 ], [ 43.317599, 56.930725 ], [ 43.306118, 56.921305 ], [ 43.30082, 56.91218 ], [ 43.30553, 56.907764 ], [ 43.320837, 56.903643 ], [ 43.32849, 56.893635 ], [ 43.333789, 56.882155 ], [ 43.342914, 56.873029 ], [ 43.352039, 56.870969 ], [ 43.372939, 56.871558 ], [ 43.384419, 56.866848 ], [ 43.375883, 56.859783 ], [ 43.369112, 56.851246 ], [ 43.364991, 56.840944 ], [ 43.363519, 56.828875 ], [ 43.366169, 56.816217 ], [ 43.373528, 56.810624 ], [ 43.398254, 56.805326 ], [ 43.368229, 56.779716 ], [ 43.375883, 56.739094 ], [ 43.403259, 56.69906 ], [ 43.432401, 56.674922 ], [ 43.419449, 56.668152 ], [ 43.406202, 56.668741 ], [ 43.392662, 56.672567 ], [ 43.377649, 56.674922 ], [ 43.366169, 56.672862 ], [ 43.342914, 56.663442 ], [ 43.329373, 56.661382 ], [ 43.199853, 56.674922 ], [ 43.168356, 56.674628 ], [ 43.153932, 56.671684 ], [ 43.141275, 56.664325 ], [ 43.136859, 56.65726 ], [ 43.133032, 56.646958 ], [ 43.128323, 56.637832 ], [ 43.078281, 56.610457 ], [ 43.054143, 56.602509 ], [ 43.058853, 56.616638 ], [ 43.067684, 56.624292 ], [ 43.088289, 56.638715 ], [ 43.09712, 56.646958 ], [ 43.1086, 56.662853 ], [ 43.114487, 56.669035 ], [ 43.123907, 56.674922 ], [ 43.246951, 56.691995 ], [ 43.235471, 56.707008 ], [ 43.209567, 56.718194 ], [ 43.158053, 56.729674 ], [ 43.131561, 56.727613 ], [ 43.104773, 56.722021 ], [ 43.082107, 56.721726 ], [ 43.069155, 56.736444 ], [ 43.118903, 56.738211 ], [ 43.213099, 56.729968 ], [ 43.239298, 56.731146 ], [ 43.246951, 56.743803 ], [ 43.239887, 56.749985 ], [ 43.218987, 56.749985 ], [ 43.213099, 56.75705 ], [ 43.216632, 56.762054 ], [ 43.225463, 56.76647 ], [ 43.263141, 56.776478 ], [ 43.258726, 56.788547 ], [ 43.233116, 56.812096 ], [ 43.225463, 56.826814 ], [ 43.218987, 56.84742 ], [ 43.214866, 56.870086 ], [ 43.213099, 56.890691 ], [ 43.203385, 56.907764 ], [ 43.180425, 56.904232 ], [ 43.15511, 56.892752 ], [ 43.137448, 56.887159 ], [ 43.132444, 56.89128 ], [ 43.127734, 56.904821 ], [ 43.120963, 56.907764 ], [ 43.068567, 56.906587 ], [ 43.059441, 56.909236 ], [ 43.055615, 56.918361 ], [ 43.046195, 56.934257 ], [ 43.030005, 56.94662 ], [ 43.025001, 56.953979 ], [ 43.048844, 56.955451 ], [ 43.062091, 56.954274 ], [ 43.076514, 56.951036 ], [ 43.090055, 56.946032 ], [ 43.100358, 56.938378 ], [ 43.112427, 56.932785 ], [ 43.1295, 56.932197 ], [ 43.158642, 56.93514 ], [ 43.183663, 56.942205 ], [ 43.191905, 56.959278 ], [ 43.186901, 56.979884 ], [ 43.172183, 56.997251 ], [ 43.147751, 57.006671 ], [ 43.086817, 57.016679 ], [ 43.065917, 57.02757 ], [ 43.063268, 57.035224 ], [ 43.06474, 57.056124 ], [ 43.062385, 57.065249 ], [ 43.054143, 57.074669 ], [ 43.043251, 57.081733 ], [ 43.021468, 57.092625 ], [ 43.03442, 57.107343 ], [ 43.038836, 57.118823 ], [ 43.035892, 57.129126 ], [ 43.02765, 57.141195 ], [ 43.023529, 57.145316 ], [ 43.007928, 57.154736 ], [ 43.002923, 57.160034 ], [ 42.993504, 57.174753 ], [ 42.975842, 57.183289 ], [ 42.959652, 57.185938 ], [ 42.943462, 57.184761 ], [ 42.925211, 57.181523 ], [ 42.914614, 57.177107 ], [ 42.906372, 57.172398 ], [ 42.902545, 57.174164 ], [ 42.9049, 57.188293 ], [ 42.910199, 57.196536 ], [ 42.928155, 57.214492 ], [ 42.932276, 57.226561 ], [ 42.936986, 57.231859 ], [ 42.961124, 57.241868 ], [ 42.989088, 57.258646 ], [ 43.062385, 57.27778 ], [ 43.0877, 57.2872 ], [ 43.102124, 57.298385 ], [ 43.1086, 57.315459 ], [ 43.110072, 57.343129 ], [ 43.097414, 57.362851 ], [ 43.067095, 57.371388 ], [ 42.969955, 57.374626 ], [ 42.957886, 57.369622 ], [ 42.953176, 57.356375 ], [ 42.948172, 57.347544 ], [ 42.936397, 57.346956 ], [ 42.923445, 57.351077 ], [ 42.915203, 57.356375 ], [ 42.905783, 57.364912 ], [ 42.895186, 57.371093 ], [ 42.883117, 57.374331 ], [ 42.870165, 57.374037 ], [ 42.859568, 57.368739 ], [ 42.853975, 57.352843 ], [ 42.843378, 57.346661 ], [ 42.830426, 57.347544 ], [ 42.818651, 57.353726 ], [ 42.806288, 57.356964 ], [ 42.79157, 57.349605 ], [ 42.7639, 57.315459 ], [ 42.723866, 57.283079 ], [ 42.699728, 57.269832 ], [ 42.67824, 57.264534 ], [ 42.709148, 57.301918 ], [ 42.714152, 57.305156 ], [ 42.727104, 57.308688 ], [ 42.733286, 57.311926 ], [ 42.739173, 57.31693 ], [ 42.741528, 57.32164 ], [ 42.743294, 57.326644 ], [ 42.747121, 57.332237 ], [ 42.805405, 57.373154 ], [ 42.815413, 57.384045 ], [ 42.803345, 57.407889 ], [ 42.774791, 57.421135 ], [ 42.740645, 57.427317 ], [ 42.712386, 57.428494 ], [ 42.697962, 57.426728 ], [ 42.667643, 57.417897 ], [ 42.651747, 57.415542 ] ] ] } },
{ "type": "Feature", "properties": { "name": "Obanbori Qayroqum" }, "geometry": { "type": "Polygon", "coordinates": [ [ [ 70.373194, 40.412187 ], [ 70.381731, 40.40424 ], [ 70.384675, 40.399824 ], [ 70.370839, 40.365089 ], [ 70.361714, 40.356847 ], [ 70.350234, 40.349488 ], [ 70.340226, 40.340951 ], [ 70.336104, 40.327705 ], [ 70.325507, 40.315047 ], [ 70.301369, 40.304156 ], [ 70.183329, 40.265594 ], [ 70.161252, 40.262062 ], [ 70.151833, 40.264417 ], [ 70.129755, 40.274131 ], [ 70.120041, 40.276485 ], [ 70.108267, 40.274425 ], [ 70.081185, 40.2653 ], [ 69.911926, 40.232036 ], [ 69.869832, 40.235569 ], [ 69.850109, 40.241751 ], [ 69.830976, 40.25117 ], [ 69.822145, 40.2653 ], [ 69.832447, 40.286199 ], [ 69.850992, 40.296797 ], [ 69.925172, 40.303567 ], [ 70.13682, 40.365089 ], [ 70.182741, 40.388933 ], [ 70.195693, 40.392465 ], [ 70.198636, 40.394525 ], [ 70.203641, 40.403356 ], [ 70.205701, 40.4063 ], [ 70.217181, 40.409244 ], [ 70.224246, 40.409244 ], [ 70.26634, 40.401001 ], [ 70.279292, 40.401885 ], [ 70.291655, 40.409832 ], [ 70.302841, 40.414837 ], [ 70.31756, 40.414248 ], [ 70.332278, 40.410716 ], [ 70.342875, 40.4063 ], [ 70.288417, 40.372154 ], [ 70.30814, 40.377452 ], [ 70.329334, 40.379513 ], [ 70.341992, 40.382751 ], [ 70.346702, 40.391287 ], [ 70.349645, 40.413659 ], [ 70.349351, 40.41572 ], [ 70.352, 40.426611 ], [ 70.354944, 40.435442 ], [ 70.35671, 40.430732 ], [ 70.358182, 40.428083 ], [ 70.371723, 40.413365 ], [ 70.370839, 40.413659 ], [ 70.373194, 40.412187 ] ] ] } },
{ "type": "Feature", "properties": { "name": "Embalse de Entrepeas" }, "geometry": { "type": "Polygon", "coordinates": [ [ [ -2.602028, 40.718915 ], [ -2.586868, 40.725685 ], [ -2.57686, 40.724213 ], [ -2.599526, 40.703313 ], [ -2.609681, 40.696543 ], [ -2.624694, 40.689773 ], [ -2.631023, 40.685357 ], [ -2.651922, 40.666812 ], [ -2.657663, 40.660336 ], [ -2.657663, 40.652977 ], [ -2.656632, 40.645912 ], [ -2.65884, 40.639436 ], [ -2.677679, 40.620597 ], [ -2.693428, 40.600875 ], [ -2.695341, 40.581741 ], [ -2.672969, 40.563785 ], [ -2.690631, 40.548184 ], [ -2.709176, 40.509916 ], [ -2.723894, 40.502263 ], [ -2.737582, 40.511977 ], [ -2.732431, 40.532877 ], [ -2.714033, 40.563785 ], [ -2.727132, 40.583802 ], [ -2.715064, 40.611472 ], [ -2.692692, 40.636198 ], [ -2.676207, 40.646796 ], [ -2.675177, 40.651211 ], [ -2.661931, 40.66799 ], [ -2.65884, 40.670345 ], [ -2.654866, 40.676821 ], [ -2.628373, 40.699781 ], [ -2.602028, 40.718915 ] ] ] } },
{ "type": "Feature", "properties": { "name": "Gobind Sagar Reservoir" }, "geometry": { "type": "Polygon", "coordinates": [ [ [ 76.7659, 31.260995 ], [ 76.778852, 31.239801 ], [ 76.784445, 31.216841 ], [ 76.762368, 31.234208 ], [ 76.726161, 31.293375 ], [ 76.705261, 31.306327 ], [ 76.703495, 31.300146 ], [ 76.698196, 31.273064 ], [ 76.695547, 31.265411 ], [ 76.684656, 31.259524 ], [ 76.670526, 31.257463 ], [ 76.64786, 31.257757 ], [ 76.639324, 31.262173 ], [ 76.621367, 31.267471 ], [ 76.613125, 31.271298 ], [ 76.606355, 31.276597 ], [ 76.598701, 31.286016 ], [ 76.544538, 31.338413 ], [ 76.538062, 31.350482 ], [ 76.531586, 31.354309 ], [ 76.493613, 31.388161 ], [ 76.481839, 31.394048 ], [ 76.470359, 31.406411 ], [ 76.45564, 31.41848 ], [ 76.435035, 31.422307 ], [ 76.442688, 31.429077 ], [ 76.40707, 31.497958 ], [ 76.384993, 31.522979 ], [ 76.373218, 31.532399 ], [ 76.359089, 31.538875 ], [ 76.370863, 31.55065 ], [ 76.370275, 31.567428 ], [ 76.362327, 31.585385 ], [ 76.352613, 31.600397 ], [ 76.372335, 31.592449 ], [ 76.383815, 31.572433 ], [ 76.392352, 31.548295 ], [ 76.403832, 31.528278 ], [ 76.428853, 31.500313 ], [ 76.444454, 31.488244 ], [ 76.462411, 31.484418 ], [ 76.458878, 31.467345 ], [ 76.466532, 31.457925 ], [ 76.477423, 31.450566 ], [ 76.482722, 31.439969 ], [ 76.488903, 31.437614 ], [ 76.516279, 31.411121 ], [ 76.553369, 31.366378 ], [ 76.561906, 31.361374 ], [ 76.599584, 31.321634 ], [ 76.606355, 31.309565 ], [ 76.611065, 31.298674 ], [ 76.62225, 31.289254 ], [ 76.63638, 31.28219 ], [ 76.64786, 31.278363 ], [ 76.665816, 31.278952 ], [ 76.678474, 31.286311 ], [ 76.681418, 31.294847 ], [ 76.671704, 31.298674 ], [ 76.666994, 31.304267 ], [ 76.611948, 31.351365 ], [ 76.578979, 31.388161 ], [ 76.586338, 31.394931 ], [ 76.596935, 31.379624 ], [ 76.616952, 31.364612 ], [ 76.640207, 31.356664 ], [ 76.660518, 31.361374 ], [ 76.659929, 31.348716 ], [ 76.66405, 31.339885 ], [ 76.669643, 31.331643 ], [ 76.674647, 31.320457 ], [ 76.697902, 31.320751 ], [ 76.720568, 31.313098 ], [ 76.735875, 31.315747 ], [ 76.736464, 31.347244 ], [ 76.742351, 31.358724 ], [ 76.742351, 31.364906 ], [ 76.733226, 31.367555 ], [ 76.725278, 31.368733 ], [ 76.718213, 31.371971 ], [ 76.714975, 31.377564 ], [ 76.719096, 31.384628 ], [ 76.72881, 31.394342 ], [ 76.739113, 31.401701 ], [ 76.750593, 31.407 ], [ 76.764723, 31.408766 ], [ 76.756775, 31.401701 ], [ 76.750593, 31.394931 ], [ 76.746178, 31.388161 ], [ 76.743528, 31.38139 ], [ 76.751771, 31.386689 ], [ 76.760307, 31.388749 ], [ 76.769138, 31.386689 ], [ 76.777675, 31.38139 ], [ 76.76119, 31.361079 ], [ 76.751182, 31.313687 ], [ 76.736464, 31.298674 ], [ 76.7659, 31.260995 ] ] ] } },
{ "type": "Feature", "properties": { "name": "Nagarjuna Sagar Dam" }, "geometry": { "type": "Polygon", "coordinates": [ [ [ 79.313622, 16.595775 ], [ 79.320686, 16.579879 ], [ 79.313033, 16.579879 ], [ 79.31892, 16.560156 ], [ 79.305379, 16.548676 ], [ 79.268878, 16.535136 ], [ 79.265052, 16.526599 ], [ 79.267406, 16.505699 ], [ 79.265346, 16.497163 ], [ 79.256221, 16.490981 ], [ 79.245623, 16.490392 ], [ 79.234732, 16.491275 ], [ 79.224429, 16.490392 ], [ 79.224429, 16.483622 ], [ 79.230022, 16.482444 ], [ 79.239147, 16.478618 ], [ 79.245035, 16.47744 ], [ 79.240325, 16.466254 ], [ 79.227373, 16.450359 ], [ 79.224429, 16.439467 ], [ 79.224724, 16.415624 ], [ 79.222369, 16.404732 ], [ 79.21707, 16.394724 ], [ 79.225018, 16.377945 ], [ 79.234732, 16.36411 ], [ 79.258576, 16.340266 ], [ 79.232377, 16.315246 ], [ 79.226784, 16.270797 ], [ 79.213538, 16.228114 ], [ 79.165851, 16.209274 ], [ 79.153193, 16.210746 ], [ 79.121402, 16.222815 ], [ 79.083429, 16.222815 ], [ 79.072537, 16.226053 ], [ 79.048105, 16.240477 ], [ 79.03898, 16.244009 ], [ 79.026322, 16.243126 ], [ 79.017197, 16.240183 ], [ 78.99718, 16.230174 ], [ 79.005422, 16.248131 ], [ 79.014253, 16.253429 ], [ 79.042218, 16.25078 ], [ 79.051343, 16.248719 ], [ 79.065767, 16.2393 ], [ 79.072832, 16.23665 ], [ 79.082251, 16.237239 ], [ 79.09697, 16.242538 ], [ 79.10374, 16.244009 ], [ 79.135826, 16.238122 ], [ 79.163202, 16.228408 ], [ 79.187634, 16.226348 ], [ 79.210594, 16.244009 ], [ 79.220897, 16.26697 ], [ 79.225901, 16.297289 ], [ 79.223841, 16.327314 ], [ 79.213832, 16.349686 ], [ 79.201763, 16.358811 ], [ 79.155548, 16.381183 ], [ 79.121402, 16.41268 ], [ 79.106978, 16.4221 ], [ 79.152016, 16.404732 ], [ 79.170855, 16.392075 ], [ 79.189694, 16.373824 ], [ 79.194404, 16.383832 ], [ 79.196465, 16.415329 ], [ 79.208828, 16.448298 ], [ 79.210594, 16.456246 ], [ 79.208534, 16.470081 ], [ 79.203235, 16.472142 ], [ 79.196759, 16.471553 ], [ 79.189694, 16.47744 ], [ 79.183513, 16.492453 ], [ 79.186162, 16.497751 ], [ 79.192049, 16.500989 ], [ 79.196465, 16.510998 ], [ 79.198231, 16.520123 ], [ 79.199114, 16.521006 ], [ 79.194699, 16.518651 ], [ 79.142007, 16.518357 ], [ 79.123757, 16.522184 ], [ 79.107861, 16.53072 ], [ 79.102268, 16.543083 ], [ 79.114631, 16.559273 ], [ 79.104917, 16.56781 ], [ 79.056053, 16.594008 ], [ 79.047516, 16.600779 ], [ 79.031915, 16.620795 ], [ 79.056642, 16.616674 ], [ 79.08078, 16.603428 ], [ 79.104329, 16.593714 ], [ 79.127583, 16.60019 ], [ 79.134354, 16.589299 ], [ 79.143774, 16.580762 ], [ 79.155842, 16.575169 ], [ 79.169089, 16.572814 ], [ 79.16644, 16.584 ], [ 79.164085, 16.602251 ], [ 79.165262, 16.616969 ], [ 79.172916, 16.617263 ], [ 79.181452, 16.603722 ], [ 79.184984, 16.575758 ], [ 79.189694, 16.565455 ], [ 79.200291, 16.561334 ], [ 79.208239, 16.569282 ], [ 79.220603, 16.590182 ], [ 79.2312, 16.595775 ], [ 79.254749, 16.600484 ], [ 79.265346, 16.606372 ], [ 79.25887, 16.617263 ], [ 79.235615, 16.625211 ], [ 79.224429, 16.634336 ], [ 79.233849, 16.634336 ], [ 79.240325, 16.636102 ], [ 79.251216, 16.641695 ], [ 79.237381, 16.654942 ], [ 79.245035, 16.662301 ], [ 79.259459, 16.656708 ], [ 79.27506, 16.657297 ], [ 79.287718, 16.654059 ], [ 79.292722, 16.638163 ], [ 79.296254, 16.62315 ], [ 79.313622, 16.595775 ] ] ] } },
{ "type": "Feature", "properties": { "name": "Kapchagay Reservoir" }, "geometry": { "type": "Polygon", "coordinates": [ [ [ 78.01106, 43.782362 ], [ 78.004584, 43.77883 ], [ 77.997225, 43.770882 ], [ 78.001346, 43.771176 ], [ 78.005762, 43.766172 ], [ 78.008411, 43.759696 ], [ 78.007822, 43.754398 ], [ 77.990455, 43.743506 ], [ 77.894198, 43.740563 ], [ 77.885956, 43.761462 ], [ 77.865939, 43.768233 ], [ 77.819135, 43.7647 ], [ 77.742012, 43.776769 ], [ 77.726999, 43.774709 ], [ 77.707277, 43.766761 ], [ 77.680784, 43.770588 ], [ 77.634863, 43.784423 ], [ 77.507992, 43.779419 ], [ 77.361104, 43.804734 ], [ 77.342854, 43.815625 ], [ 77.322543, 43.82269 ], [ 77.293401, 43.82063 ], [ 77.250129, 43.811799 ], [ 77.233939, 43.814154 ], [ 77.207152, 43.823279 ], [ 77.192434, 43.825634 ], [ 77.177716, 43.822396 ], [ 77.155344, 43.808855 ], [ 77.141509, 43.805617 ], [ 77.150045, 43.8274 ], [ 77.138859, 43.84359 ], [ 77.122081, 43.857425 ], [ 77.113544, 43.870671 ], [ 77.116782, 43.878325 ], [ 77.132089, 43.902757 ], [ 77.137682, 43.908056 ], [ 77.151517, 43.906878 ], [ 77.175655, 43.902168 ], [ 77.189196, 43.901285 ], [ 77.235411, 43.905112 ], [ 77.258371, 43.910116 ], [ 77.274267, 43.918653 ], [ 77.28928, 43.92925 ], [ 77.311651, 43.939847 ], [ 77.334906, 43.947795 ], [ 77.353157, 43.949561 ], [ 77.361987, 43.946323 ], [ 77.377, 43.934254 ], [ 77.387303, 43.92925 ], [ 77.428219, 43.92925 ], [ 77.449414, 43.918653 ], [ 77.669892, 43.874204 ], [ 77.896847, 43.856542 ], [ 77.956309, 43.867139 ], [ 78.011649, 43.886273 ], [ 78.037847, 43.890983 ], [ 78.066106, 43.88745 ], [ 78.104668, 43.875676 ], [ 78.120858, 43.874498 ], [ 78.149706, 43.878325 ], [ 78.162364, 43.876559 ], [ 78.175904, 43.867139 ], [ 78.158831, 43.862724 ], [ 78.139992, 43.853893 ], [ 78.107317, 43.832404 ], [ 78.093482, 43.840352 ], [ 78.082002, 43.837703 ], [ 78.053743, 43.813859 ], [ 78.049916, 43.812387 ], [ 78.041674, 43.811799 ], [ 78.037847, 43.808855 ], [ 78.034315, 43.795314 ], [ 78.03196, 43.791193 ], [ 78.01106, 43.782362 ] ] ] } },
{ "type": "Feature", "properties": { "name": "Lac de Kossou" }, "geometry": { "type": "Polygon", "coordinates": [ [ [ -5.344913, 7.430747 ], [ -5.31842, 7.437812 ], [ -5.30223, 7.436046 ], [ -5.310914, 7.410436 ], [ -5.316948, 7.404549 ], [ -5.341086, 7.387476 ], [ -5.348739, 7.383649 ], [ -5.361544, 7.379234 ], [ -5.36699, 7.369225 ], [ -5.370964, 7.357745 ], [ -5.379206, 7.348914 ], [ -5.39363, 7.347442 ], [ -5.411733, 7.348914 ], [ -5.427335, 7.345971 ], [ -5.433811, 7.331841 ], [ -5.438373, 7.315945 ], [ -5.446468, 7.301522 ], [ -5.449853, 7.289158 ], [ -5.440581, 7.280033 ], [ -5.425421, 7.27915 ], [ -5.40982, 7.284154 ], [ -5.395102, 7.290924 ], [ -5.367431, 7.298578 ], [ -5.359484, 7.297989 ], [ -5.362722, 7.290924 ], [ -5.375821, 7.277972 ], [ -5.382886, 7.274734 ], [ -5.392894, 7.273851 ], [ -5.390981, 7.269142 ], [ -5.388626, 7.257956 ], [ -5.386565, 7.253246 ], [ -5.400253, 7.253246 ], [ -5.395543, 7.242943 ], [ -5.392894, 7.239116 ], [ -5.407318, 7.23264 ], [ -5.421447, 7.233229 ], [ -5.433222, 7.240294 ], [ -5.440581, 7.253246 ], [ -5.446468, 7.240883 ], [ -5.456035, 7.238233 ], [ -5.466485, 7.237939 ], [ -5.474874, 7.232935 ], [ -5.475905, 7.222338 ], [ -5.467368, 7.20026 ], [ -5.471636, 7.188191 ], [ -5.479143, 7.1773 ], [ -5.477082, 7.172884 ], [ -5.471636, 7.16788 ], [ -5.468546, 7.154045 ], [ -5.4631, 7.153456 ], [ -5.451031, 7.160227 ], [ -5.439109, 7.160816 ], [ -5.433811, 7.143448 ], [ -5.427629, 7.143448 ], [ -5.426157, 7.154928 ], [ -5.420417, 7.16317 ], [ -5.411586, 7.168469 ], [ -5.400253, 7.170824 ], [ -5.402755, 7.161993 ], [ -5.403933, 7.160227 ], [ -5.407171, 7.156989 ], [ -5.400842, 7.14698 ], [ -5.399812, 7.136972 ], [ -5.404227, 7.128435 ], [ -5.413941, 7.122843 ], [ -5.413941, 7.116072 ], [ -5.405699, 7.111657 ], [ -5.396574, 7.110185 ], [ -5.387448, 7.111657 ], [ -5.379206, 7.116072 ], [ -5.389214, 7.09164 ], [ -5.404816, 7.09164 ], [ -5.4213, 7.100765 ], [ -5.433811, 7.102531 ], [ -5.440139, 7.087225 ], [ -5.430867, 7.071918 ], [ -5.412764, 7.063087 ], [ -5.392894, 7.067796 ], [ -5.390981, 7.061026 ], [ -5.389067, 7.05926 ], [ -5.389067, 7.058671 ], [ -5.392894, 7.05455 ], [ -5.386565, 7.047191 ], [ -5.379206, 7.05455 ], [ -5.383327, 7.040126 ], [ -5.379353, 7.029823 ], [ -5.368462, 7.026585 ], [ -5.351977, 7.03365 ], [ -5.356098, 7.023642 ], [ -5.359336, 6.992734 ], [ -5.357129, 6.993617 ], [ -5.352419, 6.993028 ], [ -5.347856, 6.990673 ], [ -5.345649, 6.985669 ], [ -5.347268, 6.979487 ], [ -5.351094, 6.979487 ], [ -5.355657, 6.980959 ], [ -5.359336, 6.978899 ], [ -5.359778, 6.974777 ], [ -5.358453, 6.962414 ], [ -5.359336, 6.959176 ], [ -5.363458, 6.958293 ], [ -5.36905, 6.958587 ], [ -5.372877, 6.960942 ], [ -5.372436, 6.965358 ], [ -5.378176, 6.960942 ], [ -5.384357, 6.957704 ], [ -5.388037, 6.951523 ], [ -5.386565, 6.937982 ], [ -5.395838, 6.940042 ], [ -5.401136, 6.940631 ], [ -5.413941, 6.937982 ], [ -5.413941, 6.972128 ], [ -5.428954, 6.963003 ], [ -5.433811, 6.959176 ], [ -5.427629, 6.972128 ], [ -5.433811, 6.978899 ], [ -5.441611, 6.977132 ], [ -5.445732, 6.977721 ], [ -5.447646, 6.982725 ], [ -5.448087, 6.992734 ], [ -5.455005, 6.992734 ], [ -5.455594, 6.98508 ], [ -5.457065, 6.980959 ], [ -5.459126, 6.977427 ], [ -5.461186, 6.972128 ], [ -5.485766, 7.013045 ], [ -5.49445, 7.016871 ], [ -5.501662, 7.025997 ], [ -5.50696, 7.037183 ], [ -5.509609, 7.047191 ], [ -5.524033, 7.04307 ], [ -5.539193, 7.044836 ], [ -5.548024, 7.051312 ], [ -5.543608, 7.060732 ], [ -5.552881, 7.064853 ], [ -5.558768, 7.064264 ], [ -5.56495, 7.062204 ], [ -5.574811, 7.060732 ], [ -5.583348, 7.064558 ], [ -5.584083, 7.072801 ], [ -5.582759, 7.081926 ], [ -5.584672, 7.088108 ], [ -5.598949, 7.091934 ], [ -5.625, 7.086636 ], [ -5.636627, 7.091934 ], [ -5.646047, 7.093112 ], [ -5.653112, 7.080748 ], [ -5.66209, 7.070446 ], [ -5.677544, 7.078394 ], [ -5.681665, 7.085458 ], [ -5.683137, 7.097233 ], [ -5.688436, 7.102531 ], [ -5.697561, 7.105181 ], [ -5.704478, 7.102531 ], [ -5.708452, 7.09841 ], [ -5.708894, 7.095761 ], [ -5.719933, 7.105769 ], [ -5.719638, 7.115778 ], [ -5.6955, 7.156106 ], [ -5.690496, 7.169941 ], [ -5.691968, 7.176417 ], [ -5.721993, 7.155517 ], [ -5.730971, 7.156694 ], [ -5.734651, 7.16788 ], [ -5.735534, 7.188191 ], [ -5.739802, 7.207619 ], [ -5.74981, 7.208503 ], [ -5.761438, 7.207325 ], [ -5.770269, 7.2191 ], [ -5.756875, 7.220866 ], [ -5.744806, 7.22587 ], [ -5.721846, 7.239116 ], [ -5.736123, 7.245592 ], [ -5.749663, 7.245298 ], [ -5.761291, 7.243826 ], [ -5.770269, 7.246475 ], [ -5.775126, 7.255012 ], [ -5.776892, 7.267081 ], [ -5.77645, 7.294162 ], [ -5.798528, 7.265904 ], [ -5.811627, 7.254129 ], [ -5.817514, 7.263549 ], [ -5.818986, 7.285037 ], [ -5.823402, 7.300344 ], [ -5.83915, 7.328309 ], [ -5.815895, 7.322127 ], [ -5.80309, 7.320655 ], [ -5.797645, 7.324776 ], [ -5.794701, 7.33714 ], [ -5.788225, 7.3392 ], [ -5.77645, 7.335079 ], [ -5.76865, 7.333607 ], [ -5.762468, 7.330075 ], [ -5.7582, 7.331547 ], [ -5.756728, 7.345676 ], [ -5.760113, 7.35068 ], [ -5.777481, 7.367754 ], [ -5.783957, 7.37629 ], [ -5.761585, 7.388359 ], [ -5.762321, 7.402194 ], [ -5.765117, 7.416912 ], [ -5.749075, 7.430747 ], [ -5.760555, 7.435457 ], [ -5.77071, 7.433102 ], [ -5.778805, 7.426332 ], [ -5.783957, 7.417795 ], [ -5.785429, 7.42486 ], [ -5.7869, 7.427804 ], [ -5.790727, 7.430747 ], [ -5.762763, 7.479318 ], [ -5.763793, 7.484027 ], [ -5.77645, 7.499629 ], [ -5.772035, 7.500512 ], [ -5.771152, 7.501395 ], [ -5.771446, 7.503161 ], [ -5.770269, 7.507282 ], [ -5.753784, 7.499629 ], [ -5.745395, 7.507871 ], [ -5.743334, 7.520823 ], [ -5.745837, 7.527593 ], [ -5.757905, 7.533775 ], [ -5.767031, 7.547904 ], [ -5.77071, 7.561739 ], [ -5.766442, 7.567921 ], [ -5.75717, 7.5638 ], [ -5.732443, 7.547904 ], [ -5.721846, 7.54761 ], [ -5.7164, 7.556735 ], [ -5.719785, 7.567921 ], [ -5.720963, 7.577341 ], [ -5.708894, 7.581756 ], [ -5.713309, 7.587349 ], [ -5.71434, 7.592942 ], [ -5.711838, 7.598829 ], [ -5.705362, 7.605894 ], [ -5.702565, 7.61237 ], [ -5.709924, 7.613842 ], [ -5.719197, 7.612076 ], [ -5.721846, 7.608838 ], [ -5.731854, 7.617669 ], [ -5.739066, 7.6265 ], [ -5.742746, 7.638274 ], [ -5.742304, 7.657408 ], [ -5.735534, 7.657408 ], [ -5.732885, 7.648871 ], [ -5.728028, 7.642395 ], [ -5.72111, 7.638274 ], [ -5.712279, 7.636802 ], [ -5.702565, 7.640335 ], [ -5.702418, 7.647988 ], [ -5.706392, 7.655053 ], [ -5.708894, 7.657408 ], [ -5.713015, 7.666533 ], [ -5.719638, 7.67713 ], [ -5.720963, 7.68655 ], [ -5.708894, 7.691554 ], [ -5.708894, 7.698913 ], [ -5.714487, 7.705095 ], [ -5.712573, 7.709216 ], [ -5.708894, 7.713631 ], [ -5.708894, 7.719519 ], [ -5.715517, 7.731293 ], [ -5.719933, 7.735414 ], [ -5.721846, 7.729527 ], [ -5.726556, 7.726583 ], [ -5.736711, 7.729527 ], [ -5.746131, 7.738652 ], [ -5.749075, 7.754254 ], [ -5.739361, 7.748072 ], [ -5.729058, 7.746011 ], [ -5.718608, 7.748072 ], [ -5.708894, 7.754254 ], [ -5.733179, 7.7675 ], [ -5.751871, 7.789577 ], [ -5.754079, 7.805767 ], [ -5.729352, 7.801352 ], [ -5.720963, 7.792815 ], [ -5.713309, 7.780452 ], [ -5.703448, 7.769855 ], [ -5.688436, 7.767206 ], [ -5.679457, 7.77427 ], [ -5.684314, 7.786045 ], [ -5.701976, 7.807534 ], [ -5.695353, 7.808711 ], [ -5.680929, 7.814893 ], [ -5.695647, 7.82078 ], [ -5.701976, 7.821957 ], [ -5.69447, 7.838442 ], [ -5.699621, 7.84639 ], [ -5.711985, 7.851394 ], [ -5.725525, 7.859342 ], [ -5.733326, 7.870233 ], [ -5.734945, 7.882302 ], [ -5.729352, 7.91115 ], [ -5.721846, 7.91115 ], [ -5.714781, 7.907323 ], [ -5.709777, 7.905262 ], [ -5.701976, 7.903791 ], [ -5.712721, 7.882891 ], [ -5.713162, 7.875826 ], [ -5.704626, 7.879358 ], [ -5.688436, 7.889955 ], [ -5.680929, 7.889955 ], [ -5.675336, 7.865818 ], [ -5.670332, 7.85316 ], [ -5.660471, 7.842268 ], [ -5.639865, 7.862874 ], [ -5.648255, 7.885246 ], [ -5.643398, 7.906146 ], [ -5.625589, 7.938526 ], [ -5.622792, 7.940292 ], [ -5.618377, 7.939703 ], [ -5.614403, 7.94088 ], [ -5.612637, 7.948534 ], [ -5.614697, 7.951183 ], [ -5.618524, 7.954716 ], [ -5.621173, 7.959425 ], [ -5.619407, 7.965901 ], [ -5.608074, 7.976793 ], [ -5.596741, 7.982386 ], [ -5.588057, 7.989156 ], [ -5.577313, 8.028601 ], [ -5.561123, 8.044791 ], [ -5.544933, 8.057154 ], [ -5.537427, 8.071873 ], [ -5.538604, 8.096305 ], [ -5.535661, 8.105724 ], [ -5.526535, 8.109257 ], [ -5.499748, 8.107785 ], [ -5.48606, 8.103664 ], [ -5.474874, 8.095422 ], [ -5.478407, 8.093361 ], [ -5.481498, 8.092184 ], [ -5.483264, 8.08924 ], [ -5.482233, 8.08247 ], [ -5.501809, 8.083647 ], [ -5.512847, 8.073639 ], [ -5.520354, 8.062158 ], [ -5.523297, 8.051561 ], [ -5.528449, 8.045085 ], [ -5.538457, 8.036549 ], [ -5.544344, 8.024186 ], [ -5.537427, 8.006818 ], [ -5.548907, 7.999459 ], [ -5.552439, 7.992983 ], [ -5.550526, 7.969139 ], [ -5.553322, 7.956187 ], [ -5.56024, 7.949417 ], [ -5.569365, 7.944707 ], [ -5.578491, 7.938526 ], [ -5.56495, 7.93205 ], [ -5.55347, 7.933227 ], [ -5.544197, 7.940292 ], [ -5.537427, 7.952066 ], [ -5.530215, 7.946473 ], [ -5.524033, 7.939703 ], [ -5.519029, 7.932638 ], [ -5.515791, 7.924985 ], [ -5.523003, 7.924396 ], [ -5.527713, 7.922336 ], [ -5.531981, 7.919686 ], [ -5.537427, 7.917331 ], [ -5.534483, 7.911738 ], [ -5.530068, 7.897609 ], [ -5.559357, 7.907323 ], [ -5.572898, 7.9085 ], [ -5.578491, 7.900553 ], [ -5.577019, 7.871116 ], [ -5.580845, 7.860225 ], [ -5.592178, 7.855809 ], [ -5.589971, 7.851394 ], [ -5.58688, 7.839914 ], [ -5.584672, 7.835498 ], [ -5.597477, 7.832554 ], [ -5.609988, 7.826373 ], [ -5.620143, 7.817836 ], [ -5.625589, 7.807534 ], [ -5.617052, 7.80665 ], [ -5.611312, 7.804001 ], [ -5.598949, 7.79517 ], [ -5.617935, 7.786045 ], [ -5.628974, 7.773093 ], [ -5.626619, 7.762496 ], [ -5.605719, 7.760435 ], [ -5.611018, 7.754842 ], [ -5.616316, 7.74454 ], [ -5.619407, 7.73983 ], [ -5.605425, 7.740713 ], [ -5.595564, 7.745717 ], [ -5.578491, 7.760435 ], [ -5.584378, 7.775742 ], [ -5.582023, 7.7884 ], [ -5.572603, 7.794287 ], [ -5.558032, 7.7884 ], [ -5.495921, 7.828728 ], [ -5.505783, 7.807828 ], [ -5.536985, 7.776625 ], [ -5.543608, 7.750427 ], [ -5.551703, 7.728938 ], [ -5.580993, 7.679779 ], [ -5.578491, 7.663589 ], [ -5.578491, 7.657408 ], [ -5.593062, 7.658291 ], [ -5.606161, 7.655053 ], [ -5.615728, 7.646811 ], [ -5.619407, 7.633564 ], [ -5.61823, 7.627383 ], [ -5.612637, 7.608838 ], [ -5.614845, 7.603245 ], [ -5.623675, 7.590293 ], [ -5.625589, 7.589115 ], [ -5.618083, 7.555558 ], [ -5.602334, 7.553497 ], [ -5.581287, 7.565566 ], [ -5.558032, 7.57528 ], [ -5.560976, 7.560856 ], [ -5.575105, 7.54084 ], [ -5.578491, 7.531126 ], [ -5.571131, 7.511992 ], [ -5.572015, 7.501395 ], [ -5.584672, 7.493447 ], [ -5.586586, 7.502867 ], [ -5.589824, 7.506988 ], [ -5.593797, 7.50581 ], [ -5.598949, 7.499629 ], [ -5.605719, 7.499629 ], [ -5.610135, 7.50581 ], [ -5.614697, 7.511109 ], [ -5.619996, 7.516113 ], [ -5.625589, 7.520234 ], [ -5.633095, 7.520234 ], [ -5.637658, 7.502278 ], [ -5.647519, 7.501984 ], [ -5.659294, 7.508754 ], [ -5.670332, 7.513464 ], [ -5.686228, 7.505516 ], [ -5.693145, 7.48756 ], [ -5.691379, 7.467249 ], [ -5.680929, 7.45253 ], [ -5.688288, 7.446643 ], [ -5.693881, 7.440461 ], [ -5.69815, 7.433397 ], [ -5.701976, 7.424566 ], [ -5.697708, 7.4228 ], [ -5.684609, 7.419562 ], [ -5.680929, 7.417795 ], [ -5.679163, 7.417501 ], [ -5.665622, 7.405432 ], [ -5.666653, 7.404255 ], [ -5.66312, 7.401311 ], [ -5.660029, 7.396896 ], [ -5.655467, 7.39248 ], [ -5.647372, 7.389831 ], [ -5.619407, 7.410436 ], [ -5.627061, 7.37423 ], [ -5.634861, 7.363338 ], [ -5.653553, 7.369225 ], [ -5.658852, 7.358334 ], [ -5.661207, 7.347148 ], [ -5.658116, 7.338906 ], [ -5.647372, 7.335079 ], [ -5.650757, 7.330958 ], [ -5.65267, 7.327426 ], [ -5.655172, 7.324188 ], [ -5.660471, 7.32095 ], [ -5.651787, 7.310647 ], [ -5.639571, 7.30682 ], [ -5.625589, 7.308292 ], [ -5.612637, 7.314768 ], [ -5.612637, 7.253246 ], [ -5.615433, 7.24677 ], [ -5.621173, 7.241766 ], [ -5.625147, 7.236173 ], [ -5.622498, 7.229402 ], [ -5.613814, 7.223515 ], [ -5.604395, 7.222043 ], [ -5.594533, 7.221455 ], [ -5.584672, 7.2191 ], [ -5.578785, 7.212624 ], [ -5.573928, 7.203793 ], [ -5.568777, 7.1982 ], [ -5.561417, 7.201732 ], [ -5.559946, 7.207619 ], [ -5.558032, 7.232935 ], [ -5.556708, 7.231757 ], [ -5.554206, 7.234112 ], [ -5.551703, 7.238233 ], [ -5.550526, 7.242649 ], [ -5.552734, 7.24883 ], [ -5.557738, 7.25148 ], [ -5.562595, 7.25354 ], [ -5.564803, 7.257073 ], [ -5.568482, 7.258544 ], [ -5.585997, 7.268553 ], [ -5.592178, 7.273851 ], [ -5.584083, 7.281799 ], [ -5.579668, 7.290924 ], [ -5.577902, 7.301816 ], [ -5.578491, 7.314768 ], [ -5.568924, 7.300344 ], [ -5.551998, 7.294457 ], [ -5.53257, 7.295046 ], [ -5.515791, 7.301227 ], [ -5.531687, 7.335079 ], [ -5.550673, 7.357451 ], [ -5.55656, 7.368637 ], [ -5.558915, 7.381589 ], [ -5.558032, 7.39719 ], [ -5.53728, 7.368048 ], [ -5.530068, 7.362455 ], [ -5.513436, 7.355979 ], [ -5.508579, 7.357745 ], [ -5.509609, 7.37629 ], [ -5.513583, 7.37629 ], [ -5.520501, 7.381294 ], [ -5.524475, 7.386887 ], [ -5.519471, 7.389831 ], [ -5.517852, 7.391891 ], [ -5.502692, 7.404255 ], [ -5.507843, 7.413969 ], [ -5.514908, 7.41809 ], [ -5.537427, 7.424566 ], [ -5.547435, 7.420739 ], [ -5.547877, 7.431631 ], [ -5.546405, 7.448998 ], [ -5.550526, 7.465482 ], [ -5.539929, 7.475785 ], [ -5.52683, 7.497274 ], [ -5.515791, 7.507282 ], [ -5.515497, 7.479906 ], [ -5.513878, 7.468132 ], [ -5.509609, 7.458712 ], [ -5.502692, 7.458712 ], [ -5.497393, 7.475196 ], [ -5.495921, 7.483733 ], [ -5.495921, 7.493447 ], [ -5.489151, 7.493447 ], [ -5.480614, 7.473136 ], [ -5.476788, 7.453413 ], [ -5.470753, 7.448704 ], [ -5.436313, 7.501689 ], [ -5.433811, 7.510226 ], [ -5.437049, 7.523472 ], [ -5.45162, 7.549376 ], [ -5.455005, 7.564389 ], [ -5.450589, 7.574986 ], [ -5.440287, 7.576163 ], [ -5.428806, 7.572337 ], [ -5.420711, 7.567921 ], [ -5.412616, 7.562034 ], [ -5.40614, 7.554969 ], [ -5.401872, 7.544961 ], [ -5.400253, 7.531126 ], [ -5.404963, 7.482556 ], [ -5.399517, 7.462833 ], [ -5.379206, 7.458712 ], [ -5.379206, 7.45253 ], [ -5.403785, 7.440756 ], [ -5.423066, 7.419267 ], [ -5.432486, 7.393658 ], [ -5.427629, 7.369225 ], [ -5.420564, 7.37629 ], [ -5.392894, 7.39719 ], [ -5.381708, 7.402783 ], [ -5.372436, 7.405726 ], [ -5.366696, 7.412791 ], [ -5.366254, 7.430747 ], [ -5.344913, 7.430747 ] ] ] } },
{ "type": "Feature", "properties": { "name": "Embalse de García de Sola" }, "geometry": { "type": "Polygon", "coordinates": [ [ [ -5.087344, 39.287128 ], [ -5.059232, 39.303612 ], [ -5.023467, 39.36013 ], [ -5.002567, 39.357186 ], [ -5.017727, 39.326278 ], [ -5.02906, 39.310088 ], [ -5.045544, 39.30008 ], [ -5.055406, 39.28595 ], [ -5.064089, 39.280946 ], [ -5.064972, 39.276236 ], [ -5.064972, 39.272998 ], [ -5.087344, 39.287128 ] ] ] } },
{ "type": "Feature", "properties": { "name": "Embalse de Orellana" }, "geometry": { "type": "Polygon", "coordinates": [ [ [ -5.064972, 39.272998 ], [ -5.064531, 39.265639 ], [ -5.067033, 39.261812 ], [ -5.072773, 39.261812 ], [ -5.079543, 39.26299 ], [ -5.084989, 39.262107 ], [ -5.094409, 39.257986 ], [ -5.110746, 39.252981 ], [ -5.119724, 39.248566 ], [ -5.136061, 39.23738 ], [ -5.158286, 39.218246 ], [ -5.163584, 39.215597 ], [ -5.166234, 39.210593 ], [ -5.167558, 39.187044 ], [ -5.169766, 39.17733 ], [ -5.173887, 39.169971 ], [ -5.180657, 39.16585 ], [ -5.180657, 39.159079 ], [ -5.192579, 39.172914 ], [ -5.192726, 39.18881 ], [ -5.180657, 39.22119 ], [ -5.168589, 39.269171 ], [ -5.160199, 39.282712 ], [ -5.117958, 39.268877 ], [ -5.087344, 39.287128 ], [ -5.064972, 39.272998 ] ] ] } },
{ "type": "Feature", "properties": { "name": "Embalse de Cala" }, "geometry": { "type": "Polygon", "coordinates": [ [ [ -5.023467, 39.36013 ], [ -5.050254, 39.412527 ], [ -5.050254, 39.419886 ], [ -5.043484, 39.419886 ], [ -5.033917, 39.412232 ], [ -5.016402, 39.405462 ], [ -4.998446, 39.400752 ], [ -4.988143, 39.39928 ], [ -4.975338, 39.407228 ], [ -4.96636, 39.418414 ], [ -4.956499, 39.42489 ], [ -4.844788, 39.39251 ], [ -4.844788, 39.385151 ], [ -4.8729, 39.388389 ], [ -4.918673, 39.402813 ], [ -4.944136, 39.406051 ], [ -4.95959, 39.40193 ], [ -4.944577, 39.391921 ], [ -4.880406, 39.3669 ], [ -4.871869, 39.361896 ], [ -4.866865, 39.354243 ], [ -4.865246, 39.340996 ], [ -4.862008, 39.330105 ], [ -4.848026, 39.313326 ], [ -4.844788, 39.30685 ], [ -4.834338, 39.290954 ], [ -4.785032, 39.266522 ], [ -4.769725, 39.248566 ], [ -4.812849, 39.25828 ], [ -4.832572, 39.266817 ], [ -4.84832, 39.278885 ], [ -4.861272, 39.297725 ], [ -4.879817, 39.333048 ], [ -4.892622, 39.344234 ], [ -4.915877, 39.346884 ], [ -4.926768, 39.351005 ], [ -4.93192, 39.356009 ], [ -4.936924, 39.362779 ], [ -4.944872, 39.368961 ], [ -4.958118, 39.37161 ], [ -4.961209, 39.373376 ], [ -4.982992, 39.38103 ], [ -4.988143, 39.381913 ], [ -4.990498, 39.385445 ], [ -4.995797, 39.383973 ], [ -5.001684, 39.380735 ], [ -5.006247, 39.378969 ], [ -5.011398, 39.375437 ], [ -5.009485, 39.368372 ], [ -5.002567, 39.357186 ], [ -5.023467, 39.36013 ] ] ] } },
{ "type": "Feature", "properties": { "name": "Lac de Buyo" }, "geometry": { "type": "Polygon", "coordinates": [ [ [ -6.929328, 6.517041 ], [ -6.934773, 6.51292 ], [ -6.935068, 6.504972 ], [ -6.928003, 6.490843 ], [ -6.928444, 6.484955 ], [ -6.932566, 6.482306 ], [ -6.973629, 6.473181 ], [ -6.986287, 6.468177 ], [ -6.997326, 6.458168 ], [ -6.978192, 6.440801 ], [ -6.980253, 6.427849 ], [ -6.990997, 6.415486 ], [ -6.997326, 6.400473 ], [ -6.996884, 6.367504 ], [ -6.998503, 6.352492 ], [ -7.003507, 6.3416 ], [ -7.034563, 6.335419 ], [ -7.037948, 6.331003 ], [ -7.039273, 6.321289 ], [ -7.038095, 6.311575 ], [ -7.028675, 6.298917 ], [ -7.032797, 6.280372 ], [ -7.044571, 6.252702 ], [ -7.056934, 6.261827 ], [ -7.071947, 6.263005 ], [ -7.109478, 6.258884 ], [ -7.114335, 6.25594 ], [ -7.118456, 6.250053 ], [ -7.123166, 6.246226 ], [ -7.139651, 6.254174 ], [ -7.145538, 6.250642 ], [ -7.14804, 6.241811 ], [ -7.147599, 6.231508 ], [ -7.153927, 6.236807 ], [ -7.167027, 6.250053 ], [ -7.171148, 6.252702 ], [ -7.182039, 6.250642 ], [ -7.193961, 6.241811 ], [ -7.202056, 6.239161 ], [ -7.217216, 6.237101 ], [ -7.215744, 6.276546 ], [ -7.213536, 6.285377 ], [ -7.208385, 6.294208 ], [ -7.202056, 6.286848 ], [ -7.197935, 6.300978 ], [ -7.205294, 6.30451 ], [ -7.218099, 6.30451 ], [ -7.23002, 6.307454 ], [ -7.238116, 6.318051 ], [ -7.243561, 6.329826 ], [ -7.250773, 6.335713 ], [ -7.263725, 6.327765 ], [ -7.27182, 6.332181 ], [ -7.279326, 6.338657 ], [ -7.283595, 6.345427 ], [ -7.280945, 6.352492 ], [ -7.273881, 6.362794 ], [ -7.28021, 6.365444 ], [ -7.290512, 6.363972 ], [ -7.295075, 6.3625 ], [ -7.309499, 6.36721 ], [ -7.32407, 6.37869 ], [ -7.33555, 6.393997 ], [ -7.339965, 6.410481 ], [ -7.359688, 6.407243 ], [ -7.3669, 6.419312 ], [ -7.370727, 6.435208 ], [ -7.380293, 6.444628 ], [ -7.398986, 6.441095 ], [ -7.421799, 6.434031 ], [ -7.44108, 6.434914 ], [ -7.449175, 6.45493 ], [ -7.451235, 6.46906 ], [ -7.456681, 6.469943 ], [ -7.464187, 6.466999 ], [ -7.472871, 6.468765 ], [ -7.477139, 6.478185 ], [ -7.473018, 6.488488 ], [ -7.466395, 6.499085 ], [ -7.462863, 6.509682 ], [ -7.464923, 6.533231 ], [ -7.471105, 6.548833 ], [ -7.481702, 6.559135 ], [ -7.497009, 6.567377 ], [ -7.497009, 6.575031 ], [ -7.458889, 6.566789 ], [ -7.438872, 6.53382 ], [ -7.425478, 6.495553 ], [ -7.407669, 6.472003 ], [ -7.400016, 6.46906 ], [ -7.39457, 6.468177 ], [ -7.38883, 6.469354 ], [ -7.366605, 6.476713 ], [ -7.36116, 6.48054 ], [ -7.357627, 6.486133 ], [ -7.349532, 6.495847 ], [ -7.339965, 6.499674 ], [ -7.334814, 6.491726 ], [ -7.332901, 6.479068 ], [ -7.332459, 6.468765 ], [ -7.330546, 6.465822 ], [ -7.325689, 6.464939 ], [ -7.315239, 6.465527 ], [ -7.310676, 6.462289 ], [ -7.312295, 6.45493 ], [ -7.316122, 6.447866 ], [ -7.318183, 6.444628 ], [ -7.306997, 6.431087 ], [ -7.263578, 6.411953 ], [ -7.253717, 6.410481 ], [ -7.237232, 6.416369 ], [ -7.227224, 6.418135 ], [ -7.222661, 6.413719 ], [ -7.224428, 6.378984 ], [ -7.222661, 6.368976 ], [ -7.219718, 6.358968 ], [ -7.217216, 6.354258 ], [ -7.212359, 6.351609 ], [ -7.202056, 6.348959 ], [ -7.198229, 6.350725 ], [ -7.193814, 6.356024 ], [ -7.188368, 6.361323 ], [ -7.181745, 6.3625 ], [ -7.179979, 6.360145 ], [ -7.174533, 6.35102 ], [ -7.171148, 6.348959 ], [ -7.172031, 6.339834 ], [ -7.166879, 6.322467 ], [ -7.152603, 6.311281 ], [ -7.126404, 6.320995 ], [ -7.120664, 6.329531 ], [ -7.106093, 6.368976 ], [ -7.106682, 6.377807 ], [ -7.111686, 6.393408 ], [ -7.112864, 6.400473 ], [ -7.110656, 6.405183 ], [ -7.106093, 6.408421 ], [ -7.101383, 6.412542 ], [ -7.099028, 6.42049 ], [ -7.097115, 6.438152 ], [ -7.090492, 6.452575 ], [ -7.079012, 6.461995 ], [ -7.061644, 6.465527 ], [ -7.059584, 6.458757 ], [ -7.061791, 6.443156 ], [ -7.061497, 6.426671 ], [ -7.05193, 6.417252 ], [ -7.057229, 6.402534 ], [ -7.058259, 6.385755 ], [ -7.052666, 6.376041 ], [ -7.038389, 6.382517 ], [ -7.03, 6.397235 ], [ -7.031325, 6.413131 ], [ -7.036329, 6.429026 ], [ -7.038389, 6.444628 ], [ -7.035593, 6.45287 ], [ -7.026173, 6.461995 ], [ -7.023966, 6.468765 ], [ -7.026468, 6.477891 ], [ -7.032061, 6.477891 ], [ -7.038831, 6.476125 ], [ -7.044571, 6.478774 ], [ -7.047662, 6.478479 ], [ -7.056346, 6.483189 ], [ -7.061791, 6.489371 ], [ -7.055021, 6.492315 ], [ -7.039567, 6.49202 ], [ -7.035004, 6.48996 ], [ -7.030883, 6.484955 ], [ -7.011897, 6.499085 ], [ -7.017931, 6.513803 ], [ -7.035593, 6.5244 ], [ -7.05193, 6.52705 ], [ -7.0796, 6.51292 ], [ -7.08799, 6.513509 ], [ -7.079306, 6.533231 ], [ -7.051341, 6.549421 ], [ -7.046484, 6.557663 ], [ -7.0718, 6.561196 ], [ -7.084016, 6.558252 ], [ -7.091669, 6.552954 ], [ -7.099617, 6.55001 ], [ -7.112864, 6.554425 ], [ -7.119192, 6.560018 ], [ -7.123755, 6.568261 ], [ -7.126404, 6.578269 ], [ -7.126404, 6.588572 ], [ -7.109478, 6.579446 ], [ -7.089167, 6.574442 ], [ -7.072241, 6.577091 ], [ -7.065029, 6.591515 ], [ -7.06238, 6.60329 ], [ -7.05561, 6.606234 ], [ -7.046926, 6.606528 ], [ -7.038389, 6.609177 ], [ -7.03368, 6.609766 ], [ -7.021611, 6.608 ], [ -7.017195, 6.609177 ], [ -7.016165, 6.613004 ], [ -7.016901, 6.619186 ], [ -7.01955, 6.623601 ], [ -7.023966, 6.622718 ], [ -7.019256, 6.630077 ], [ -7.017637, 6.636847 ], [ -7.013368, 6.641557 ], [ -7.000416, 6.643029 ], [ -6.995412, 6.646856 ], [ -7.000711, 6.655098 ], [ -7.01381, 6.667461 ], [ -7.010719, 6.670405 ], [ -7.01013, 6.695426 ], [ -7.011161, 6.707495 ], [ -7.015576, 6.72133 ], [ -7.017195, 6.731927 ], [ -7.001888, 6.727217 ], [ -6.997326, 6.725157 ], [ -7.014988, 6.769606 ], [ -7.017195, 6.783441 ], [ -7.021022, 6.794627 ], [ -7.030294, 6.800514 ], [ -7.041627, 6.805224 ], [ -7.05193, 6.814349 ], [ -7.047662, 6.825535 ], [ -7.072241, 6.854088 ], [ -7.079306, 6.872633 ], [ -7.075185, 6.888234 ], [ -7.059142, 6.907074 ], [ -7.058259, 6.924147 ], [ -7.078423, 6.9527 ], [ -7.087107, 6.971539 ], [ -7.082397, 6.989201 ], [ -7.06238, 7.025997 ], [ -7.050458, 7.042187 ], [ -7.038389, 7.041009 ], [ -7.039273, 7.018932 ], [ -7.050164, 6.978899 ], [ -7.05193, 6.959176 ], [ -7.049428, 6.94799 ], [ -7.045013, 6.940631 ], [ -7.040597, 6.935333 ], [ -7.038389, 6.931212 ], [ -7.038242, 6.919731 ], [ -7.044571, 6.890295 ], [ -7.041775, 6.864391 ], [ -7.032355, 6.855266 ], [ -7.018814, 6.851144 ], [ -7.003507, 6.841725 ], [ -6.996443, 6.824652 ], [ -6.992616, 6.805812 ], [ -6.983932, 6.796393 ], [ -6.962591, 6.808167 ], [ -6.955084, 6.794038 ], [ -6.965682, 6.776965 ], [ -6.964504, 6.761069 ], [ -6.958617, 6.743407 ], [ -6.955084, 6.721624 ], [ -6.957734, 6.714265 ], [ -6.962149, 6.705729 ], [ -6.964063, 6.696603 ], [ -6.958911, 6.687772 ], [ -6.947578, 6.682768 ], [ -6.936392, 6.681296 ], [ -6.926973, 6.676881 ], [ -6.920938, 6.663635 ], [ -6.950963, 6.643029 ], [ -6.968184, 6.604467 ], [ -6.966859, 6.57297 ], [ -6.942132, 6.575031 ], [ -6.947284, 6.555603 ], [ -6.941985, 6.549127 ], [ -6.931535, 6.546772 ], [ -6.915934, 6.537058 ], [ -6.911519, 6.537941 ], [ -6.908428, 6.536175 ], [ -6.907397, 6.52705 ], [ -6.929328, 6.517041 ] ] ] } },
{ "type": "Feature", "properties": { "name": "Tsimlyansk Reservoir" }, "geometry": { "type": "Polygon", "coordinates": [ [ [ 44.008177, 49.196013 ], [ 44.022012, 49.184533 ], [ 44.024661, 49.1601 ], [ 44.006999, 49.153036 ], [ 43.984628, 49.146854 ], [ 43.973736, 49.126543 ], [ 43.972559, 49.115063 ], [ 43.968143, 49.105349 ], [ 43.960784, 49.098284 ], [ 43.949304, 49.095635 ], [ 43.944006, 49.090631 ], [ 43.948421, 49.079445 ], [ 43.963728, 49.05619 ], [ 43.971381, 49.053246 ], [ 43.973736, 49.047359 ], [ 43.972559, 49.040589 ], [ 43.968143, 49.036468 ], [ 43.963434, 49.032641 ], [ 43.959901, 49.027637 ], [ 43.952248, 49.003793 ], [ 43.946655, 48.994079 ], [ 43.907504, 48.952279 ], [ 43.892197, 48.940799 ], [ 43.870709, 48.93138 ], [ 43.820961, 48.917544 ], [ 43.793585, 48.91519 ], [ 43.742955, 48.926375 ], [ 43.709103, 48.927553 ], [ 43.675545, 48.924609 ], [ 43.651996, 48.917544 ], [ 43.641694, 48.902237 ], [ 43.621088, 48.841893 ], [ 43.611963, 48.838949 ], [ 43.5996, 48.83159 ], [ 43.588708, 48.823642 ], [ 43.583704, 48.818049 ], [ 43.580466, 48.80598 ], [ 43.572224, 48.799799 ], [ 43.521887, 48.786552 ], [ 43.510702, 48.781548 ], [ 43.478027, 48.753289 ], [ 43.473023, 48.742986 ], [ 43.472729, 48.725913 ], [ 43.483914, 48.704425 ], [ 43.552207, 48.653794 ], [ 43.574579, 48.642314 ], [ 43.605781, 48.642314 ], [ 43.665831, 48.649967 ], [ 43.697623, 48.657915 ], [ 43.729414, 48.672928 ], [ 43.760028, 48.683525 ], [ 43.788876, 48.677932 ], [ 43.723527, 48.650851 ], [ 43.702038, 48.627007 ], [ 43.674957, 48.62112 ], [ 43.62462, 48.615821 ], [ 43.615495, 48.609934 ], [ 43.59695, 48.592272 ], [ 43.586942, 48.58874 ], [ 43.54161, 48.588445 ], [ 43.534839, 48.585207 ], [ 43.529835, 48.570783 ], [ 43.504814, 48.537226 ], [ 43.494512, 48.519858 ], [ 43.523065, 48.512499 ], [ 43.617556, 48.51927 ], [ 43.614318, 48.511616 ], [ 43.598128, 48.50514 ], [ 43.576345, 48.500725 ], [ 43.487741, 48.496898 ], [ 43.466547, 48.492483 ], [ 43.427985, 48.477764 ], [ 43.411206, 48.46805 ], [ 43.394133, 48.454804 ], [ 43.361753, 48.437437 ], [ 43.353805, 48.426839 ], [ 43.370879, 48.41742 ], [ 43.359104, 48.39652 ], [ 43.316716, 48.367378 ], [ 43.301997, 48.348539 ], [ 43.303175, 48.332054 ], [ 43.316127, 48.31763 ], [ 43.350567, 48.287016 ], [ 43.328785, 48.288194 ], [ 43.295521, 48.309094 ], [ 43.27786, 48.314392 ], [ 43.25696, 48.311154 ], [ 43.220459, 48.297025 ], [ 43.182191, 48.290254 ], [ 43.16865, 48.281129 ], [ 43.159525, 48.268177 ], [ 43.139214, 48.230499 ], [ 43.137448, 48.221962 ], [ 43.140391, 48.211659 ], [ 43.151577, 48.195469 ], [ 43.151872, 48.184578 ], [ 43.147162, 48.180457 ], [ 43.130089, 48.174864 ], [ 43.123907, 48.171037 ], [ 43.118609, 48.161323 ], [ 43.111249, 48.140129 ], [ 43.106834, 48.133064 ], [ 43.094765, 48.118935 ], [ 43.086817, 48.101861 ], [ 43.088878, 48.087732 ], [ 43.106834, 48.08155 ], [ 43.11802, 48.079195 ], [ 43.121552, 48.073308 ], [ 43.12273, 48.065655 ], [ 43.127734, 48.057707 ], [ 43.137153, 48.051525 ], [ 43.227818, 48.022972 ], [ 43.246951, 48.020028 ], [ 43.22458, 48.003544 ], [ 43.184252, 48.003838 ], [ 43.110072, 48.012669 ], [ 43.086228, 48.000011 ], [ 43.064151, 47.975285 ], [ 43.048256, 47.944082 ], [ 43.042074, 47.913763 ], [ 43.047372, 47.905521 ], [ 43.070922, 47.886093 ], [ 43.07622, 47.872257 ], [ 43.080341, 47.855184 ], [ 43.089761, 47.843998 ], [ 43.099181, 47.834873 ], [ 43.103302, 47.82457 ], [ 43.098003, 47.810147 ], [ 43.0877, 47.793662 ], [ 43.08093, 47.777178 ], [ 43.086523, 47.76246 ], [ 43.088583, 47.752451 ], [ 43.087112, 47.736261 ], [ 43.088289, 47.718599 ], [ 43.09712, 47.704175 ], [ 43.087995, 47.693873 ], [ 43.07622, 47.685925 ], [ 43.062974, 47.682098 ], [ 43.048844, 47.68357 ], [ 43.043546, 47.688574 ], [ 43.036775, 47.697994 ], [ 43.033537, 47.706825 ], [ 43.038541, 47.710946 ], [ 43.043251, 47.716539 ], [ 43.041485, 47.728902 ], [ 43.035303, 47.749508 ], [ 43.032949, 47.753629 ], [ 43.029122, 47.759222 ], [ 43.027061, 47.763637 ], [ 43.031477, 47.765698 ], [ 43.032949, 47.768347 ], [ 43.03913, 47.774529 ], [ 43.045901, 47.779533 ], [ 43.048844, 47.779827 ], [ 43.046195, 47.801021 ], [ 43.035009, 47.823393 ], [ 43.017936, 47.841055 ], [ 42.997331, 47.84812 ], [ 42.932276, 47.787481 ], [ 42.90961, 47.775706 ], [ 42.88871, 47.771879 ], [ 42.836313, 47.773057 ], [ 42.725927, 47.759516 ], [ 42.680889, 47.746858 ], [ 42.651453, 47.723898 ], [ 42.625254, 47.696228 ], [ 42.590225, 47.670618 ], [ 42.521932, 47.634411 ], [ 42.518989, 47.630584 ], [ 42.534884, 47.609096 ], [ 42.521049, 47.609685 ], [ 42.513102, 47.613217 ], [ 42.500738, 47.622342 ], [ 42.459233, 47.63971 ], [ 42.438039, 47.64177 ], [ 42.413018, 47.635 ], [ 42.390352, 47.622931 ], [ 42.376517, 47.609096 ], [ 42.385053, 47.603503 ], [ 42.389174, 47.594672 ], [ 42.390646, 47.583486 ], [ 42.39094, 47.571123 ], [ 42.384759, 47.564941 ], [ 42.371218, 47.571712 ], [ 42.358266, 47.582603 ], [ 42.353262, 47.588196 ], [ 42.265247, 47.588785 ], [ 42.239932, 47.581131 ], [ 42.225213, 47.567591 ], [ 42.216088, 47.551695 ], [ 42.202547, 47.538743 ], [ 42.174877, 47.533444 ], [ 42.165457, 47.54463 ], [ 42.154566, 47.569062 ], [ 42.137493, 47.592611 ], [ 42.109823, 47.601737 ], [ 42.115121, 47.614689 ], [ 42.116887, 47.632351 ], [ 42.116593, 47.667086 ], [ 42.124247, 47.679155 ], [ 42.142791, 47.691223 ], [ 42.16428, 47.700349 ], [ 42.195483, 47.707708 ], [ 42.216382, 47.716833 ], [ 42.234633, 47.73008 ], [ 42.239932, 47.74627 ], [ 42.234044, 47.750391 ], [ 42.222564, 47.753629 ], [ 42.211673, 47.758927 ], [ 42.206668, 47.76923 ], [ 42.202842, 47.775117 ], [ 42.193716, 47.778944 ], [ 42.181942, 47.780416 ], [ 42.17105, 47.779827 ], [ 42.175172, 47.787481 ], [ 42.17841, 47.790719 ], [ 42.192245, 47.793662 ], [ 42.20343, 47.794251 ], [ 42.21079, 47.791896 ], [ 42.216677, 47.788952 ], [ 42.231689, 47.785126 ], [ 42.24052, 47.781299 ], [ 42.248763, 47.779533 ], [ 42.257299, 47.783654 ], [ 42.264364, 47.789835 ], [ 42.271723, 47.79484 ], [ 42.279671, 47.798666 ], [ 42.288502, 47.801021 ], [ 42.273195, 47.820155 ], [ 42.255533, 47.832224 ], [ 42.206668, 47.84812 ], [ 42.234633, 47.852829 ], [ 42.307635, 47.833696 ], [ 42.332656, 47.838111 ], [ 42.341782, 47.850474 ], [ 42.345903, 47.862249 ], [ 42.349729, 47.882855 ], [ 42.370924, 47.930836 ], [ 42.284675, 47.958212 ], [ 42.279965, 47.962333 ], [ 42.257299, 47.988826 ], [ 42.246408, 47.996773 ], [ 42.212261, 48.012669 ], [ 42.257299, 47.999717 ], [ 42.279082, 47.989414 ], [ 42.299982, 47.960272 ], [ 42.326769, 47.952619 ], [ 42.356205, 47.95203 ], [ 42.376517, 47.958212 ], [ 42.391529, 47.978228 ], [ 42.397416, 47.994713 ], [ 42.405953, 47.998834 ], [ 42.428325, 47.98235 ], [ 42.432446, 47.973224 ], [ 42.431268, 47.950264 ], [ 42.435389, 47.941139 ], [ 42.445692, 47.934074 ], [ 42.454229, 47.930542 ], [ 42.460705, 47.92436 ], [ 42.466003, 47.91023 ], [ 42.464237, 47.890508 ], [ 42.458055, 47.865193 ], [ 42.456878, 47.843704 ], [ 42.469536, 47.834579 ], [ 42.493379, 47.830163 ], [ 42.538711, 47.810735 ], [ 42.56226, 47.807203 ], [ 42.585809, 47.812501 ], [ 42.627904, 47.830458 ], [ 42.654691, 47.834579 ], [ 42.659989, 47.836639 ], [ 42.66676, 47.841349 ], [ 42.676179, 47.846059 ], [ 42.700023, 47.849591 ], [ 42.766843, 47.874024 ], [ 42.791864, 47.878439 ], [ 42.799518, 47.885798 ], [ 42.812175, 47.906698 ], [ 42.850148, 47.955857 ], [ 42.854858, 47.965865 ], [ 42.857213, 47.979112 ], [ 42.809232, 47.938195 ], [ 42.801284, 47.953502 ], [ 42.842495, 47.99854 ], [ 42.835725, 48.020028 ], [ 42.843084, 48.034158 ], [ 42.842201, 48.045932 ], [ 42.838374, 48.057707 ], [ 42.835725, 48.070953 ], [ 42.839846, 48.079784 ], [ 42.857802, 48.108337 ], [ 42.863984, 48.122467 ], [ 42.859568, 48.156613 ], [ 42.83337, 48.163384 ], [ 42.760367, 48.156613 ], [ 42.760367, 48.163384 ], [ 42.878113, 48.190759 ], [ 42.918441, 48.190759 ], [ 42.907844, 48.210482 ], [ 42.904606, 48.218135 ], [ 43.022351, 48.21843 ], [ 43.035303, 48.221962 ], [ 43.040602, 48.230204 ], [ 43.067095, 48.254342 ], [ 43.07622, 48.266411 ], [ 43.087995, 48.317336 ], [ 43.09712, 48.335292 ], [ 43.088583, 48.348539 ], [ 43.093882, 48.365612 ], [ 43.102419, 48.384745 ], [ 43.103302, 48.403585 ], [ 43.098592, 48.408883 ], [ 43.08093, 48.420069 ], [ 43.07622, 48.42419 ], [ 43.073865, 48.431549 ], [ 43.072393, 48.449211 ], [ 43.069155, 48.458336 ], [ 43.041191, 48.48895 ], [ 43.002923, 48.509261 ], [ 42.925211, 48.54017 ], [ 42.925211, 48.54694 ], [ 42.936397, 48.547823 ], [ 42.95818, 48.554005 ], [ 42.966422, 48.554593 ], [ 42.977314, 48.549001 ], [ 42.987911, 48.54017 ], [ 43.004395, 48.523096 ], [ 43.027356, 48.508673 ], [ 43.051494, 48.506318 ], [ 43.075631, 48.511616 ], [ 43.09712, 48.519858 ], [ 43.115665, 48.531339 ], [ 43.125968, 48.53546 ], [ 43.137448, 48.533988 ], [ 43.143924, 48.526629 ], [ 43.141863, 48.517504 ], [ 43.135093, 48.510144 ], [ 43.110955, 48.499547 ], [ 43.115371, 48.483357 ], [ 43.131855, 48.466873 ], [ 43.151872, 48.458336 ], [ 43.151577, 48.460691 ], [ 43.15717, 48.465695 ], [ 43.165412, 48.470405 ], [ 43.172183, 48.472466 ], [ 43.177481, 48.471583 ], [ 43.180719, 48.466579 ], [ 43.186018, 48.465107 ], [ 43.200147, 48.465695 ], [ 43.227818, 48.471288 ], [ 43.243713, 48.472466 ], [ 43.32172, 48.462752 ], [ 43.342914, 48.465107 ], [ 43.356749, 48.473938 ], [ 43.401492, 48.510439 ], [ 43.411501, 48.523096 ], [ 43.415328, 48.54017 ], [ 43.42563, 48.556654 ], [ 43.439171, 48.571078 ], [ 43.495395, 48.608462 ], [ 43.513645, 48.62583 ], [ 43.521299, 48.646729 ], [ 43.51129, 48.665863 ], [ 43.463309, 48.696477 ], [ 43.44653, 48.712078 ], [ 43.436227, 48.755055 ], [ 43.453889, 48.783903 ], [ 43.521299, 48.821287 ], [ 43.568103, 48.838655 ], [ 43.588708, 48.849546 ], [ 43.59695, 48.866031 ], [ 43.602838, 48.884576 ], [ 43.616378, 48.906947 ], [ 43.632568, 48.92667 ], [ 43.644637, 48.937561 ], [ 43.686143, 48.945803 ], [ 43.798001, 48.94492 ], [ 43.850103, 48.951691 ], [ 43.890137, 48.972296 ], [ 43.910448, 49.00291 ], [ 43.917513, 49.041177 ], [ 43.918396, 49.085332 ], [ 43.921634, 49.097107 ], [ 43.929582, 49.101522 ], [ 43.938707, 49.103583 ], [ 43.94636, 49.10947 ], [ 43.949304, 49.118301 ], [ 43.949893, 49.136257 ], [ 43.952542, 49.143616 ], [ 43.986983, 49.173347 ], [ 43.989043, 49.185121 ], [ 43.959901, 49.191892 ], [ 43.920162, 49.202489 ], [ 43.874241, 49.205727 ], [ 43.851281, 49.201311 ], [ 43.808009, 49.182472 ], [ 43.785343, 49.178351 ], [ 43.763855, 49.178645 ], [ 43.747665, 49.181 ], [ 43.732063, 49.186888 ], [ 43.696151, 49.210731 ], [ 43.682316, 49.225744 ], [ 43.68055, 49.240462 ], [ 43.699978, 49.253414 ], [ 43.688792, 49.262539 ], [ 43.665243, 49.269604 ], [ 43.659061, 49.280201 ], [ 43.66171, 49.286971 ], [ 43.677017, 49.309932 ], [ 43.693796, 49.32465 ], [ 43.692619, 49.346727 ], [ 43.685848, 49.369982 ], [ 43.679372, 49.383817 ], [ 43.622266, 49.453287 ], [ 43.588708, 49.482724 ], [ 43.548969, 49.506567 ], [ 43.586647, 49.496264 ], [ 43.623737, 49.466239 ], [ 43.700566, 49.380285 ], [ 43.713224, 49.359974 ], [ 43.718228, 49.338485 ], [ 43.709986, 49.318468 ], [ 43.692619, 49.295508 ], [ 43.695857, 49.286088 ], [ 43.708809, 49.278435 ], [ 43.720878, 49.260184 ], [ 43.719111, 49.257829 ], [ 43.715579, 49.250176 ], [ 43.713224, 49.240756 ], [ 43.713518, 49.232808 ], [ 43.720289, 49.223094 ], [ 43.751491, 49.19513 ], [ 43.77298, 49.186005 ], [ 43.794763, 49.19513 ], [ 43.836563, 49.225449 ], [ 43.847454, 49.229276 ], [ 43.859229, 49.231631 ], [ 43.88425, 49.232808 ], [ 43.898968, 49.230748 ], [ 43.923694, 49.221328 ], [ 43.936058, 49.219268 ], [ 43.956074, 49.21603 ], [ 43.983156, 49.207493 ], [ 44.008177, 49.196013 ] ] ] } },
{ "type": "Feature", "properties": { "name": "Stanley Reservoir" }, "geometry": { "type": "Polygon", "coordinates": [ [ [ 77.891843, 11.928631 ], [ 77.901263, 11.93393 ], [ 77.908622, 11.926571 ], [ 77.905972, 11.92451 ], [ 77.904501, 11.923921 ], [ 77.903323, 11.923038 ], [ 77.901263, 11.920095 ], [ 77.90244, 11.910969 ], [ 77.888605, 11.901255 ], [ 77.853281, 11.88536 ], [ 77.847983, 11.875057 ], [ 77.836208, 11.860633 ], [ 77.831204, 11.844738 ], [ 77.846511, 11.830314 ], [ 77.834736, 11.826193 ], [ 77.825905, 11.820894 ], [ 77.81678, 11.817067 ], [ 77.805005, 11.816479 ], [ 77.79117, 11.821188 ], [ 77.779101, 11.836495 ], [ 77.765266, 11.844443 ], [ 77.775275, 11.849153 ], [ 77.793525, 11.862399 ], [ 77.801767, 11.865049 ], [ 77.812365, 11.872113 ], [ 77.817369, 11.88536 ], [ 77.813836, 11.893602 ], [ 77.798529, 11.88536 ], [ 77.796763, 11.890364 ], [ 77.793231, 11.894485 ], [ 77.791759, 11.899195 ], [ 77.777335, 11.888303 ], [ 77.762617, 11.888892 ], [ 77.730237, 11.899195 ], [ 77.735536, 11.909792 ], [ 77.736713, 11.919506 ], [ 77.732886, 11.927454 ], [ 77.723467, 11.93393 ], [ 77.707277, 11.927748 ], [ 77.690792, 11.933047 ], [ 77.674013, 11.942172 ], [ 77.655174, 11.947471 ], [ 77.659884, 11.963366 ], [ 77.668715, 11.97102 ], [ 77.679312, 11.970431 ], [ 77.689615, 11.961306 ], [ 77.692264, 11.956596 ], [ 77.702861, 11.954241 ], [ 77.713753, 11.955418 ], [ 77.723467, 11.961306 ], [ 77.734652, 11.956007 ], [ 77.739951, 11.95483 ], [ 77.74731, 11.954535 ], [ 77.754964, 11.95218 ], [ 77.757024, 11.947471 ], [ 77.75673, 11.942466 ], [ 77.757613, 11.940112 ], [ 77.765266, 11.938934 ], [ 77.773508, 11.938934 ], [ 77.779985, 11.94335 ], [ 77.7844, 11.954535 ], [ 77.791759, 11.954535 ], [ 77.793231, 11.943938 ], [ 77.798529, 11.936579 ], [ 77.812365, 11.926571 ], [ 77.819135, 11.926571 ], [ 77.829438, 11.938051 ], [ 77.842978, 11.935402 ], [ 77.85858, 11.930103 ], [ 77.873887, 11.93393 ], [ 77.879774, 11.928337 ], [ 77.885367, 11.926571 ], [ 77.891843, 11.928631 ] ] ] } },
{ "type": "Feature", "properties": { "name": "Gandhi Sagar Dam" }, "geometry": { "type": "Polygon", "coordinates": [ [ [ 75.610227, 24.647222 ], [ 75.634953, 24.637508 ], [ 75.646728, 24.617786 ], [ 75.638485, 24.621024 ], [ 75.628477, 24.623084 ], [ 75.619057, 24.622496 ], [ 75.611993, 24.617786 ], [ 75.609049, 24.607483 ], [ 75.614348, 24.600713 ], [ 75.622001, 24.595708 ], [ 75.626122, 24.59041 ], [ 75.626122, 24.525944 ], [ 75.622001, 24.517408 ], [ 75.588444, 24.477374 ], [ 75.588149, 24.464716 ], [ 75.607283, 24.422917 ], [ 75.611993, 24.405844 ], [ 75.594036, 24.416441 ], [ 75.580201, 24.431159 ], [ 75.570782, 24.44676 ], [ 75.564306, 24.460595 ], [ 75.554003, 24.455591 ], [ 75.546644, 24.449704 ], [ 75.529571, 24.431453 ], [ 75.526627, 24.427038 ], [ 75.524861, 24.422328 ], [ 75.524567, 24.415852 ], [ 75.521917, 24.408493 ], [ 75.515736, 24.407021 ], [ 75.508671, 24.40761 ], [ 75.503372, 24.405844 ], [ 75.468049, 24.346676 ], [ 75.451859, 24.336962 ], [ 75.43714, 24.33343 ], [ 75.432725, 24.325188 ], [ 75.431547, 24.315768 ], [ 75.427721, 24.309292 ], [ 75.417418, 24.306054 ], [ 75.383272, 24.309292 ], [ 75.365904, 24.299284 ], [ 75.373852, 24.276618 ], [ 75.400345, 24.241 ], [ 75.38651, 24.241 ], [ 75.388276, 24.237173 ], [ 75.391808, 24.230697 ], [ 75.39328, 24.227165 ], [ 75.3818, 24.223632 ], [ 75.371792, 24.225693 ], [ 75.3609, 24.225398 ], [ 75.345593, 24.213624 ], [ 75.338234, 24.225398 ], [ 75.341472, 24.233346 ], [ 75.348537, 24.241 ], [ 75.352658, 24.251302 ], [ 75.349714, 24.261605 ], [ 75.343238, 24.266904 ], [ 75.336468, 24.270436 ], [ 75.332052, 24.275146 ], [ 75.332936, 24.284566 ], [ 75.336468, 24.296046 ], [ 75.337057, 24.305171 ], [ 75.328226, 24.309292 ], [ 75.310269, 24.310175 ], [ 75.303793, 24.312236 ], [ 75.297906, 24.316062 ], [ 75.303793, 24.321067 ], [ 75.309975, 24.324893 ], [ 75.31704, 24.327543 ], [ 75.343533, 24.334019 ], [ 75.37032, 24.353152 ], [ 75.407998, 24.363161 ], [ 75.422128, 24.376702 ], [ 75.427721, 24.394658 ], [ 75.42095, 24.412908 ], [ 75.455685, 24.42586 ], [ 75.463928, 24.43528 ], [ 75.448032, 24.447055 ], [ 75.463928, 24.454119 ], [ 75.508082, 24.482967 ], [ 75.516913, 24.490915 ], [ 75.520445, 24.502101 ], [ 75.528099, 24.510932 ], [ 75.544289, 24.522706 ], [ 75.548999, 24.525355 ], [ 75.560773, 24.534775 ], [ 75.568427, 24.544783 ], [ 75.560773, 24.549493 ], [ 75.550176, 24.562151 ], [ 75.546938, 24.590704 ], [ 75.549882, 24.621024 ], [ 75.557241, 24.638686 ], [ 75.581379, 24.647811 ], [ 75.610227, 24.647222 ] ] ] } },
{ "type": "Feature", "properties": { "name": "Embalse de Buendía" }, "geometry": { "type": "Polygon", "coordinates": [ [ [ -2.497234, 40.437208 ], [ -2.482957, 40.433676 ], [ -2.466915, 40.43397 ], [ -2.487226, 40.4272 ], [ -2.509745, 40.430732 ], [ -2.53035, 40.440152 ], [ -2.54551, 40.450749 ], [ -2.561405, 40.45487 ], [ -2.652658, 40.446628 ], [ -2.669143, 40.442212 ], [ -2.679887, 40.432204 ], [ -2.691514, 40.398352 ], [ -2.690337, 40.391582 ], [ -2.682978, 40.382751 ], [ -2.672822, 40.376275 ], [ -2.663991, 40.371859 ], [ -2.658546, 40.365089 ], [ -2.65884, 40.351548 ], [ -2.671203, 40.366561 ], [ -2.674441, 40.355964 ], [ -2.672969, 40.324172 ], [ -2.685921, 40.335653 ], [ -2.701523, 40.34154 ], [ -2.714769, 40.351843 ], [ -2.724336, 40.402768 ], [ -2.735963, 40.407183 ], [ -2.753331, 40.403356 ], [ -2.775408, 40.4063 ], [ -2.749946, 40.428377 ], [ -2.728604, 40.439858 ], [ -2.72257, 40.441624 ], [ -2.703142, 40.440741 ], [ -2.701817, 40.442507 ], [ -2.676502, 40.448394 ], [ -2.672969, 40.447805 ], [ -2.665905, 40.45281 ], [ -2.659134, 40.459286 ], [ -2.653983, 40.465762 ], [ -2.651922, 40.471355 ], [ -2.636174, 40.467233 ], [ -2.56067, 40.462818 ], [ -2.535207, 40.468117 ], [ -2.532116, 40.463112 ], [ -2.510186, 40.443979 ], [ -2.497234, 40.437208 ] ] ] } },
{ "type": "Feature", "properties": { "name": "Kauno marios" }, "geometry": { "type": "Polygon", "coordinates": [ [ [ 24.203358, 54.851631 ], [ 24.224847, 54.834558 ], [ 24.233678, 54.814247 ], [ 24.217782, 54.797468 ], [ 24.16774, 54.810126 ], [ 24.141248, 54.809242 ], [ 24.13536, 54.783633 ], [ 24.130651, 54.783044 ], [ 24.129179, 54.784516 ], [ 24.129179, 54.786871 ], [ 24.128296, 54.790109 ], [ 24.125646, 54.813658 ], [ 24.153905, 54.820428 ], [ 24.19129, 54.820723 ], [ 24.217782, 54.824844 ], [ 24.205713, 54.832203 ], [ 24.199826, 54.837207 ], [ 24.197177, 54.841622 ], [ 24.192173, 54.845155 ], [ 24.181281, 54.843389 ], [ 24.163031, 54.838384 ], [ 24.159204, 54.840739 ], [ 24.155083, 54.845449 ], [ 24.148901, 54.850159 ], [ 24.119759, 54.85428 ], [ 24.117698, 54.859579 ], [ 24.12182, 54.866349 ], [ 24.121525, 54.872531 ], [ 24.116521, 54.878418 ], [ 24.114755, 54.882833 ], [ 24.110045, 54.885188 ], [ 24.097387, 54.886071 ], [ 24.077076, 54.893136 ], [ 24.066773, 54.893136 ], [ 24.004957, 54.85899 ], [ 23.996715, 54.866643 ], [ 23.992888, 54.873708 ], [ 23.993771, 54.880184 ], [ 23.998775, 54.886071 ], [ 24.015849, 54.884305 ], [ 24.067657, 54.907266 ], [ 24.090617, 54.913447 ], [ 24.112989, 54.904911 ], [ 24.154788, 54.867232 ], [ 24.179809, 54.85899 ], [ 24.203358, 54.851631 ] ] ] } },
{ "type": "Feature", "properties": { "name": "IJsselmeer" }, "geometry": { "type": "Polygon", "coordinates": [ [ [ 5.870361, 52.539989 ], [ 5.874482, 52.521444 ], [ 5.872716, 52.501428 ], [ 5.860647, 52.478173 ], [ 5.841513, 52.457862 ], [ 5.800891, 52.422832 ], [ 5.779108, 52.408114 ], [ 5.746728, 52.393396 ], [ 5.712287, 52.382505 ], [ 5.654003, 52.371613 ], [ 5.623683, 52.356306 ], [ 5.577763, 52.322749 ], [ 5.545383, 52.27565 ], [ 5.533314, 52.267997 ], [ 5.447359, 52.255045 ], [ 5.404677, 52.2574 ], [ 5.361111, 52.270057 ], [ 5.268386, 52.311563 ], [ 5.24778, 52.31274 ], [ 5.205098, 52.309502 ], [ 5.181254, 52.311563 ], [ 5.163004, 52.316567 ], [ 5.112373, 52.337761 ], [ 5.092062, 52.342177 ], [ 5.047024, 52.344532 ], [ 5.03054, 52.34777 ], [ 4.968135, 52.371024 ], [ 4.973727, 52.375734 ], [ 4.980203, 52.3775 ], [ 4.98197, 52.378089 ], [ 4.98197, 52.385448 ], [ 4.996688, 52.383976 ], [ 5.002281, 52.38221 ], [ 5.009346, 52.378089 ], [ 5.009346, 52.385448 ], [ 5.024947, 52.378089 ], [ 5.034072, 52.388686 ], [ 5.041726, 52.403993 ], [ 5.053795, 52.412235 ], [ 5.064686, 52.414296 ], [ 5.075283, 52.420183 ], [ 5.084703, 52.429014 ], [ 5.091768, 52.439317 ], [ 5.075577, 52.444321 ], [ 5.067924, 52.452858 ], [ 5.061742, 52.461394 ], [ 5.050262, 52.467281 ], [ 5.069985, 52.472874 ], [ 5.078227, 52.473463 ], [ 5.073517, 52.483766 ], [ 5.070573, 52.487887 ], [ 5.090884, 52.500839 ], [ 5.083231, 52.525566 ], [ 5.050262, 52.570309 ], [ 5.036427, 52.599745 ], [ 5.034955, 52.625061 ], [ 5.049673, 52.641839 ], [ 5.084997, 52.645372 ], [ 5.111784, 52.63919 ], [ 5.118849, 52.636246 ], [ 5.136511, 52.625061 ], [ 5.150935, 52.626532 ], [ 5.165653, 52.630065 ], [ 5.227175, 52.65332 ], [ 5.243071, 52.664505 ], [ 5.256317, 52.688643 ], [ 5.270741, 52.696885 ], [ 5.304004, 52.706894 ], [ 5.300766, 52.716902 ], [ 5.297822, 52.730737 ], [ 5.293996, 52.743101 ], [ 5.286931, 52.748399 ], [ 5.236006, 52.762234 ], [ 5.22011, 52.762823 ], [ 5.206275, 52.761646 ], [ 5.194501, 52.758113 ], [ 5.184198, 52.751637 ], [ 5.170363, 52.746044 ], [ 5.157999, 52.75046 ], [ 5.147108, 52.758113 ], [ 5.136511, 52.762234 ], [ 5.122676, 52.775481 ], [ 5.120321, 52.839358 ], [ 5.115022, 52.861141 ], [ 5.065275, 52.922957 ], [ 5.044081, 52.933554 ], [ 5.08588, 52.943857 ], [ 5.129152, 52.960047 ], [ 5.287814, 53.044529 ], [ 5.372297, 53.07691 ], [ 5.383188, 53.055421 ], [ 5.389958, 53.046296 ], [ 5.399672, 53.035993 ], [ 5.409386, 53.032166 ], [ 5.413802, 53.019803 ], [ 5.412624, 53.006851 ], [ 5.406443, 52.995076 ], [ 5.416157, 52.98389 ], [ 5.420278, 52.9677 ], [ 5.416157, 52.95151 ], [ 5.399672, 52.940325 ], [ 5.413213, 52.924429 ], [ 5.404088, 52.916481 ], [ 5.387898, 52.911183 ], [ 5.376712, 52.899408 ], [ 5.370825, 52.898231 ], [ 5.366115, 52.894993 ], [ 5.365526, 52.884984 ], [ 5.369059, 52.878508 ], [ 5.37524, 52.875564 ], [ 5.382599, 52.872915 ], [ 5.38937, 52.868205 ], [ 5.410858, 52.857314 ], [ 5.442355, 52.85231 ], [ 5.505938, 52.850838 ], [ 5.518595, 52.848777 ], [ 5.542145, 52.839358 ], [ 5.557452, 52.837297 ], [ 5.573642, 52.838475 ], [ 5.584239, 52.841713 ], [ 5.605727, 52.850838 ], [ 5.622212, 52.85437 ], [ 5.637519, 52.854959 ], [ 5.709932, 52.842301 ], [ 5.721707, 52.837297 ], [ 5.685794, 52.832587 ], [ 5.656358, 52.819635 ], [ 5.631926, 52.799913 ], [ 5.611909, 52.775186 ], [ 5.603372, 52.75046 ], [ 5.596308, 52.70866 ], [ 5.597779, 52.66951 ], [ 5.615736, 52.652436 ], [ 5.628099, 52.646255 ], [ 5.652237, 52.618879 ], [ 5.660479, 52.61152 ], [ 5.676669, 52.608576 ], [ 5.808839, 52.612992 ], [ 5.8265, 52.610342 ], [ 5.84063, 52.604161 ], [ 5.850933, 52.593269 ], [ 5.857703, 52.576785 ], [ 5.870361, 52.539989 ] ], [ [ 5.858292, 52.506432 ], [ 5.85888, 52.526154 ], [ 5.839158, 52.570309 ], [ 5.68079, 52.593564 ], [ 5.653709, 52.61152 ], [ 5.635752, 52.602689 ], [ 5.577763, 52.590914 ], [ 5.560395, 52.583555 ], [ 5.516241, 52.556768 ], [ 5.506821, 52.555885 ], [ 5.486215, 52.557062 ], [ 5.478562, 52.552941 ], [ 5.454424, 52.515263 ], [ 5.441178, 52.508492 ], [ 5.403499, 52.499073 ], [ 5.358461, 52.473463 ], [ 5.283693, 52.455213 ], [ 5.24101, 52.429308 ], [ 5.178605, 52.408409 ], [ 5.150052, 52.391335 ], [ 5.132978, 52.385448 ], [ 5.142987, 52.369847 ], [ 5.145931, 52.355423 ], [ 5.152995, 52.343943 ], [ 5.173895, 52.336878 ], [ 5.219227, 52.33835 ], [ 5.236006, 52.336878 ], [ 5.304593, 52.320982 ], [ 5.336678, 52.310091 ], [ 5.396434, 52.280655 ], [ 5.423222, 52.273884 ], [ 5.489159, 52.27565 ], [ 5.524777, 52.284187 ], [ 5.545677, 52.302438 ], [ 5.551859, 52.327458 ], [ 5.543616, 52.358072 ], [ 5.571581, 52.367198 ], [ 5.585711, 52.370141 ], [ 5.602195, 52.371024 ], [ 5.616619, 52.37544 ], [ 5.637813, 52.394573 ], [ 5.649882, 52.398989 ], [ 5.675786, 52.402227 ], [ 5.723767, 52.416356 ], [ 5.752909, 52.419594 ], [ 5.781168, 52.425776 ], [ 5.807367, 52.441377 ], [ 5.829444, 52.461394 ], [ 5.84534, 52.480822 ], [ 5.858292, 52.506432 ] ] ] } },
{ "type": "Feature", "properties": { "name": "Syvash" }, "geometry": { "type": "Polygon", "coordinates": [ [ [ 35.387723, 45.30658 ], [ 35.406563, 45.300104 ], [ 35.424519, 45.297454 ], [ 35.441003, 45.292156 ], [ 35.455427, 45.279204 ], [ 35.433644, 45.261248 ], [ 35.420104, 45.254183 ], [ 35.404502, 45.251239 ], [ 35.386546, 45.256538 ], [ 35.371239, 45.268312 ], [ 35.35917, 45.280087 ], [ 35.34975, 45.285385 ], [ 35.234948, 45.314528 ], [ 35.216404, 45.323358 ], [ 35.209339, 45.330718 ], [ 35.193443, 45.336605 ], [ 35.175193, 45.340137 ], [ 35.161652, 45.340432 ], [ 35.144284, 45.33631 ], [ 35.133393, 45.332189 ], [ 35.122796, 45.332484 ], [ 35.064806, 45.364569 ], [ 35.051854, 45.374872 ], [ 35.024184, 45.412845 ], [ 35.010349, 45.422559 ], [ 35.010349, 45.429918 ], [ 35.022418, 45.434039 ], [ 35.055975, 45.439632 ], [ 35.068927, 45.446697 ], [ 35.074814, 45.450818 ], [ 35.087766, 45.457883 ], [ 35.092182, 45.463476 ], [ 35.095714, 45.474367 ], [ 35.093654, 45.477605 ], [ 35.089238, 45.480549 ], [ 35.072165, 45.549136 ], [ 35.066867, 45.561499 ], [ 35.043023, 45.577689 ], [ 35.037725, 45.590347 ], [ 35.033898, 45.604771 ], [ 35.025656, 45.611541 ], [ 35.014175, 45.615662 ], [ 35.003284, 45.621844 ], [ 34.976791, 45.663055 ], [ 34.965605, 45.668942 ], [ 34.914975, 45.66541 ], [ 34.900256, 45.668942 ], [ 34.892014, 45.674829 ], [ 34.88024, 45.690136 ], [ 34.872292, 45.696907 ], [ 34.865227, 45.69985 ], [ 34.839029, 45.703677 ], [ 34.847271, 45.713097 ], [ 34.864933, 45.724871 ], [ 34.872292, 45.731641 ], [ 34.872292, 45.737234 ], [ 34.851098, 45.734879 ], [ 34.814008, 45.719573 ], [ 34.791636, 45.717218 ], [ 34.755429, 45.726049 ], [ 34.737179, 45.728403 ], [ 34.715985, 45.724282 ], [ 34.731291, 45.741944 ], [ 34.753369, 45.761961 ], [ 34.764849, 45.783744 ], [ 34.750131, 45.806116 ], [ 34.724227, 45.81318 ], [ 34.698617, 45.805527 ], [ 34.673007, 45.793164 ], [ 34.647103, 45.78551 ], [ 34.652402, 45.798168 ], [ 34.665648, 45.816124 ], [ 34.668298, 45.830253 ], [ 34.67183, 45.840556 ], [ 34.680366, 45.84821 ], [ 34.69273, 45.852919 ], [ 34.705976, 45.854391 ], [ 34.70892, 45.855863 ], [ 34.740122, 45.859984 ], [ 34.747187, 45.858218 ], [ 34.754546, 45.867049 ], [ 34.756901, 45.877646 ], [ 34.755429, 45.889421 ], [ 34.750131, 45.902373 ], [ 34.722755, 45.879707 ], [ 34.707154, 45.871464 ], [ 34.664765, 45.865577 ], [ 34.647692, 45.858807 ], [ 34.546431, 45.792575 ], [ 34.506103, 45.777857 ], [ 34.461654, 45.771969 ], [ 34.461654, 45.77874 ], [ 34.492268, 45.792575 ], [ 34.503159, 45.799934 ], [ 34.508163, 45.807882 ], [ 34.513168, 45.819362 ], [ 34.520821, 45.829665 ], [ 34.533773, 45.83408 ], [ 34.541132, 45.839379 ], [ 34.546136, 45.862928 ], [ 34.554673, 45.868226 ], [ 34.567919, 45.869404 ], [ 34.580871, 45.872642 ], [ 34.591469, 45.877057 ], [ 34.600005, 45.881767 ], [ 34.607659, 45.888243 ], [ 34.622671, 45.903844 ], [ 34.626792, 45.909732 ], [ 34.632679, 45.925039 ], [ 34.632091, 45.932398 ], [ 34.628558, 45.937696 ], [ 34.626792, 45.94741 ], [ 34.615606, 45.952709 ], [ 34.544076, 45.970665 ], [ 34.544076, 45.964484 ], [ 34.564387, 45.949471 ], [ 34.575278, 45.939168 ], [ 34.578811, 45.929749 ], [ 34.569097, 45.918268 ], [ 34.552612, 45.919151 ], [ 34.537306, 45.922978 ], [ 34.530535, 45.91974 ], [ 34.527003, 45.910909 ], [ 34.518466, 45.899135 ], [ 34.499921, 45.878529 ], [ 34.488147, 45.875586 ], [ 34.477255, 45.8853 ], [ 34.461654, 45.909732 ], [ 34.475195, 45.925333 ], [ 34.482554, 45.929749 ], [ 34.465481, 45.936225 ], [ 34.444875, 45.932398 ], [ 34.427802, 45.919151 ], [ 34.420443, 45.89884 ], [ 34.417794, 45.874114 ], [ 34.411612, 45.864694 ], [ 34.406902, 45.87117 ], [ 34.406902, 45.895602 ], [ 34.400721, 45.895602 ], [ 34.398071, 45.888832 ], [ 34.39395, 45.885005 ], [ 34.388063, 45.883239 ], [ 34.379526, 45.881767 ], [ 34.383059, 45.8853 ], [ 34.386002, 45.888832 ], [ 34.387474, 45.89413 ], [ 34.386591, 45.902373 ], [ 34.359215, 45.881767 ], [ 34.362159, 45.891776 ], [ 34.37099, 45.907966 ], [ 34.372756, 45.91974 ], [ 34.37776, 45.924744 ], [ 34.400132, 45.932398 ], [ 34.406902, 45.936519 ], [ 34.410729, 45.956241 ], [ 34.396894, 45.966838 ], [ 34.3757, 45.974492 ], [ 34.359215, 45.984795 ], [ 34.366869, 45.985678 ], [ 34.386591, 45.991565 ], [ 34.363042, 46.01688 ], [ 34.349796, 46.026006 ], [ 34.331251, 46.025123 ], [ 34.327424, 46.020118 ], [ 34.323008, 46.003045 ], [ 34.318299, 45.998041 ], [ 34.30829, 45.996864 ], [ 34.297693, 45.999218 ], [ 34.287979, 46.00334 ], [ 34.28062, 46.008638 ], [ 34.276793, 46.023062 ], [ 34.279148, 46.039841 ], [ 34.277088, 46.046022 ], [ 34.239703, 46.007461 ], [ 34.226751, 46.004517 ], [ 34.21586, 46.018352 ], [ 34.228518, 46.029244 ], [ 34.212033, 46.036308 ], [ 34.16729, 46.046317 ], [ 34.161108, 46.038663 ], [ 34.156398, 46.043373 ], [ 34.150217, 46.047789 ], [ 34.142269, 46.051321 ], [ 34.133438, 46.053087 ], [ 34.129611, 46.054265 ], [ 34.121369, 46.058974 ], [ 34.11607, 46.059857 ], [ 34.113127, 46.057797 ], [ 34.111949, 46.053087 ], [ 34.113127, 46.048377 ], [ 34.11607, 46.046317 ], [ 34.126962, 46.042784 ], [ 34.184657, 46.008638 ], [ 34.195254, 46.000396 ], [ 34.200847, 45.988621 ], [ 34.202025, 45.967427 ], [ 34.196137, 45.95006 ], [ 34.182008, 45.945644 ], [ 34.165818, 45.944467 ], [ 34.153749, 45.936519 ], [ 34.128139, 45.954769 ], [ 34.117248, 45.96831 ], [ 34.112832, 45.984795 ], [ 34.129611, 45.979202 ], [ 34.144624, 45.978907 ], [ 34.157281, 45.983323 ], [ 34.16729, 45.991565 ], [ 34.16729, 45.998041 ], [ 34.112244, 46.033365 ], [ 34.078981, 46.045434 ], [ 34.037475, 46.087233 ], [ 34.01893, 46.096359 ], [ 33.998914, 46.100774 ], [ 33.951815, 46.101657 ], [ 33.939746, 46.098714 ], [ 33.943279, 46.092238 ], [ 33.961824, 46.080463 ], [ 33.973598, 46.077519 ], [ 33.983607, 46.078402 ], [ 33.99126, 46.076931 ], [ 33.99597, 46.066922 ], [ 33.976542, 46.060741 ], [ 33.975953, 46.052204 ], [ 33.984195, 46.041313 ], [ 33.989199, 46.028949 ], [ 33.981546, 46.017469 ], [ 33.965356, 46.020118 ], [ 33.949755, 46.028066 ], [ 33.944751, 46.032776 ], [ 33.937097, 46.036897 ], [ 33.932682, 46.046317 ], [ 33.9265, 46.055736 ], [ 33.913548, 46.059857 ], [ 33.903834, 46.055736 ], [ 33.894709, 46.046611 ], [ 33.882934, 46.039252 ], [ 33.865567, 46.038663 ], [ 33.87322, 46.046317 ], [ 33.867627, 46.052498 ], [ 33.866155, 46.055148 ], [ 33.865567, 46.059857 ], [ 33.885583, 46.065156 ], [ 33.876458, 46.08164 ], [ 33.838485, 46.115198 ], [ 33.848788, 46.122263 ], [ 33.85232, 46.132565 ], [ 33.852026, 46.159353 ], [ 33.845844, 46.164945 ], [ 33.804339, 46.17672 ], [ 33.804339, 46.143457 ], [ 33.799629, 46.127856 ], [ 33.786971, 46.12138 ], [ 33.741934, 46.13963 ], [ 33.73222, 46.145517 ], [ 33.687771, 46.202918 ], [ 33.679823, 46.210278 ], [ 33.667754, 46.217637 ], [ 33.667754, 46.223818 ], [ 33.69513, 46.223818 ], [ 33.713969, 46.219108 ], [ 33.727804, 46.225584 ], [ 33.740756, 46.236476 ], [ 33.755769, 46.245601 ], [ 33.77137, 46.247367 ], [ 33.79227, 46.244718 ], [ 33.810226, 46.238242 ], [ 33.81788, 46.227645 ], [ 33.822884, 46.224113 ], [ 33.83407, 46.22323 ], [ 33.855558, 46.223818 ], [ 33.865567, 46.22529 ], [ 33.881168, 46.231177 ], [ 33.893826, 46.231177 ], [ 33.95211, 46.21381 ], [ 33.972126, 46.210866 ], [ 33.98184, 46.201152 ], [ 34.006861, 46.159058 ], [ 34.020402, 46.149344 ], [ 34.025995, 46.147284 ], [ 34.02835, 46.142574 ], [ 34.03041, 46.137864 ], [ 34.033943, 46.135803 ], [ 34.039536, 46.136687 ], [ 34.042479, 46.138747 ], [ 34.04454, 46.140808 ], [ 34.054843, 46.144046 ], [ 34.060436, 46.148167 ], [ 34.067206, 46.150816 ], [ 34.077803, 46.149344 ], [ 34.077803, 46.146695 ], [ 34.079864, 46.139925 ], [ 34.082513, 46.13286 ], [ 34.085457, 46.12815 ], [ 34.089578, 46.127267 ], [ 34.101058, 46.128444 ], [ 34.106062, 46.12815 ], [ 34.126373, 46.124029 ], [ 34.138148, 46.124323 ], [ 34.136676, 46.131977 ], [ 34.131966, 46.141691 ], [ 34.12343, 46.16524 ], [ 34.11607, 46.16995 ], [ 34.104885, 46.171421 ], [ 34.094876, 46.175248 ], [ 34.077803, 46.18349 ], [ 34.077803, 46.190261 ], [ 34.104885, 46.185845 ], [ 34.115482, 46.189083 ], [ 34.119603, 46.200858 ], [ 34.124313, 46.209689 ], [ 34.135204, 46.207923 ], [ 34.146684, 46.199975 ], [ 34.153749, 46.190261 ], [ 34.153455, 46.183196 ], [ 34.147567, 46.162296 ], [ 34.154632, 46.150522 ], [ 34.159048, 46.146989 ], [ 34.161108, 46.152877 ], [ 34.202025, 46.18349 ], [ 34.166995, 46.206745 ], [ 34.15316, 46.219992 ], [ 34.147567, 46.23471 ], [ 34.148156, 46.260025 ], [ 34.152572, 46.276215 ], [ 34.162874, 46.282691 ], [ 34.181714, 46.279159 ], [ 34.213211, 46.260614 ], [ 34.237348, 46.234415 ], [ 34.289745, 46.161413 ], [ 34.293278, 46.154348 ], [ 34.297104, 46.141985 ], [ 34.296516, 46.117553 ], [ 34.298576, 46.106367 ], [ 34.307996, 46.101657 ], [ 34.318299, 46.112549 ], [ 34.326541, 46.137275 ], [ 34.331251, 46.162885 ], [ 34.331251, 46.17672 ], [ 34.32242, 46.181724 ], [ 34.298576, 46.184079 ], [ 34.290923, 46.190261 ], [ 34.2921, 46.197326 ], [ 34.299459, 46.203507 ], [ 34.307701, 46.208806 ], [ 34.311234, 46.214399 ], [ 34.320359, 46.212632 ], [ 34.379526, 46.190261 ], [ 34.448702, 46.152288 ], [ 34.484614, 46.145517 ], [ 34.517289, 46.162296 ], [ 34.522882, 46.177897 ], [ 34.527297, 46.186434 ], [ 34.533773, 46.190261 ], [ 34.54437, 46.187317 ], [ 34.557322, 46.179369 ], [ 34.568214, 46.169361 ], [ 34.572629, 46.159353 ], [ 34.572629, 46.131977 ], [ 34.570569, 46.120791 ], [ 34.56056, 46.107839 ], [ 34.5585, 46.098125 ], [ 34.552318, 46.085173 ], [ 34.539072, 46.098125 ], [ 34.527003, 46.118436 ], [ 34.524059, 46.12815 ], [ 34.512285, 46.121674 ], [ 34.501099, 46.104306 ], [ 34.492857, 46.094592 ], [ 34.489619, 46.111666 ], [ 34.491973, 46.116964 ], [ 34.495506, 46.122557 ], [ 34.494328, 46.126972 ], [ 34.482554, 46.12815 ], [ 34.448702, 46.107839 ], [ 34.439577, 46.090766 ], [ 34.439871, 46.07281 ], [ 34.449585, 46.057208 ], [ 34.469013, 46.046317 ], [ 34.46136, 46.034248 ], [ 34.452529, 46.036603 ], [ 34.441343, 46.043962 ], [ 34.427508, 46.046317 ], [ 34.416911, 46.038958 ], [ 34.405725, 46.024828 ], [ 34.401309, 46.011287 ], [ 34.410729, 46.0054 ], [ 34.438105, 46.005694 ], [ 34.461654, 46.003045 ], [ 34.472545, 45.993037 ], [ 34.461654, 45.970665 ], [ 34.482848, 45.966838 ], [ 34.514345, 45.994803 ], [ 34.555262, 45.98244 ], [ 34.575573, 45.996864 ], [ 34.629441, 46.071338 ], [ 34.633268, 46.083995 ], [ 34.629441, 46.102246 ], [ 34.621494, 46.12138 ], [ 34.616489, 46.141396 ], [ 34.620316, 46.162296 ], [ 34.652108, 46.184374 ], [ 34.697734, 46.180547 ], [ 34.742183, 46.162296 ], [ 34.770736, 46.141985 ], [ 34.778684, 46.129622 ], [ 34.787221, 46.111371 ], [ 34.788104, 46.094592 ], [ 34.774269, 46.087233 ], [ 34.766026, 46.090471 ], [ 34.75278, 46.104601 ], [ 34.746893, 46.107839 ], [ 34.721872, 46.109605 ], [ 34.683016, 46.101952 ], [ 34.670358, 46.096359 ], [ 34.660938, 46.087233 ], [ 34.680072, 46.07958 ], [ 34.698028, 46.066039 ], [ 34.71098, 46.050143 ], [ 34.715985, 46.03572 ], [ 34.74601, 46.015408 ], [ 34.753663, 46.011582 ], [ 34.763083, 46.016292 ], [ 34.766026, 46.0263 ], [ 34.770736, 46.036014 ], [ 34.784571, 46.038663 ], [ 34.795168, 46.029244 ], [ 34.803999, 46.008344 ], [ 34.810181, 45.984795 ], [ 34.812242, 45.967427 ], [ 34.812536, 45.94535 ], [ 34.81548, 45.935636 ], [ 34.82225, 45.926511 ], [ 34.826077, 45.923861 ], [ 34.83844, 45.917091 ], [ 34.842561, 45.915913 ], [ 34.84786, 45.91297 ], [ 34.846093, 45.907082 ], [ 34.841384, 45.902373 ], [ 34.839029, 45.902373 ], [ 34.836674, 45.901784 ], [ 34.827254, 45.895897 ], [ 34.825488, 45.895602 ], [ 34.825488, 45.889715 ], [ 34.827843, 45.884122 ], [ 34.830787, 45.881178 ], [ 34.832847, 45.881767 ], [ 34.813125, 45.827899 ], [ 34.811359, 45.81789 ], [ 34.815774, 45.813475 ], [ 34.827254, 45.814652 ], [ 34.837263, 45.817301 ], [ 34.845799, 45.821423 ], [ 34.852569, 45.826721 ], [ 34.859045, 45.835258 ], [ 34.861695, 45.8435 ], [ 34.864638, 45.849976 ], [ 34.872292, 45.854391 ], [ 34.883772, 45.853214 ], [ 34.894664, 45.846443 ], [ 34.904378, 45.837613 ], [ 34.910854, 45.830253 ], [ 34.920273, 45.814063 ], [ 34.932931, 45.776385 ], [ 34.942056, 45.759017 ], [ 34.977086, 45.717806 ], [ 34.979146, 45.709859 ], [ 34.981207, 45.706032 ], [ 34.996514, 45.686898 ], [ 34.999752, 45.674829 ], [ 35.007405, 45.669531 ], [ 35.016236, 45.666881 ], [ 35.023889, 45.66276 ], [ 35.032426, 45.651869 ], [ 35.051854, 45.621844 ], [ 35.078347, 45.597117 ], [ 35.084528, 45.587109 ], [ 35.126917, 45.552962 ], [ 35.33827, 45.340137 ], [ 35.345335, 45.335427 ], [ 35.356815, 45.333956 ], [ 35.366824, 45.330423 ], [ 35.3733, 45.32277 ], [ 35.379187, 45.313939 ], [ 35.387723, 45.30658 ] ] ] } },
{ "type": "Feature", "properties": { "name": "Issyk-Kul" }, "geometry": { "type": "Polygon", "coordinates": [ [ [ 78.254794, 42.599607 ], [ 78.306308, 42.602551 ], [ 78.327502, 42.595192 ], [ 78.320143, 42.571643 ], [ 78.30042, 42.5634 ], [ 78.172961, 42.575175 ], [ 78.150883, 42.573997 ], [ 78.128217, 42.565461 ], [ 78.107612, 42.551037 ], [ 78.055804, 42.493342 ], [ 78.028722, 42.475091 ], [ 77.995753, 42.465671 ], [ 77.9254, 42.461845 ], [ 77.900674, 42.458018 ], [ 77.829438, 42.434763 ], [ 77.812365, 42.420928 ], [ 77.822667, 42.402678 ], [ 77.892726, 42.391786 ], [ 77.914803, 42.37383 ], [ 77.87948, 42.372652 ], [ 77.851809, 42.361467 ], [ 77.830026, 42.342627 ], [ 77.792053, 42.293763 ], [ 77.68726, 42.214579 ], [ 77.65694, 42.203099 ], [ 77.622205, 42.196623 ], [ 77.583055, 42.194856 ], [ 77.55303, 42.185731 ], [ 77.515351, 42.168952 ], [ 77.481205, 42.161888 ], [ 77.462954, 42.181316 ], [ 77.427042, 42.17013 ], [ 77.389952, 42.169836 ], [ 77.318716, 42.181316 ], [ 77.28928, 42.181021 ], [ 77.174772, 42.166009 ], [ 77.151223, 42.160122 ], [ 77.136799, 42.153351 ], [ 77.129145, 42.155117 ], [ 77.121492, 42.159238 ], [ 77.113544, 42.16071 ], [ 77.048195, 42.16071 ], [ 77.018465, 42.168658 ], [ 76.987851, 42.182199 ], [ 76.960769, 42.186614 ], [ 76.942224, 42.167186 ], [ 76.935454, 42.167186 ], [ 76.926623, 42.184259 ], [ 76.907489, 42.197506 ], [ 76.883646, 42.205748 ], [ 76.840669, 42.21193 ], [ 76.819769, 42.220466 ], [ 76.765311, 42.256673 ], [ 76.755009, 42.261972 ], [ 76.743528, 42.263738 ], [ 76.729399, 42.259911 ], [ 76.717919, 42.253435 ], [ 76.706439, 42.25108 ], [ 76.692015, 42.260205 ], [ 76.675825, 42.266681 ], [ 76.606355, 42.270802 ], [ 76.561906, 42.280222 ], [ 76.396767, 42.345571 ], [ 76.371747, 42.347337 ], [ 76.349375, 42.335857 ], [ 76.33289, 42.322905 ], [ 76.314051, 42.315546 ], [ 76.293151, 42.31378 ], [ 76.270485, 42.318489 ], [ 76.258711, 42.322905 ], [ 76.247819, 42.328792 ], [ 76.239577, 42.337329 ], [ 76.233101, 42.36441 ], [ 76.225742, 42.373241 ], [ 76.216617, 42.381189 ], [ 76.208374, 42.392964 ], [ 76.212496, 42.39473 ], [ 76.222798, 42.400323 ], [ 76.21956, 42.404149 ], [ 76.216322, 42.405621 ], [ 76.208374, 42.407093 ], [ 76.215439, 42.407093 ], [ 76.201898, 42.418573 ], [ 76.196011, 42.439767 ], [ 76.202487, 42.460079 ], [ 76.225742, 42.469204 ], [ 76.304632, 42.482156 ], [ 76.332596, 42.482745 ], [ 76.443277, 42.467732 ], [ 76.456229, 42.468321 ], [ 76.465649, 42.472736 ], [ 76.48802, 42.502761 ], [ 76.497146, 42.51012 ], [ 76.5204, 42.51483 ], [ 76.575152, 42.509237 ], [ 76.599584, 42.513653 ], [ 76.619895, 42.527194 ], [ 76.653159, 42.555747 ], [ 76.674647, 42.565461 ], [ 76.97637, 42.609616 ], [ 76.981669, 42.614031 ], [ 76.994032, 42.612265 ], [ 77.014049, 42.606378 ], [ 77.027001, 42.60991 ], [ 77.047312, 42.627866 ], [ 77.058204, 42.634342 ], [ 77.083813, 42.639641 ], [ 77.135916, 42.643467 ], [ 77.173889, 42.653476 ], [ 77.18478, 42.652004 ], [ 77.195377, 42.64906 ], [ 77.206269, 42.647294 ], [ 77.219515, 42.648766 ], [ 77.229818, 42.652593 ], [ 77.238943, 42.657008 ], [ 77.325486, 42.679674 ], [ 77.349624, 42.681735 ], [ 77.373468, 42.677908 ], [ 77.435578, 42.653476 ], [ 77.528009, 42.647294 ], [ 77.537723, 42.650238 ], [ 77.549497, 42.657008 ], [ 77.56922, 42.671432 ], [ 77.579228, 42.676142 ], [ 77.620439, 42.681735 ], [ 77.704333, 42.705578 ], [ 77.745544, 42.710877 ], [ 77.771448, 42.720002 ], [ 77.7844, 42.722651 ], [ 77.797646, 42.722651 ], [ 77.832676, 42.716175 ], [ 77.917158, 42.726772 ], [ 77.956014, 42.714115 ], [ 77.983096, 42.713232 ], [ 78.011649, 42.715881 ], [ 78.033138, 42.720296 ], [ 78.082885, 42.722357 ], [ 78.103785, 42.725595 ], [ 78.11762, 42.732954 ], [ 78.137343, 42.740313 ], [ 78.204752, 42.7462 ], [ 78.223886, 42.742962 ], [ 78.235955, 42.746495 ], [ 78.306308, 42.742962 ], [ 78.306308, 42.736192 ], [ 78.282758, 42.732954 ], [ 78.24979, 42.719413 ], [ 78.2336, 42.716175 ], [ 78.211817, 42.721474 ], [ 78.201514, 42.72118 ], [ 78.193272, 42.703518 ], [ 78.175021, 42.680263 ], [ 78.169134, 42.67467 ], [ 78.157948, 42.671726 ], [ 78.132338, 42.671138 ], [ 78.120858, 42.6679 ], [ 78.111144, 42.659069 ], [ 78.08995, 42.632576 ], [ 78.083474, 42.626983 ], [ 78.081708, 42.622862 ], [ 78.088772, 42.613148 ], [ 78.099664, 42.604023 ], [ 78.11085, 42.599607 ], [ 78.254794, 42.599607 ] ] ] } },
{ "type": "Feature", "properties": { "name": "Lake Turkana" }, "geometry": { "type": "Polygon", "coordinates": [ [ [ 36.697644, 2.769491 ], [ 36.709713, 2.730341 ], [ 36.68793, 2.715328 ], [ 36.691168, 2.683537 ], [ 36.699999, 2.646153 ], [ 36.696172, 2.614362 ], [ 36.696172, 2.620543 ], [ 36.693817, 2.545186 ], [ 36.708241, 2.508391 ], [ 36.702354, 2.486313 ], [ 36.690873, 2.46718 ], [ 36.635827, 2.408895 ], [ 36.62788, 2.40448 ], [ 36.621698, 2.403303 ], [ 36.597266, 2.406835 ], [ 36.593733, 2.408307 ], [ 36.581664, 2.407424 ], [ 36.57195, 2.405069 ], [ 36.564591, 2.400948 ], [ 36.558115, 2.394472 ], [ 36.531917, 2.422731 ], [ 36.525735, 2.464236 ], [ 36.52603, 2.510451 ], [ 36.517787, 2.551662 ], [ 36.494533, 2.591401 ], [ 36.476871, 2.611712 ], [ 36.443313, 2.630552 ], [ 36.436543, 2.654395 ], [ 36.436837, 2.723571 ], [ 36.435954, 2.730341 ], [ 36.431244, 2.741233 ], [ 36.417704, 2.763899 ], [ 36.410344, 2.791274 ], [ 36.400336, 2.813352 ], [ 36.380614, 2.846321 ], [ 36.357653, 2.866337 ], [ 36.302607, 2.902544 ], [ 36.261396, 2.938456 ], [ 36.257864, 2.942578 ], [ 36.251388, 2.972603 ], [ 36.247267, 2.980551 ], [ 36.239613, 2.982022 ], [ 36.223129, 2.967304 ], [ 36.21312, 2.963183 ], [ 36.202818, 2.965832 ], [ 36.189571, 2.979373 ], [ 36.182212, 2.983494 ], [ 36.141884, 2.982317 ], [ 36.126577, 2.987615 ], [ 36.12069, 3.007926 ], [ 36.148066, 3.116547 ], [ 36.148066, 3.128027 ], [ 36.144828, 3.139802 ], [ 36.135997, 3.160701 ], [ 36.134525, 3.172182 ], [ 36.136586, 3.18219 ], [ 36.145711, 3.202501 ], [ 36.148066, 3.213098 ], [ 36.142767, 3.219869 ], [ 36.130404, 3.219869 ], [ 36.106266, 3.216336 ], [ 36.072414, 3.230466 ], [ 36.064761, 3.235176 ], [ 36.059462, 3.239591 ], [ 36.052986, 3.242829 ], [ 36.041506, 3.244301 ], [ 36.02826, 3.252543 ], [ 35.996468, 3.305823 ], [ 35.976746, 3.319364 ], [ 35.959379, 3.327606 ], [ 35.947898, 3.33938 ], [ 35.943189, 3.364107 ], [ 35.943189, 3.528951 ], [ 35.939951, 3.540725 ], [ 35.932886, 3.550145 ], [ 35.925821, 3.552206 ], [ 35.922583, 3.542492 ], [ 35.925527, 3.532189 ], [ 35.936713, 3.508051 ], [ 35.935829, 3.497454 ], [ 35.918168, 3.481264 ], [ 35.907865, 3.495688 ], [ 35.902861, 3.522475 ], [ 35.901683, 3.542492 ], [ 35.89609, 3.561331 ], [ 35.882844, 3.575166 ], [ 35.866948, 3.586941 ], [ 35.853113, 3.600481 ], [ 35.841339, 3.630212 ], [ 35.834274, 3.673484 ], [ 35.833391, 3.719699 ], [ 35.840161, 3.758261 ], [ 35.844871, 3.767092 ], [ 35.856646, 3.782398 ], [ 35.860472, 3.792407 ], [ 35.860767, 3.805064 ], [ 35.853113, 3.83715 ], [ 35.853996, 3.959017 ], [ 35.864593, 3.991397 ], [ 35.919639, 4.105905 ], [ 35.922583, 4.117974 ], [ 35.915224, 4.422935 ], [ 35.918168, 4.437064 ], [ 35.926999, 4.465029 ], [ 35.932003, 4.504179 ], [ 35.946132, 4.551572 ], [ 35.94937, 4.576887 ], [ 35.955552, 4.59396 ], [ 35.97027, 4.617215 ], [ 35.988226, 4.635171 ], [ 36.004122, 4.635171 ], [ 36.007949, 4.623397 ], [ 36.007066, 4.591017 ], [ 36.013836, 4.576887 ], [ 36.023256, 4.565996 ], [ 36.029437, 4.553927 ], [ 36.032675, 4.540386 ], [ 36.032087, 4.525374 ], [ 36.037974, 4.525374 ], [ 36.054164, 4.547451 ], [ 36.058285, 4.560403 ], [ 36.038563, 4.572766 ], [ 36.03032, 4.58719 ], [ 36.025022, 4.60338 ], [ 36.024727, 4.61486 ], [ 36.043272, 4.636643 ], [ 36.074475, 4.643414 ], [ 36.106561, 4.637821 ], [ 36.126872, 4.621631 ], [ 36.127461, 4.630461 ], [ 36.122456, 4.657543 ], [ 36.123634, 4.663136 ], [ 36.154836, 4.664019 ], [ 36.167494, 4.660192 ], [ 36.175442, 4.649006 ], [ 36.186628, 4.624574 ], [ 36.18545, 4.616038 ], [ 36.168377, 4.61486 ], [ 36.198108, 4.547156 ], [ 36.203112, 4.515659 ], [ 36.195753, 4.478275 ], [ 36.207233, 4.46238 ], [ 36.208411, 4.442657 ], [ 36.200463, 4.387022 ], [ 36.191043, 4.367006 ], [ 36.188983, 4.358175 ], [ 36.188394, 4.339335 ], [ 36.21106, 4.301362 ], [ 36.214887, 4.285761 ], [ 36.216064, 4.261918 ], [ 36.214298, 4.241901 ], [ 36.214887, 4.229832 ], [ 36.223129, 4.214819 ], [ 36.221363, 4.21011 ], [ 36.218125, 4.2054 ], [ 36.216064, 4.199807 ], [ 36.219302, 4.193036 ], [ 36.226072, 4.188621 ], [ 36.233137, 4.185383 ], [ 36.236964, 4.182734 ], [ 36.241674, 4.165661 ], [ 36.244617, 4.145055 ], [ 36.242851, 4.123566 ], [ 36.224895, 4.087948 ], [ 36.216064, 4.032019 ], [ 36.198402, 3.979328 ], [ 36.192515, 3.970497 ], [ 36.181624, 3.961961 ], [ 36.18545, 3.942827 ], [ 36.219008, 3.879833 ], [ 36.223129, 3.868058 ], [ 36.229899, 3.831852 ], [ 36.233726, 3.823315 ], [ 36.239319, 3.815662 ], [ 36.242557, 3.808891 ], [ 36.244029, 3.800649 ], [ 36.244323, 3.788874 ], [ 36.246972, 3.779455 ], [ 36.253448, 3.774156 ], [ 36.260513, 3.77033 ], [ 36.264634, 3.765031 ], [ 36.265812, 3.753551 ], [ 36.264045, 3.743248 ], [ 36.246384, 3.694384 ], [ 36.240496, 3.686141 ], [ 36.235787, 3.683786 ], [ 36.230782, 3.682903 ], [ 36.219596, 3.683198 ], [ 36.216653, 3.681137 ], [ 36.215475, 3.67054 ], [ 36.21312, 3.66583 ], [ 36.211354, 3.658766 ], [ 36.20635, 3.540137 ], [ 36.216064, 3.456537 ], [ 36.222834, 3.434754 ], [ 36.240496, 3.393838 ], [ 36.244323, 3.370877 ], [ 36.238141, 3.346151 ], [ 36.226661, 3.334082 ], [ 36.22254, 3.322013 ], [ 36.236964, 3.298758 ], [ 36.274643, 3.263434 ], [ 36.291716, 3.243123 ], [ 36.29878, 3.220163 ], [ 36.299369, 3.208977 ], [ 36.30143, 3.198969 ], [ 36.306728, 3.191904 ], [ 36.326156, 3.186605 ], [ 36.331455, 3.180424 ], [ 36.34058, 3.161585 ], [ 36.375904, 3.123023 ], [ 36.380614, 3.110071 ], [ 36.381791, 3.099768 ], [ 36.388267, 3.076219 ], [ 36.386795, 3.041484 ], [ 36.388267, 3.032064 ], [ 36.40063, 3.010576 ], [ 36.532211, 2.901661 ], [ 36.5746, 2.894596 ], [ 36.657905, 2.898717 ], [ 36.689107, 2.881055 ], [ 36.69941, 2.850442 ], [ 36.697644, 2.769491 ] ] ] } },
{ "type": "Feature", "properties": { "name": "Kaliningradskiy Zaliv" }, "geometry": { "type": "Polygon", "coordinates": [ [ [ 19.793195, 54.543432 ], [ 19.893868, 54.617611 ], [ 19.899461, 54.62291 ], [ 19.907114, 54.628208 ], [ 19.920655, 54.632918 ], [ 19.933901, 54.633801 ], [ 19.945676, 54.632918 ], [ 19.95539, 54.635568 ], [ 19.961571, 54.646459 ], [ 19.947736, 54.653229 ], [ 19.944498, 54.669125 ], [ 19.948325, 54.687376 ], [ 19.954801, 54.701211 ], [ 19.966281, 54.711808 ], [ 19.981883, 54.71799 ], [ 20.000133, 54.720933 ], [ 20.02015, 54.721816 ], [ 20.039872, 54.716518 ], [ 20.044582, 54.703271 ], [ 20.04576, 54.686493 ], [ 20.054002, 54.670597 ], [ 20.072841, 54.657351 ], [ 20.085793, 54.656467 ], [ 20.11258, 54.673835 ], [ 20.11258, 54.673835 ], [ 20.11258, 54.673835 ], [ 20.11258, 54.673835 ], [ 20.176752, 54.695618 ], [ 20.40665, 54.68767 ], [ 20.40665, 54.680017 ], [ 20.333648, 54.660294 ], [ 20.318046, 54.652346 ], [ 20.293614, 54.635862 ], [ 20.280368, 54.629092 ], [ 20.252992, 54.623499 ], [ 20.121705, 54.581405 ], [ 20.102277, 54.577578 ], [ 20.092269, 54.574634 ], [ 20.079023, 54.560505 ], [ 20.068131, 54.557267 ], [ 20.055474, 54.55815 ], [ 20.048703, 54.560505 ], [ 20.042227, 54.56492 ], [ 20.030453, 54.570807 ], [ 19.991008, 54.572574 ], [ 19.966576, 54.546964 ], [ 19.943026, 54.512523 ], [ 19.906525, 54.488386 ], [ 19.839999, 54.470724 ], [ 19.793195, 54.543432 ] ] ] } },
{ "type": "Feature", "properties": { "name": "Zalew Wislany" }, "geometry": { "type": "Polygon", "coordinates": [ [ [ 19.839999, 54.470724 ], [ 19.82116, 54.468369 ], [ 19.815272, 54.464248 ], [ 19.809974, 54.454828 ], [ 19.803498, 54.445408 ], [ 19.793489, 54.440993 ], [ 19.764347, 54.436283 ], [ 19.754045, 54.433045 ], [ 19.743153, 54.433634 ], [ 19.744919, 54.429218 ], [ 19.747569, 54.418327 ], [ 19.749335, 54.413911 ], [ 19.733734, 54.411851 ], [ 19.725786, 54.402137 ], [ 19.720487, 54.390951 ], [ 19.711656, 54.385947 ], [ 19.697527, 54.384769 ], [ 19.683986, 54.381531 ], [ 19.619226, 54.353567 ], [ 19.579781, 54.350329 ], [ 19.563297, 54.346502 ], [ 19.485585, 54.317654 ], [ 19.472927, 54.315594 ], [ 19.459975, 54.310884 ], [ 19.43466, 54.297049 ], [ 19.409344, 54.272911 ], [ 19.403163, 54.269084 ], [ 19.396098, 54.263197 ], [ 19.378436, 54.235821 ], [ 19.36519, 54.228168 ], [ 19.365778, 54.242886 ], [ 19.369899, 54.254955 ], [ 19.376964, 54.26408 ], [ 19.386384, 54.269084 ], [ 19.386384, 54.276738 ], [ 19.362835, 54.274972 ], [ 19.273937, 54.281742 ], [ 19.248916, 54.290278 ], [ 19.249505, 54.298521 ], [ 19.251859, 54.304408 ], [ 19.256275, 54.308235 ], [ 19.262751, 54.310295 ], [ 19.252448, 54.313828 ], [ 19.229193, 54.331784 ], [ 19.229193, 54.337965 ], [ 19.270404, 54.347091 ], [ 19.357242, 54.351506 ], [ 19.399336, 54.358571 ], [ 19.442313, 54.371817 ], [ 19.741093, 54.50487 ], [ 19.793195, 54.543432 ], [ 19.839999, 54.470724 ] ] ] } },
{ "type": "Feature", "properties": { "name": "Lake Razazah" }, "geometry": { "type": "Polygon", "coordinates": [ [ [ 43.82626, 32.724574 ], [ 43.898085, 32.703968 ], [ 43.899557, 32.694549 ], [ 43.891903, 32.662463 ], [ 43.891903, 32.618308 ], [ 43.88631, 32.601824 ], [ 43.873358, 32.587989 ], [ 43.834208, 32.561496 ], [ 43.812425, 32.552665 ], [ 43.802122, 32.546189 ], [ 43.792702, 32.536181 ], [ 43.778867, 32.515281 ], [ 43.768859, 32.505273 ], [ 43.763855, 32.514398 ], [ 43.757379, 32.517341 ], [ 43.749725, 32.51587 ], [ 43.740894, 32.511749 ], [ 43.748842, 32.526172 ], [ 43.745015, 32.535886 ], [ 43.737656, 32.545895 ], [ 43.734713, 32.560613 ], [ 43.727354, 32.560613 ], [ 43.725587, 32.555609 ], [ 43.720878, 32.546189 ], [ 43.713518, 32.546189 ], [ 43.712047, 32.551782 ], [ 43.70822, 32.561496 ], [ 43.706748, 32.566795 ], [ 43.702627, 32.564145 ], [ 43.699978, 32.560613 ], [ 43.693796, 32.560613 ], [ 43.682316, 32.5665 ], [ 43.679078, 32.556198 ], [ 43.677017, 32.540891 ], [ 43.669069, 32.533237 ], [ 43.656412, 32.538241 ], [ 43.651702, 32.55031 ], [ 43.651996, 32.58063 ], [ 43.660827, 32.57798 ], [ 43.66642, 32.577686 ], [ 43.679372, 32.58063 ], [ 43.663771, 32.587989 ], [ 43.647581, 32.584751 ], [ 43.629919, 32.577686 ], [ 43.61108, 32.574154 ], [ 43.619028, 32.585634 ], [ 43.623737, 32.590344 ], [ 43.631096, 32.594759 ], [ 43.618439, 32.597114 ], [ 43.596656, 32.605945 ], [ 43.583704, 32.607711 ], [ 43.573695, 32.590932 ], [ 43.537783, 32.595642 ], [ 43.498927, 32.612421 ], [ 43.480676, 32.631849 ], [ 43.445058, 32.679242 ], [ 43.429163, 32.710444 ], [ 43.439171, 32.731344 ], [ 43.430046, 32.736937 ], [ 43.42563, 32.738115 ], [ 43.42563, 32.744885 ], [ 43.434756, 32.752833 ], [ 43.430929, 32.769023 ], [ 43.411501, 32.806996 ], [ 43.415033, 32.80523 ], [ 43.418271, 32.804346 ], [ 43.421509, 32.802875 ], [ 43.42563, 32.799637 ], [ 43.433873, 32.813472 ], [ 43.443587, 32.825541 ], [ 43.449474, 32.836727 ], [ 43.44653, 32.847912 ], [ 43.432106, 32.842319 ], [ 43.42563, 32.850856 ], [ 43.419449, 32.862925 ], [ 43.405025, 32.868518 ], [ 43.405025, 32.875877 ], [ 43.414444, 32.878526 ], [ 43.429163, 32.887063 ], [ 43.439171, 32.888829 ], [ 43.45124, 32.881764 ], [ 43.461543, 32.877349 ], [ 43.472729, 32.875877 ], [ 43.472729, 32.882059 ], [ 43.455655, 32.883825 ], [ 43.455361, 32.889123 ], [ 43.462131, 32.897071 ], [ 43.466547, 32.906196 ], [ 43.469785, 32.909729 ], [ 43.48362, 32.90914 ], [ 43.486858, 32.912967 ], [ 43.487152, 32.922386 ], [ 43.48833, 32.929451 ], [ 43.490685, 32.936222 ], [ 43.494512, 32.944169 ], [ 43.483031, 32.951823 ], [ 43.457716, 32.976844 ], [ 43.453006, 32.985086 ], [ 43.457716, 32.997449 ], [ 43.479499, 33.016583 ], [ 43.486858, 33.026003 ], [ 43.50452, 33.018055 ], [ 43.517766, 33.021882 ], [ 43.526008, 33.033067 ], [ 43.529246, 33.046608 ], [ 43.521299, 33.086642 ], [ 43.521593, 33.104598 ], [ 43.534839, 33.114901 ], [ 43.533368, 33.092529 ], [ 43.535134, 33.07369 ], [ 43.541904, 33.056617 ], [ 43.555445, 33.039838 ], [ 43.571046, 33.030124 ], [ 43.609902, 33.019821 ], [ 43.62462, 33.012462 ], [ 43.616084, 32.99009 ], [ 43.624032, 32.972723 ], [ 43.637572, 32.958888 ], [ 43.644637, 32.947407 ], [ 43.64817, 32.933572 ], [ 43.666126, 32.890006 ], [ 43.732063, 32.775499 ], [ 43.754435, 32.752244 ], [ 43.763266, 32.7493 ], [ 43.795646, 32.744885 ], [ 43.81949, 32.727517 ], [ 43.82626, 32.724574 ] ] ] } },
{ "type": "Feature", "properties": { "name": "Dead Sea" }, "geometry": { "type": "Polygon", "coordinates": [ [ [ 35.559043, 31.765535 ], [ 35.586419, 31.752878 ], [ 35.588185, 31.730506 ], [ 35.578471, 31.701364 ], [ 35.554628, 31.538286 ], [ 35.568463, 31.496781 ], [ 35.571995, 31.468228 ], [ 35.54462, 31.354014 ], [ 35.545208, 31.345772 ], [ 35.547563, 31.338707 ], [ 35.547563, 31.331937 ], [ 35.540204, 31.323401 ], [ 35.52372, 31.310154 ], [ 35.512828, 31.304856 ], [ 35.503703, 31.306327 ], [ 35.501348, 31.318102 ], [ 35.512534, 31.354309 ], [ 35.510473, 31.367555 ], [ 35.49134, 31.366966 ], [ 35.442181, 31.322223 ], [ 35.414805, 31.326639 ], [ 35.405974, 31.344889 ], [ 35.401853, 31.395225 ], [ 35.393611, 31.435848 ], [ 35.400675, 31.472349 ], [ 35.392728, 31.514149 ], [ 35.398321, 31.532399 ], [ 35.408035, 31.548589 ], [ 35.414805, 31.566251 ], [ 35.414216, 31.577731 ], [ 35.40774, 31.602163 ], [ 35.408035, 31.614821 ], [ 35.412744, 31.624241 ], [ 35.43541, 31.655738 ], [ 35.454544, 31.695182 ], [ 35.476621, 31.730506 ], [ 35.506941, 31.755821 ], [ 35.55139, 31.765535 ], [ 35.559043, 31.765535 ] ] ] } },
{ "type": "Feature", "properties": { "name": "Lake Urmia" }, "geometry": { "type": "Polygon", "coordinates": [ [ [ 45.902116, 37.400842 ], [ 45.910358, 37.388773 ], [ 45.913302, 37.374055 ], [ 45.908886, 37.362869 ], [ 45.898878, 37.366696 ], [ 45.886514, 37.37435 ], [ 45.875623, 37.374055 ], [ 45.862965, 37.366107 ], [ 45.834706, 37.356099 ], [ 45.823815, 37.349917 ], [ 45.822049, 37.345796 ], [ 45.817633, 37.326368 ], [ 45.814101, 37.32313 ], [ 45.748458, 37.284863 ], [ 45.735211, 37.282214 ], [ 45.717549, 37.285452 ], [ 45.702537, 37.294283 ], [ 45.695178, 37.307235 ], [ 45.700476, 37.32313 ], [ 45.690174, 37.32107 ], [ 45.667802, 37.314005 ], [ 45.65956, 37.309589 ], [ 45.636599, 37.27927 ], [ 45.628651, 37.274854 ], [ 45.623647, 37.263963 ], [ 45.618349, 37.192727 ], [ 45.611284, 37.172416 ], [ 45.600098, 37.14975 ], [ 45.585086, 37.131499 ], [ 45.566835, 37.123846 ], [ 45.554766, 37.127084 ], [ 45.545052, 37.134148 ], [ 45.537693, 37.141213 ], [ 45.532394, 37.144451 ], [ 45.512083, 37.144451 ], [ 45.503841, 37.142685 ], [ 45.502958, 37.138564 ], [ 45.504135, 37.133854 ], [ 45.501781, 37.130027 ], [ 45.477643, 37.120902 ], [ 45.462924, 37.121196 ], [ 45.451444, 37.130616 ], [ 45.404935, 37.180952 ], [ 45.399636, 37.191255 ], [ 45.395809, 37.196259 ], [ 45.390217, 37.199203 ], [ 45.377559, 37.198025 ], [ 45.371966, 37.199497 ], [ 45.356365, 37.210683 ], [ 45.344884, 37.227756 ], [ 45.341352, 37.23747 ], [ 45.341352, 37.246007 ], [ 45.338408, 37.251894 ], [ 45.327517, 37.254249 ], [ 45.31692, 37.26514 ], [ 45.303085, 37.336082 ], [ 45.299552, 37.343441 ], [ 45.282479, 37.363458 ], [ 45.295137, 37.367285 ], [ 45.307206, 37.371995 ], [ 45.317509, 37.379648 ], [ 45.324279, 37.390834 ], [ 45.316625, 37.406435 ], [ 45.3075, 37.437343 ], [ 45.295431, 37.457655 ], [ 45.292488, 37.474728 ], [ 45.286306, 37.483559 ], [ 45.264817, 37.500043 ], [ 45.262168, 37.504458 ], [ 45.265112, 37.518882 ], [ 45.278947, 37.545081 ], [ 45.282479, 37.555972 ], [ 45.282185, 37.573634 ], [ 45.276003, 37.584231 ], [ 45.248627, 37.604248 ], [ 45.262757, 37.614845 ], [ 45.256281, 37.63339 ], [ 45.242446, 37.653112 ], [ 45.234792, 37.669008 ], [ 45.239208, 37.680194 ], [ 45.248627, 37.686376 ], [ 45.258047, 37.690497 ], [ 45.262168, 37.695795 ], [ 45.25422, 37.75614 ], [ 45.253043, 37.760261 ], [ 45.248627, 37.768209 ], [ 45.224195, 37.794113 ], [ 45.220663, 37.805887 ], [ 45.183279, 37.82296 ], [ 45.181512, 37.824432 ], [ 45.174448, 37.831497 ], [ 45.168855, 37.838562 ], [ 45.159435, 37.836501 ], [ 45.1456, 37.829731 ], [ 45.078485, 37.854163 ], [ 45.05994, 37.857695 ], [ 45.062884, 37.868587 ], [ 45.049343, 37.932758 ], [ 45.047871, 37.953953 ], [ 45.051403, 37.971614 ], [ 45.05994, 37.987804 ], [ 45.073481, 38.004289 ], [ 45.091437, 38.01518 ], [ 45.138535, 38.023128 ], [ 45.159141, 38.029015 ], [ 45.181218, 38.038435 ], [ 45.189755, 38.046383 ], [ 45.193287, 38.059335 ], [ 45.193876, 38.092598 ], [ 45.196819, 38.097897 ], [ 45.20094, 38.102606 ], [ 45.199469, 38.113498 ], [ 45.193287, 38.13116 ], [ 45.186811, 38.139402 ], [ 45.178863, 38.144995 ], [ 45.172976, 38.152354 ], [ 45.172681, 38.165895 ], [ 45.165911, 38.165895 ], [ 45.154431, 38.141168 ], [ 45.140007, 38.129982 ], [ 45.124994, 38.134986 ], [ 45.111454, 38.159124 ], [ 45.094381, 38.147055 ], [ 45.073481, 38.134986 ], [ 45.05052, 38.12645 ], [ 45.028737, 38.124389 ], [ 45.003716, 38.13793 ], [ 44.997535, 38.159419 ], [ 45.003716, 38.175609 ], [ 45.015197, 38.172371 ], [ 45.024028, 38.182968 ], [ 45.027266, 38.194154 ], [ 45.033153, 38.203279 ], [ 45.049343, 38.207106 ], [ 45.047282, 38.250377 ], [ 45.094086, 38.268039 ], [ 45.308383, 38.272454 ], [ 45.361663, 38.265978 ], [ 45.417298, 38.225062 ], [ 45.465279, 38.176197 ], [ 45.484707, 38.165895 ], [ 45.493538, 38.156475 ], [ 45.497659, 38.134986 ], [ 45.498837, 38.113792 ], [ 45.497954, 38.104078 ], [ 45.502664, 38.095542 ], [ 45.49501, 38.076114 ], [ 45.473816, 38.042556 ], [ 45.486179, 38.033431 ], [ 45.47676, 38.003406 ], [ 45.487945, 37.987804 ], [ 45.453799, 37.973675 ], [ 45.458803, 37.968965 ], [ 45.463219, 37.963078 ], [ 45.467634, 37.960134 ], [ 45.460275, 37.953658 ], [ 45.438787, 37.940412 ], [ 45.434077, 37.935996 ], [ 45.430839, 37.931286 ], [ 45.409645, 37.909209 ], [ 45.406112, 37.900967 ], [ 45.40464, 37.888015 ], [ 45.406112, 37.864466 ], [ 45.411999, 37.847687 ], [ 45.413766, 37.817368 ], [ 45.412883, 37.815896 ], [ 45.421713, 37.798234 ], [ 45.436137, 37.778217 ], [ 45.453505, 37.761438 ], [ 45.479114, 37.750547 ], [ 45.485002, 37.741422 ], [ 45.489712, 37.732002 ], [ 45.494127, 37.727292 ], [ 45.507079, 37.729058 ], [ 45.517971, 37.737595 ], [ 45.523858, 37.749369 ], [ 45.522092, 37.761438 ], [ 45.549467, 37.766148 ], [ 45.64543, 37.767326 ], [ 45.66633, 37.757906 ], [ 45.711073, 37.724643 ], [ 45.741982, 37.711691 ], [ 45.755522, 37.727292 ], [ 45.756111, 37.711691 ], [ 45.760527, 37.699622 ], [ 45.776128, 37.678722 ], [ 45.781721, 37.674895 ], [ 45.787314, 37.673423 ], [ 45.792612, 37.671363 ], [ 45.796733, 37.665181 ], [ 45.797322, 37.657233 ], [ 45.794673, 37.652524 ], [ 45.791435, 37.648403 ], [ 45.789669, 37.641338 ], [ 45.77289, 37.634273 ], [ 45.662798, 37.644576 ], [ 45.659854, 37.640455 ], [ 45.666624, 37.631035 ], [ 45.678105, 37.621615 ], [ 45.705186, 37.613373 ], [ 45.709013, 37.602776 ], [ 45.709307, 37.58953 ], [ 45.714017, 37.576283 ], [ 45.725792, 37.56392 ], [ 45.765825, 37.53154 ], [ 45.773773, 37.528302 ], [ 45.784076, 37.528008 ], [ 45.792907, 37.525947 ], [ 45.796733, 37.518294 ], [ 45.797616, 37.511523 ], [ 45.800266, 37.506519 ], [ 45.804681, 37.502987 ], [ 45.810274, 37.500632 ], [ 45.811452, 37.479732 ], [ 45.831468, 37.450001 ], [ 45.857078, 37.423508 ], [ 45.875623, 37.412028 ], [ 45.890341, 37.409085 ], [ 45.902116, 37.400842 ] ], [ [ 45.542697, 37.343736 ], [ 45.55771, 37.340498 ], [ 45.556532, 37.351978 ], [ 45.542697, 37.377293 ], [ 45.536515, 37.38583 ], [ 45.529745, 37.397016 ], [ 45.529745, 37.407024 ], [ 45.542697, 37.412028 ], [ 45.541225, 37.417915 ], [ 45.538282, 37.42292 ], [ 45.534161, 37.427629 ], [ 45.529156, 37.431751 ], [ 45.510611, 37.439404 ], [ 45.496776, 37.43646 ], [ 45.494127, 37.426158 ], [ 45.508551, 37.412028 ], [ 45.48824, 37.407024 ], [ 45.483824, 37.400254 ], [ 45.490006, 37.3926 ], [ 45.501781, 37.384652 ], [ 45.508845, 37.381709 ], [ 45.525918, 37.377882 ], [ 45.532394, 37.374055 ], [ 45.536515, 37.367285 ], [ 45.542697, 37.343736 ] ], [ [ 45.652495, 37.487091 ], [ 45.66633, 37.480321 ], [ 45.663975, 37.501809 ], [ 45.647491, 37.507991 ], [ 45.604219, 37.507991 ], [ 45.599509, 37.513289 ], [ 45.595094, 37.522415 ], [ 45.589207, 37.528302 ], [ 45.58067, 37.52477 ], [ 45.568601, 37.512406 ], [ 45.566835, 37.506813 ], [ 45.570073, 37.500632 ], [ 45.570073, 37.49445 ], [ 45.566835, 37.492684 ], [ 45.565658, 37.492684 ], [ 45.565069, 37.491801 ], [ 45.563891, 37.487091 ], [ 45.573017, 37.487385 ], [ 45.58067, 37.48503 ], [ 45.604219, 37.472078 ], [ 45.608929, 37.467369 ], [ 45.611578, 37.459715 ], [ 45.618349, 37.459715 ], [ 45.62453, 37.468546 ], [ 45.642487, 37.479143 ], [ 45.652495, 37.487091 ] ] ] } },
{ "type": "Feature", "properties": { "name": "Sarygamysh Köli" }, "geometry": { "type": "Polygon", "coordinates": [ [ [ 57.865368, 41.827196 ], [ 57.883619, 41.816893 ], [ 57.886268, 41.807473 ], [ 57.878615, 41.797759 ], [ 57.865368, 41.788634 ], [ 57.854771, 41.775682 ], [ 57.85065, 41.75596 ], [ 57.856537, 41.689728 ], [ 57.853888, 41.682663 ], [ 57.848001, 41.680897 ], [ 57.838875, 41.679719 ], [ 57.801491, 41.668239 ], [ 57.731727, 41.663529 ], [ 57.708472, 41.658819 ], [ 57.687867, 41.648222 ], [ 57.675209, 41.63527 ], [ 57.664318, 41.615842 ], [ 57.652543, 41.6076 ], [ 57.635764, 41.600241 ], [ 57.618397, 41.595237 ], [ 57.599263, 41.595237 ], [ 57.558641, 41.608189 ], [ 57.546277, 41.603773 ], [ 57.533325, 41.593471 ], [ 57.513897, 41.581402 ], [ 57.494469, 41.575514 ], [ 57.482106, 41.578752 ], [ 57.47092, 41.587289 ], [ 57.454436, 41.597297 ], [ 57.435597, 41.599358 ], [ 57.42029, 41.589938 ], [ 57.387615, 41.555203 ], [ 57.36907, 41.542546 ], [ 57.352292, 41.540485 ], [ 57.335807, 41.546372 ], [ 57.241611, 41.612899 ], [ 57.236018, 41.622318 ], [ 57.231308, 41.639391 ], [ 57.228659, 41.657053 ], [ 57.230719, 41.668239 ], [ 57.233957, 41.678542 ], [ 57.236606, 41.692083 ], [ 57.232191, 41.706801 ], [ 57.219828, 41.717987 ], [ 57.162427, 41.750072 ], [ 57.152713, 41.760669 ], [ 57.137111, 41.796582 ], [ 57.127103, 41.800114 ], [ 57.117978, 41.794227 ], [ 57.111796, 41.783335 ], [ 57.107381, 41.772444 ], [ 57.079416, 41.720636 ], [ 57.07971, 41.717104 ], [ 57.081182, 41.710333 ], [ 57.080299, 41.68855 ], [ 57.074706, 41.667356 ], [ 57.067347, 41.665295 ], [ 57.058516, 41.674126 ], [ 57.045564, 41.693849 ], [ 57.033495, 41.739475 ], [ 57.03585, 41.751838 ], [ 57.05204, 41.779803 ], [ 57.058222, 41.796876 ], [ 57.06823, 41.932284 ], [ 57.072057, 41.947002 ], [ 57.197162, 42.240483 ], [ 57.229247, 42.288464 ], [ 57.238373, 42.296412 ], [ 57.264571, 42.31378 ], [ 57.307254, 42.331441 ], [ 57.364655, 42.345277 ], [ 57.38997, 42.347337 ], [ 57.407043, 42.344099 ], [ 57.419112, 42.336151 ], [ 57.440895, 42.312602 ], [ 57.453258, 42.30436 ], [ 57.465033, 42.298767 ], [ 57.475336, 42.296118 ], [ 57.517724, 42.292585 ], [ 57.570415, 42.270802 ], [ 57.594553, 42.256379 ], [ 57.613981, 42.239894 ], [ 57.628111, 42.219583 ], [ 57.636942, 42.194562 ], [ 57.645773, 42.13981 ], [ 57.645184, 42.122149 ], [ 57.639297, 42.117439 ], [ 57.615747, 42.118911 ], [ 57.604562, 42.113906 ], [ 57.598674, 42.105664 ], [ 57.596025, 42.094773 ], [ 57.594848, 42.081821 ], [ 57.597791, 42.069752 ], [ 57.607505, 42.060038 ], [ 57.621929, 42.052679 ], [ 57.665201, 42.041787 ], [ 57.722896, 42.013234 ], [ 57.726723, 42.008818 ], [ 57.728195, 41.999399 ], [ 57.7279, 41.98939 ], [ 57.723779, 41.983503 ], [ 57.698464, 41.972906 ], [ 57.68404, 41.964958 ], [ 57.678447, 41.954655 ], [ 57.675503, 41.920509 ], [ 57.680213, 41.903142 ], [ 57.695226, 41.896077 ], [ 57.746739, 41.894311 ], [ 57.762341, 41.889601 ], [ 57.778236, 41.882536 ], [ 57.84123, 41.838382 ], [ 57.865368, 41.827196 ] ] ] } },
{ "type": "Feature", "properties": { "name": "Lake Tuz" }, "geometry": { "type": "Polygon", "coordinates": [ [ [ 33.430791, 38.960383 ], [ 33.420488, 38.954496 ], [ 33.420488, 38.940367 ], [ 33.426375, 38.924765 ], [ 33.434323, 38.913285 ], [ 33.416956, 38.877373 ], [ 33.413718, 38.867659 ], [ 33.417544, 38.859711 ], [ 33.426081, 38.850586 ], [ 33.54677, 38.752857 ], [ 33.555307, 38.761099 ], [ 33.552657, 38.77935 ], [ 33.547359, 38.789358 ], [ 33.547359, 38.803782 ], [ 33.571497, 38.891797 ], [ 33.578267, 38.891797 ], [ 33.584154, 38.846465 ], [ 33.629487, 38.786414 ], [ 33.640378, 38.751679 ], [ 33.64391, 38.731368 ], [ 33.652741, 38.713412 ], [ 33.686299, 38.659543 ], [ 33.698662, 38.646886 ], [ 33.71603, 38.64041 ], [ 33.742817, 38.638349 ], [ 33.742817, 38.63099 ], [ 33.711025, 38.62157 ], [ 33.629487, 38.615094 ], [ 33.598873, 38.597432 ], [ 33.590042, 38.550629 ], [ 33.584449, 38.544741 ], [ 33.568259, 38.531789 ], [ 33.558545, 38.516188 ], [ 33.550008, 38.497054 ], [ 33.541472, 38.484397 ], [ 33.53058, 38.487635 ], [ 33.517039, 38.498232 ], [ 33.508209, 38.514127 ], [ 33.497906, 38.528846 ], [ 33.479066, 38.535322 ], [ 33.462582, 38.538854 ], [ 33.420782, 38.563286 ], [ 33.354845, 38.582714 ], [ 33.296561, 38.638349 ], [ 33.264769, 38.657777 ], [ 33.187352, 38.688097 ], [ 33.153205, 38.70723 ], [ 33.138487, 38.738139 ], [ 33.146729, 38.77935 ], [ 33.20207, 38.904749 ], [ 33.219437, 38.92035 ], [ 33.245636, 38.926532 ], [ 33.298916, 38.929475 ], [ 33.322465, 38.938306 ], [ 33.332473, 38.95744 ], [ 33.334534, 38.983933 ], [ 33.332473, 38.995413 ], [ 33.326291, 39.009542 ], [ 33.309218, 39.036035 ], [ 33.30392, 39.049281 ], [ 33.305097, 39.061056 ], [ 33.317461, 39.079307 ], [ 33.317755, 39.090787 ], [ 33.309807, 39.102856 ], [ 33.289202, 39.117868 ], [ 33.28302, 39.131703 ], [ 33.32482, 39.150837 ], [ 33.338066, 39.152309 ], [ 33.345131, 39.14701 ], [ 33.366031, 39.118163 ], [ 33.442271, 39.044866 ], [ 33.468469, 38.992764 ], [ 33.47259, 38.980989 ], [ 33.459933, 38.977751 ], [ 33.444331, 38.963621 ], [ 33.430791, 38.960383 ] ] ] } },
{ "type": "Feature", "properties": { "name": "Lake Van" }, "geometry": { "type": "Polygon", "coordinates": [ [ [ 43.131266, 38.316903 ], [ 43.104185, 38.314254 ], [ 43.019113, 38.316609 ], [ 43.000863, 38.326912 ], [ 42.994387, 38.335448 ], [ 42.97908, 38.336626 ], [ 42.960535, 38.335448 ], [ 42.945522, 38.336626 ], [ 42.93522, 38.343985 ], [ 42.936986, 38.351638 ], [ 42.945228, 38.360764 ], [ 42.953176, 38.371655 ], [ 42.953176, 38.377542 ], [ 42.943168, 38.385196 ], [ 42.936103, 38.392849 ], [ 42.928449, 38.396382 ], [ 42.918441, 38.391966 ], [ 42.91432, 38.398442 ], [ 42.911376, 38.40168 ], [ 42.906961, 38.403741 ], [ 42.897835, 38.405801 ], [ 42.9049, 38.432883 ], [ 42.911671, 38.432883 ], [ 42.914614, 38.428762 ], [ 42.920796, 38.423463 ], [ 42.925211, 38.418753 ], [ 42.924328, 38.427879 ], [ 42.926977, 38.430528 ], [ 42.932276, 38.431117 ], [ 42.939046, 38.432883 ], [ 42.928449, 38.447601 ], [ 42.925211, 38.453488 ], [ 42.910787, 38.446718 ], [ 42.897835, 38.447601 ], [ 42.884883, 38.451134 ], [ 42.870165, 38.453488 ], [ 42.877524, 38.460848 ], [ 42.871048, 38.467618 ], [ 42.872226, 38.471739 ], [ 42.879291, 38.473505 ], [ 42.891065, 38.474094 ], [ 42.884589, 38.476743 ], [ 42.878996, 38.480864 ], [ 42.873992, 38.486752 ], [ 42.870165, 38.494405 ], [ 42.879879, 38.500587 ], [ 42.876347, 38.505885 ], [ 42.868399, 38.504708 ], [ 42.856624, 38.4738 ], [ 42.839257, 38.469678 ], [ 42.818946, 38.474094 ], [ 42.801873, 38.481453 ], [ 42.798046, 38.456432 ], [ 42.791276, 38.446718 ], [ 42.773908, 38.440242 ], [ 42.764488, 38.444069 ], [ 42.691781, 38.43877 ], [ 42.687071, 38.442303 ], [ 42.663227, 38.472328 ], [ 42.651747, 38.478804 ], [ 42.598761, 38.485574 ], [ 42.583749, 38.493522 ], [ 42.575801, 38.507946 ], [ 42.567265, 38.502647 ], [ 42.550191, 38.497643 ], [ 42.541655, 38.494405 ], [ 42.536651, 38.489695 ], [ 42.533118, 38.484102 ], [ 42.528703, 38.478215 ], [ 42.520755, 38.474094 ], [ 42.501327, 38.47115 ], [ 42.486314, 38.475271 ], [ 42.474834, 38.484102 ], [ 42.466003, 38.494405 ], [ 42.468653, 38.494994 ], [ 42.470124, 38.501175 ], [ 42.46983, 38.508829 ], [ 42.466003, 38.515011 ], [ 42.457172, 38.516777 ], [ 42.448636, 38.514127 ], [ 42.438627, 38.507946 ], [ 42.40978, 38.496171 ], [ 42.39565, 38.495877 ], [ 42.38417, 38.507946 ], [ 42.369746, 38.497643 ], [ 42.349729, 38.490873 ], [ 42.327946, 38.48734 ], [ 42.308224, 38.487635 ], [ 42.299688, 38.507651 ], [ 42.309696, 38.517954 ], [ 42.349729, 38.528551 ], [ 42.361798, 38.537971 ], [ 42.37946, 38.566524 ], [ 42.39094, 38.577121 ], [ 42.409485, 38.578888 ], [ 42.420082, 38.581242 ], [ 42.425087, 38.586835 ], [ 42.42126, 38.591545 ], [ 42.413606, 38.59861 ], [ 42.408014, 38.607441 ], [ 42.410663, 38.618038 ], [ 42.423909, 38.622748 ], [ 42.493968, 38.624808 ], [ 42.488669, 38.630401 ], [ 42.482193, 38.633934 ], [ 42.476012, 38.636289 ], [ 42.472774, 38.638349 ], [ 42.466003, 38.658955 ], [ 42.457172, 38.67014 ], [ 42.44422, 38.692218 ], [ 42.435389, 38.703698 ], [ 42.438333, 38.720771 ], [ 42.467769, 38.736667 ], [ 42.600822, 38.778466 ], [ 42.620544, 38.781704 ], [ 42.647626, 38.782882 ], [ 42.709148, 38.793185 ], [ 42.733286, 38.803487 ], [ 42.747415, 38.799661 ], [ 42.801873, 38.792596 ], [ 42.809821, 38.785531 ], [ 42.828366, 38.784648 ], [ 42.89813, 38.795834 ], [ 42.91638, 38.796717 ], [ 42.928744, 38.792596 ], [ 42.941696, 38.785237 ], [ 42.956414, 38.784354 ], [ 43.09241, 38.804076 ], [ 43.123907, 38.816439 ], [ 43.162174, 38.841166 ], [ 43.175715, 38.844404 ], [ 43.183663, 38.850586 ], [ 43.195143, 38.880611 ], [ 43.206918, 38.891797 ], [ 43.193966, 38.897684 ], [ 43.177776, 38.900333 ], [ 43.145101, 38.899156 ], [ 43.145396, 38.900628 ], [ 43.144513, 38.903571 ], [ 43.142158, 38.905926 ], [ 43.137448, 38.905926 ], [ 43.133327, 38.902688 ], [ 43.131266, 38.893563 ], [ 43.123907, 38.889736 ], [ 43.110072, 38.877962 ], [ 43.143924, 38.880316 ], [ 43.147751, 38.865304 ], [ 43.1295, 38.851763 ], [ 43.09712, 38.858239 ], [ 43.088289, 38.866776 ], [ 43.079164, 38.879728 ], [ 43.072099, 38.892974 ], [ 43.069155, 38.902688 ], [ 43.065917, 38.925648 ], [ 43.072099, 38.930947 ], [ 43.110661, 38.933891 ], [ 43.120963, 38.937423 ], [ 43.130677, 38.942133 ], [ 43.145101, 38.946843 ], [ 43.16188, 38.94802 ], [ 43.203385, 38.940072 ], [ 43.219575, 38.942722 ], [ 43.231644, 38.948903 ], [ 43.242241, 38.955674 ], [ 43.25431, 38.960383 ], [ 43.271089, 38.962444 ], [ 43.287574, 38.960972 ], [ 43.315538, 38.954202 ], [ 43.313478, 38.960972 ], [ 43.310828, 38.974513 ], [ 43.308768, 38.980989 ], [ 43.315538, 38.980989 ], [ 43.319659, 38.972747 ], [ 43.327313, 38.968331 ], [ 43.337615, 38.966565 ], [ 43.350567, 38.967448 ], [ 43.351156, 38.977751 ], [ 43.353511, 38.984816 ], [ 43.359987, 38.987759 ], [ 43.373528, 38.987171 ], [ 43.37706, 38.987759 ], [ 43.383831, 38.991292 ], [ 43.388246, 38.995707 ], [ 43.392956, 38.999828 ], [ 43.401492, 39.001594 ], [ 43.40473, 39.000417 ], [ 43.407674, 38.998356 ], [ 43.41209, 38.996002 ], [ 43.477733, 38.993058 ], [ 43.542199, 38.980989 ], [ 43.578994, 38.982461 ], [ 43.59018, 38.980989 ], [ 43.596656, 38.977457 ], [ 43.61314, 38.965093 ], [ 43.62462, 38.960383 ], [ 43.632274, 38.963916 ], [ 43.641399, 38.959795 ], [ 43.659061, 38.946843 ], [ 43.65494, 38.945665 ], [ 43.651408, 38.945077 ], [ 43.64817, 38.943899 ], [ 43.644637, 38.940072 ], [ 43.659061, 38.932713 ], [ 43.640516, 38.930947 ], [ 43.59695, 38.919761 ], [ 43.547497, 38.917995 ], [ 43.534839, 38.913285 ], [ 43.531307, 38.908281 ], [ 43.521299, 38.885321 ], [ 43.501282, 38.871191 ], [ 43.484503, 38.868247 ], [ 43.469785, 38.868836 ], [ 43.457127, 38.86707 ], [ 43.44653, 38.858239 ], [ 43.428868, 38.858828 ], [ 43.412678, 38.850291 ], [ 43.399432, 38.837045 ], [ 43.390012, 38.822621 ], [ 43.384419, 38.822621 ], [ 43.369701, 38.840872 ], [ 43.339087, 38.845876 ], [ 43.308768, 38.835573 ], [ 43.295227, 38.806725 ], [ 43.296699, 38.787297 ], [ 43.291989, 38.779055 ], [ 43.27786, 38.775523 ], [ 43.261375, 38.774051 ], [ 43.244596, 38.76993 ], [ 43.229878, 38.763454 ], [ 43.219575, 38.754917 ], [ 43.216337, 38.750502 ], [ 43.214277, 38.745792 ], [ 43.213688, 38.739905 ], [ 43.213099, 38.731074 ], [ 43.211039, 38.720771 ], [ 43.205446, 38.715767 ], [ 43.19897, 38.712235 ], [ 43.192788, 38.70723 ], [ 43.176304, 38.685742 ], [ 43.16865, 38.671612 ], [ 43.165412, 38.655717 ], [ 43.155993, 38.637466 ], [ 43.133032, 38.624808 ], [ 43.08299, 38.611856 ], [ 43.08299, 38.604203 ], [ 43.089761, 38.604203 ], [ 43.100652, 38.613328 ], [ 43.123907, 38.61951 ], [ 43.175715, 38.624808 ], [ 43.190728, 38.620687 ], [ 43.200147, 38.611268 ], [ 43.216632, 38.586835 ], [ 43.226935, 38.580654 ], [ 43.242536, 38.575061 ], [ 43.258726, 38.57094 ], [ 43.271089, 38.569468 ], [ 43.316127, 38.542386 ], [ 43.325252, 38.486457 ], [ 43.306413, 38.439653 ], [ 43.267262, 38.440242 ], [ 43.22664, 38.418165 ], [ 43.219575, 38.415515 ], [ 43.213099, 38.408156 ], [ 43.184252, 38.389023 ], [ 43.175715, 38.385196 ], [ 43.162469, 38.382841 ], [ 43.153344, 38.376071 ], [ 43.147456, 38.365474 ], [ 43.145101, 38.35105 ], [ 43.148045, 38.335154 ], [ 43.153049, 38.326617 ], [ 43.150694, 38.322202 ], [ 43.131266, 38.316903 ] ] ] } },
{ "type": "Feature", "properties": { "name": "Lake Abaya" }, "geometry": { "type": "Polygon", "coordinates": [ [ [ 37.999911, 6.616536 ], [ 38.005798, 6.618008 ], [ 38.011097, 6.622129 ], [ 38.024343, 6.585039 ], [ 38.055546, 6.561196 ], [ 38.074385, 6.55472 ], [ 38.091752, 6.55943 ], [ 38.110297, 6.586805 ], [ 38.138851, 6.594459 ], [ 38.150036, 6.550304 ], [ 38.136201, 6.511154 ], [ 38.108531, 6.487016 ], [ 38.122366, 6.449926 ], [ 38.106765, 6.451104 ], [ 38.094402, 6.449926 ], [ 38.091458, 6.430204 ], [ 38.083216, 6.400179 ], [ 38.036118, 6.370448 ], [ 38.00727, 6.315107 ], [ 38.005504, 6.285377 ], [ 38.002854, 6.255646 ], [ 37.972535, 6.230919 ], [ 37.938683, 6.216495 ], [ 37.925437, 6.19589 ], [ 37.914251, 6.175284 ], [ 37.88452, 6.144965 ], [ 37.862737, 6.109936 ], [ 37.859205, 6.078439 ], [ 37.850079, 6.049885 ], [ 37.836539, 6.059011 ], [ 37.833301, 6.089036 ], [ 37.820054, 6.07108 ], [ 37.813873, 6.044292 ], [ 37.785319, 6.034284 ], [ 37.749996, 6.022215 ], [ 37.739987, 6.008969 ], [ 37.727918, 5.999843 ], [ 37.716732, 6.005436 ], [ 37.705547, 6.011029 ], [ 37.685235, 6.010146 ], [ 37.68082, 6.026631 ], [ 37.693183, 6.058716 ], [ 37.694361, 6.09404 ], [ 37.707313, 6.117 ], [ 37.732039, 6.130541 ], [ 37.744108, 6.137311 ], [ 37.755589, 6.144376 ], [ 37.757649, 6.157623 ], [ 37.767363, 6.167631 ], [ 37.804159, 6.177934 ], [ 37.827708, 6.200011 ], [ 37.827708, 6.194418 ], [ 37.827708, 6.188825 ], [ 37.849785, 6.183527 ], [ 37.844486, 6.144376 ], [ 37.875689, 6.198539 ], [ 37.87775, 6.261239 ], [ 37.896589, 6.275663 ], [ 37.883343, 6.305688 ], [ 37.886581, 6.345721 ], [ 37.873334, 6.381928 ], [ 37.8542, 6.447277 ], [ 37.872157, 6.511154 ], [ 37.906597, 6.515569 ], [ 37.936034, 6.552659 ], [ 37.949869, 6.573265 ], [ 37.963998, 6.593281 ], [ 37.980777, 6.605939 ], [ 37.999911, 6.616536 ] ] ] } },
{ "type": "Feature", "properties": { "name": "Dead Sea" }, "geometry": { "type": "Polygon", "coordinates": [ [ [ 35.511062, 31.199473 ], [ 35.526369, 31.188876 ], [ 35.531079, 31.169742 ], [ 35.527546, 31.163561 ], [ 35.507235, 31.144722 ], [ 35.503703, 31.139129 ], [ 35.505763, 31.135302 ], [ 35.50959, 31.131769 ], [ 35.512239, 31.122644 ], [ 35.516655, 31.116463 ], [ 35.517832, 31.110281 ], [ 35.510473, 31.103805 ], [ 35.485452, 31.088498 ], [ 35.476327, 31.086437 ], [ 35.459254, 31.087321 ], [ 35.415982, 31.093797 ], [ 35.400675, 31.100861 ], [ 35.393022, 31.112636 ], [ 35.388312, 31.141778 ], [ 35.363586, 31.17563 ], [ 35.358581, 31.210365 ], [ 35.369767, 31.235386 ], [ 35.400675, 31.230381 ], [ 35.405091, 31.235974 ], [ 35.421281, 31.251576 ], [ 35.461314, 31.219196 ], [ 35.475738, 31.210659 ], [ 35.511062, 31.199473 ] ] ] } },
{ "type": "Feature", "properties": { "name": "Lake Hammar" }, "geometry": { "type": "MultiPolygon", "coordinates": [ [ [ [ 46.705435, 30.750568 ], [ 46.731928, 30.757633 ], [ 46.748707, 30.758221 ], [ 46.769901, 30.750568 ], [ 46.769901, 30.743798 ], [ 46.756066, 30.743798 ], [ 46.758127, 30.739382 ], [ 46.760482, 30.728491 ], [ 46.762248, 30.724075 ], [ 46.743408, 30.727019 ], [ 46.724275, 30.732612 ], [ 46.687185, 30.750568 ], [ 46.705435, 30.750568 ] ] ], [ [ [ 47.603246, 30.712006 ], [ 47.62444, 30.704647 ], [ 47.633271, 30.68257 ], [ 47.567039, 30.664025 ], [ 47.540841, 30.661964 ], [ 47.538192, 30.664025 ], [ 47.530538, 30.673739 ], [ 47.530244, 30.676094 ], [ 47.522885, 30.673445 ], [ 47.518764, 30.668735 ], [ 47.517292, 30.664025 ], [ 47.516997, 30.661964 ], [ 47.490505, 30.662553 ], [ 47.479907, 30.659315 ], [ 47.475492, 30.648129 ], [ 47.468722, 30.648129 ], [ 47.461363, 30.652839 ], [ 47.451943, 30.651662 ], [ 47.440757, 30.648718 ], [ 47.427805, 30.648129 ], [ 47.412498, 30.651956 ], [ 47.404256, 30.657843 ], [ 47.400723, 30.66844 ], [ 47.39984, 30.685808 ], [ 47.388949, 30.700232 ], [ 47.362456, 30.704353 ], [ 47.190842, 30.709651 ], [ 47.165821, 30.715244 ], [ 47.1199, 30.736733 ], [ 47.091936, 30.737616 ], [ 47.091936, 30.743798 ], [ 47.099, 30.748213 ], [ 47.104888, 30.755278 ], [ 47.105182, 30.761459 ], [ 47.095468, 30.764403 ], [ 47.084282, 30.762343 ], [ 47.068092, 30.752923 ], [ 47.031885, 30.748213 ], [ 47.005392, 30.741737 ], [ 46.99038, 30.732906 ], [ 47.002743, 30.724075 ], [ 46.993912, 30.719954 ], [ 46.985081, 30.71966 ], [ 46.976839, 30.723486 ], [ 46.968303, 30.730257 ], [ 46.973012, 30.736733 ], [ 46.978017, 30.746741 ], [ 46.982138, 30.750568 ], [ 46.970363, 30.755867 ], [ 46.946225, 30.755278 ], [ 46.934451, 30.758221 ], [ 46.925031, 30.766169 ], [ 46.934156, 30.779416 ], [ 46.926797, 30.792368 ], [ 46.908252, 30.797372 ], [ 46.883231, 30.791779 ], [ 46.859388, 30.779121 ], [ 46.844964, 30.764403 ], [ 46.87234, 30.758221 ], [ 46.906486, 30.743798 ], [ 46.910018, 30.729374 ], [ 46.898244, 30.721426 ], [ 46.858505, 30.709651 ], [ 46.848202, 30.714656 ], [ 46.82848, 30.71495 ], [ 46.817588, 30.717305 ], [ 46.808463, 30.722898 ], [ 46.798749, 30.736733 ], [ 46.790212, 30.743798 ], [ 46.803164, 30.754689 ], [ 46.819943, 30.765875 ], [ 46.837605, 30.774706 ], [ 46.851734, 30.778533 ], [ 46.851734, 30.784714 ], [ 46.823475, 30.792073 ], [ 46.809935, 30.791485 ], [ 46.796688, 30.784714 ], [ 46.789329, 30.791779 ], [ 46.782853, 30.799138 ], [ 46.789918, 30.80532 ], [ 46.798749, 30.815034 ], [ 46.804047, 30.819449 ], [ 46.804047, 30.827103 ], [ 46.779321, 30.825042 ], [ 46.716033, 30.810324 ], [ 46.70779, 30.819449 ], [ 46.697193, 30.819155 ], [ 46.69425, 30.819449 ], [ 46.69425, 30.827103 ], [ 46.706319, 30.832107 ], [ 46.72398, 30.844176 ], [ 46.735166, 30.846825 ], [ 46.72663, 30.864193 ], [ 46.691306, 30.875967 ], [ 46.680414, 30.888625 ], [ 46.72663, 30.890097 ], [ 46.749001, 30.895689 ], [ 46.762248, 30.908936 ], [ 46.774905, 30.904226 ], [ 46.780793, 30.911585 ], [ 46.785797, 30.922182 ], [ 46.796688, 30.928953 ], [ 46.796688, 30.922477 ], [ 46.789918, 30.908053 ], [ 46.795216, 30.897161 ], [ 46.804342, 30.895395 ], [ 46.810818, 30.908936 ], [ 46.806991, 30.924243 ], [ 46.817294, 30.932779 ], [ 46.831129, 30.932191 ], [ 46.838194, 30.918944 ], [ 46.845258, 30.911291 ], [ 46.862626, 30.910408 ], [ 46.900304, 30.915118 ], [ 46.894417, 30.905698 ], [ 46.892945, 30.896573 ], [ 46.895006, 30.88833 ], [ 46.900304, 30.88156 ], [ 46.905603, 30.895689 ], [ 46.906486, 30.902165 ], [ 46.922971, 30.894806 ], [ 46.948875, 30.878911 ], [ 46.968303, 30.874201 ], [ 46.968303, 30.868019 ], [ 46.961532, 30.868019 ], [ 46.961532, 30.86066 ], [ 46.980372, 30.857422 ], [ 46.996562, 30.845353 ], [ 47.012457, 30.830929 ], [ 47.030413, 30.819449 ], [ 47.028353, 30.814739 ], [ 47.02747, 30.814739 ], [ 47.023643, 30.812679 ], [ 47.04366, 30.807086 ], [ 47.06191, 30.817389 ], [ 47.077217, 30.832401 ], [ 47.088698, 30.840055 ], [ 47.11313, 30.837111 ], [ 47.122255, 30.830635 ], [ 47.11519, 30.825925 ], [ 47.091936, 30.827103 ], [ 47.091936, 30.819449 ], [ 47.099295, 30.817977 ], [ 47.104593, 30.816211 ], [ 47.111952, 30.812679 ], [ 47.123727, 30.81886 ], [ 47.13609, 30.819155 ], [ 47.146687, 30.814445 ], [ 47.153458, 30.805908 ], [ 47.173769, 30.816506 ], [ 47.192314, 30.809441 ], [ 47.22175, 30.778533 ], [ 47.205854, 30.773528 ], [ 47.202322, 30.764403 ], [ 47.207621, 30.757633 ], [ 47.218218, 30.761165 ], [ 47.228226, 30.762637 ], [ 47.241178, 30.757338 ], [ 47.255602, 30.753217 ], [ 47.269437, 30.758221 ], [ 47.27974, 30.752629 ], [ 47.295636, 30.74733 ], [ 47.31212, 30.744092 ], [ 47.324189, 30.743798 ], [ 47.340673, 30.749979 ], [ 47.350387, 30.759105 ], [ 47.378646, 30.792662 ], [ 47.393953, 30.815328 ], [ 47.403667, 30.819449 ], [ 47.455181, 30.819449 ], [ 47.503457, 30.812679 ], [ 47.514054, 30.804731 ], [ 47.514642, 30.799138 ], [ 47.492859, 30.781771 ], [ 47.482557, 30.775883 ], [ 47.448705, 30.761165 ], [ 47.437519, 30.758221 ], [ 47.379529, 30.758221 ], [ 47.398074, 30.734378 ], [ 47.426628, 30.730257 ], [ 47.489327, 30.743798 ], [ 47.498452, 30.744681 ], [ 47.52053, 30.743798 ], [ 47.528478, 30.741737 ], [ 47.532304, 30.732317 ], [ 47.540841, 30.730257 ], [ 47.56645, 30.734967 ], [ 47.582052, 30.735555 ], [ 47.599125, 30.730257 ], [ 47.599125, 30.724075 ], [ 47.592649, 30.725841 ], [ 47.578519, 30.728196 ], [ 47.571749, 30.730257 ], [ 47.581757, 30.716716 ], [ 47.603246, 30.712006 ] ] ] ] } },
{ "type": "Feature", "properties": { "name": "Lake Assal" }, "geometry": { "type": "Polygon", "coordinates": [ [ [ 42.422143, 11.711096 ], [ 42.44893, 11.674595 ], [ 42.438922, 11.655461 ], [ 42.411252, 11.624553 ], [ 42.400066, 11.650163 ], [ 42.384464, 11.692257 ], [ 42.422143, 11.711096 ] ] ] } },
{ "type": "Feature", "properties": { "name": "Tengiz Köli" }, "geometry": { "type": "Polygon", "coordinates": [ [ [ 69.61609, 50.630155 ], [ 69.64376, 50.631038 ], [ 69.646998, 50.624562 ], [ 69.633457, 50.614554 ], [ 69.539849, 50.578347 ], [ 69.516889, 50.575403 ], [ 69.49805, 50.578936 ], [ 69.453012, 50.592182 ], [ 69.441532, 50.592771 ], [ 69.420926, 50.577758 ], [ 69.403559, 50.57452 ], [ 69.370296, 50.583057 ], [ 69.34498, 50.582762 ], [ 69.320548, 50.577464 ], [ 69.296705, 50.574814 ], [ 69.274333, 50.583057 ], [ 69.289346, 50.591888 ], [ 69.362054, 50.609549 ], [ 69.372356, 50.614259 ], [ 69.376477, 50.620441 ], [ 69.380893, 50.624268 ], [ 69.411212, 50.623973 ], [ 69.46302, 50.644873 ], [ 69.472146, 50.651938 ], [ 69.467436, 50.661946 ], [ 69.452129, 50.668422 ], [ 69.43329, 50.671366 ], [ 69.346452, 50.672249 ], [ 69.337916, 50.669011 ], [ 69.336444, 50.661358 ], [ 69.337327, 50.652232 ], [ 69.33615, 50.644284 ], [ 69.328496, 50.631921 ], [ 69.318488, 50.620441 ], [ 69.303769, 50.613376 ], [ 69.213694, 50.591593 ], [ 69.205157, 50.57923 ], [ 69.203391, 50.563334 ], [ 69.198387, 50.548027 ], [ 69.205746, 50.541846 ], [ 69.192794, 50.52595 ], [ 69.158354, 50.506816 ], [ 69.14393, 50.49357 ], [ 69.135982, 50.466194 ], [ 69.130683, 50.459424 ], [ 69.118614, 50.455891 ], [ 69.088295, 50.455597 ], [ 69.075343, 50.452653 ], [ 69.077698, 50.439407 ], [ 69.070633, 50.427632 ], [ 69.057387, 50.419979 ], [ 69.040902, 50.419096 ], [ 69.049733, 50.444706 ], [ 69.030011, 50.444117 ], [ 69.011172, 50.423217 ], [ 69.023829, 50.387305 ], [ 69.032071, 50.379945 ], [ 69.033543, 50.375824 ], [ 69.033838, 50.367288 ], [ 69.038253, 50.363461 ], [ 69.060036, 50.364638 ], [ 69.068278, 50.363755 ], [ 69.078875, 50.355808 ], [ 69.091239, 50.342267 ], [ 69.100658, 50.326077 ], [ 69.102719, 50.309298 ], [ 69.112433, 50.31754 ], [ 69.123913, 50.331081 ], [ 69.133038, 50.346682 ], [ 69.136865, 50.360223 ], [ 69.144813, 50.367876 ], [ 69.162475, 50.368465 ], [ 69.198387, 50.363755 ], [ 69.231356, 50.364638 ], [ 69.248429, 50.361989 ], [ 69.26403, 50.353158 ], [ 69.270801, 50.338734 ], [ 69.261675, 50.319895 ], [ 69.274333, 50.31548 ], [ 69.271684, 50.301056 ], [ 69.280809, 50.286926 ], [ 69.286402, 50.271619 ], [ 69.274333, 50.253958 ], [ 69.254905, 50.247482 ], [ 69.178076, 50.246598 ], [ 69.180431, 50.250425 ], [ 69.185435, 50.260728 ], [ 69.171306, 50.267498 ], [ 69.158942, 50.265438 ], [ 69.126268, 50.270442 ], [ 69.116554, 50.267498 ], [ 69.115965, 50.256312 ], [ 69.124796, 50.244832 ], [ 69.14393, 50.225993 ], [ 69.079464, 50.202444 ], [ 69.033249, 50.196262 ], [ 68.991449, 50.182133 ], [ 68.968783, 50.178895 ], [ 68.949355, 50.180955 ], [ 68.896958, 50.199206 ], [ 68.877236, 50.201561 ], [ 68.830432, 50.201266 ], [ 68.814831, 50.205682 ], [ 68.817774, 50.209509 ], [ 68.821601, 50.219811 ], [ 68.806294, 50.221872 ], [ 68.75949, 50.219811 ], [ 68.764789, 50.229231 ], [ 68.766849, 50.232763 ], [ 68.749187, 50.246304 ], [ 68.746538, 50.250131 ], [ 68.742711, 50.2622 ], [ 68.734175, 50.264849 ], [ 68.71563, 50.260728 ], [ 68.706505, 50.255429 ], [ 68.684133, 50.24601 ], [ 68.661467, 50.2413 ], [ 68.65087, 50.250131 ], [ 68.659112, 50.258667 ], [ 68.711803, 50.281333 ], [ 68.72505, 50.298701 ], [ 68.72711, 50.31283 ], [ 68.726816, 50.32696 ], [ 68.732997, 50.342856 ], [ 68.732997, 50.351686 ], [ 68.738002, 50.38495 ], [ 68.747421, 50.417918 ], [ 68.75949, 50.445883 ], [ 68.774797, 50.47267 ], [ 68.773914, 50.483562 ], [ 68.763317, 50.497397 ], [ 68.762139, 50.507994 ], [ 68.769204, 50.523595 ], [ 68.779213, 50.538608 ], [ 68.787455, 50.548027 ], [ 68.816891, 50.564806 ], [ 68.854275, 50.573637 ], [ 68.894015, 50.576581 ], [ 68.93081, 50.575403 ], [ 69.001163, 50.557741 ], [ 69.037076, 50.555975 ], [ 69.048261, 50.575403 ], [ 69.095948, 50.562451 ], [ 69.126857, 50.562451 ], [ 69.135393, 50.560391 ], [ 69.140986, 50.555386 ], [ 69.141575, 50.550382 ], [ 69.133921, 50.548027 ], [ 69.120675, 50.538019 ], [ 69.106251, 50.515059 ], [ 69.088589, 50.473553 ], [ 69.101541, 50.476497 ], [ 69.109195, 50.482973 ], [ 69.122736, 50.500929 ], [ 69.153349, 50.523301 ], [ 69.161592, 50.531249 ], [ 69.172777, 50.553915 ], [ 69.166301, 50.580407 ], [ 69.178076, 50.596597 ], [ 69.19927, 50.610727 ], [ 69.223702, 50.621324 ], [ 69.250195, 50.6278 ], [ 69.277571, 50.630155 ], [ 69.293172, 50.637808 ], [ 69.287874, 50.656942 ], [ 69.276099, 50.679608 ], [ 69.274333, 50.699036 ], [ 69.308479, 50.716109 ], [ 69.369707, 50.718464 ], [ 69.571641, 50.692854 ], [ 69.613146, 50.675487 ], [ 69.617856, 50.663712 ], [ 69.607553, 50.660474 ], [ 69.593718, 50.661946 ], [ 69.589597, 50.66489 ], [ 69.528075, 50.6069 ], [ 69.500405, 50.602779 ], [ 69.49334, 50.596597 ], [ 69.497755, 50.589533 ], [ 69.510119, 50.590416 ], [ 69.552507, 50.601307 ], [ 69.593424, 50.62309 ], [ 69.61609, 50.630155 ] ] ] } },
{ "type": "Feature", "properties": { "name": "Qusmuryn Köli" }, "geometry": { "type": "Polygon", "coordinates": [ [ [ 64.957483, 52.939736 ], [ 64.977206, 52.933554 ], [ 64.997811, 52.915304 ], [ 64.981032, 52.886456 ], [ 64.936289, 52.837297 ], [ 64.937172, 52.825523 ], [ 64.950418, 52.775186 ], [ 64.954245, 52.76665 ], [ 64.959249, 52.759879 ], [ 64.963076, 52.75252 ], [ 64.96337, 52.74104 ], [ 64.959249, 52.73162 ], [ 64.936289, 52.706894 ], [ 64.918921, 52.683639 ], [ 64.908619, 52.674514 ], [ 64.895078, 52.665977 ], [ 64.837971, 52.647727 ], [ 64.820015, 52.63919 ], [ 64.810595, 52.628593 ], [ 64.802353, 52.614463 ], [ 64.792345, 52.6021 ], [ 64.77851, 52.597685 ], [ 64.762908, 52.606221 ], [ 64.749073, 52.621234 ], [ 64.732589, 52.631242 ], [ 64.710217, 52.625061 ], [ 64.715221, 52.616818 ], [ 64.721109, 52.610931 ], [ 64.728468, 52.606516 ], [ 64.737299, 52.603866 ], [ 64.726702, 52.601806 ], [ 64.716988, 52.597979 ], [ 64.70904, 52.592386 ], [ 64.702858, 52.584144 ], [ 64.714338, 52.581495 ], [ 64.724052, 52.577962 ], [ 64.732, 52.572075 ], [ 64.737299, 52.56295 ], [ 64.71581, 52.560595 ], [ 64.666651, 52.570015 ], [ 64.651639, 52.566777 ], [ 64.611605, 52.52792 ], [ 64.600419, 52.522033 ], [ 64.588056, 52.524977 ], [ 64.580403, 52.531453 ], [ 64.574221, 52.538518 ], [ 64.566273, 52.542344 ], [ 64.554499, 52.543522 ], [ 64.550083, 52.540872 ], [ 64.548023, 52.53528 ], [ 64.541841, 52.525566 ], [ 64.524179, 52.51644 ], [ 64.498864, 52.512614 ], [ 64.475315, 52.51644 ], [ 64.463246, 52.529392 ], [ 64.480908, 52.534102 ], [ 64.502102, 52.552647 ], [ 64.517703, 52.556768 ], [ 64.537426, 52.558534 ], [ 64.555087, 52.56501 ], [ 64.568039, 52.576785 ], [ 64.573044, 52.594447 ], [ 64.575104, 52.607399 ], [ 64.580697, 52.623589 ], [ 64.589234, 52.639779 ], [ 64.600419, 52.652436 ], [ 64.617787, 52.660384 ], [ 64.658409, 52.666272 ], [ 64.676071, 52.672748 ], [ 64.679898, 52.677163 ], [ 64.693144, 52.696885 ], [ 64.701386, 52.703361 ], [ 64.719343, 52.711604 ], [ 64.740831, 52.727205 ], [ 64.774389, 52.741334 ], [ 64.789107, 52.751637 ], [ 64.797349, 52.764884 ], [ 64.806769, 52.796675 ], [ 64.812656, 52.809333 ], [ 64.824431, 52.822579 ], [ 64.839737, 52.832587 ], [ 64.858871, 52.837886 ], [ 64.882126, 52.837297 ], [ 64.877416, 52.847011 ], [ 64.874767, 52.850838 ], [ 64.890957, 52.862612 ], [ 64.905381, 52.869383 ], [ 64.918038, 52.877331 ], [ 64.929813, 52.892638 ], [ 64.945414, 52.929433 ], [ 64.957483, 52.939736 ] ] ] } },
{ "type": "Feature", "properties": { "name": "Chew Bahir" }, "geometry": { "type": "Polygon", "coordinates": [ [ [ 36.983766, 4.886853 ], [ 36.983766, 4.886853 ], [ 36.991419, 4.869485 ], [ 37.001428, 4.806491 ], [ 36.992008, 4.711117 ], [ 36.984354, 4.674027 ], [ 36.977584, 4.656071 ], [ 36.968459, 4.639587 ], [ 36.932841, 4.600731 ], [ 36.925187, 4.589839 ], [ 36.914001, 4.569822 ], [ 36.904876, 4.561286 ], [ 36.881327, 4.552749 ], [ 36.823632, 4.549217 ], [ 36.79655, 4.541564 ], [ 36.780655, 4.532438 ], [ 36.768291, 4.52243 ], [ 36.758283, 4.510361 ], [ 36.740621, 4.478864 ], [ 36.732379, 4.476215 ], [ 36.725903, 4.484751 ], [ 36.720604, 4.502413 ], [ 36.717661, 4.523019 ], [ 36.719427, 4.539209 ], [ 36.737089, 4.590722 ], [ 36.747686, 4.65666 ], [ 36.753867, 4.676088 ], [ 36.790074, 4.76322 ], [ 36.793018, 4.784708 ], [ 36.792429, 4.809141 ], [ 36.794195, 4.820915 ], [ 36.800083, 4.830923 ], [ 36.810091, 4.825036 ], [ 36.828342, 4.809435 ], [ 36.872202, 4.783236 ], [ 36.881033, 4.780293 ], [ 36.89634, 4.788829 ], [ 36.905465, 4.805314 ], [ 36.912824, 4.823859 ], [ 36.923127, 4.838577 ], [ 36.93078, 4.842698 ], [ 36.948148, 4.84888 ], [ 36.955212, 4.855356 ], [ 36.958156, 4.865364 ], [ 36.95845, 4.875667 ], [ 36.960805, 4.884792 ], [ 36.969931, 4.891268 ], [ 36.983766, 4.886853 ] ] ] } },
{ "type": "Feature", "properties": { "name": "Lake Chamo" }, "geometry": { "type": "Polygon", "coordinates": [ [ [ 37.699954, 5.955689 ], [ 37.726446, 5.940676 ], [ 37.72939, 5.905647 ], [ 37.723503, 5.854133 ], [ 37.714966, 5.806741 ], [ 37.704958, 5.784075 ], [ 37.683469, 5.777893 ], [ 37.660215, 5.767001 ], [ 37.637843, 5.746985 ], [ 37.596926, 5.717548 ], [ 37.555421, 5.705479 ], [ 37.557187, 5.726674 ], [ 37.556598, 5.748751 ], [ 37.548651, 5.767001 ], [ 37.547179, 5.782014 ], [ 37.563074, 5.817043 ], [ 37.594571, 5.855605 ], [ 37.598692, 5.864436 ], [ 37.605757, 5.872089 ], [ 37.602814, 5.879743 ], [ 37.59987, 5.888868 ], [ 37.608112, 5.894461 ], [ 37.616649, 5.900054 ], [ 37.615177, 5.910357 ], [ 37.611056, 5.916538 ], [ 37.633722, 5.932728 ], [ 37.658448, 5.935966 ], [ 37.673461, 5.949507 ], [ 37.688768, 5.96658 ], [ 37.694361, 5.960987 ], [ 37.699954, 5.955689 ] ] ] } },
{ "type": "Feature", "properties": { "name": "Lake Abbe" }, "geometry": { "type": "Polygon", "coordinates": [ [ [ 41.798385, 11.277498 ], [ 41.8655, 11.22775 ], [ 41.882279, 11.206556 ], [ 41.874331, 11.171821 ], [ 41.842246, 11.133848 ], [ 41.772187, 11.079685 ], [ 41.730682, 11.102057 ], [ 41.697124, 11.139441 ], [ 41.680051, 11.183007 ], [ 41.687116, 11.224512 ], [ 41.702717, 11.249239 ], [ 41.720968, 11.271022 ], [ 41.744222, 11.28574 ], [ 41.773364, 11.288684 ], [ 41.798385, 11.277498 ] ] ] } },
{ "type": "Feature", "properties": { "name": "Lake Eyasi" }, "geometry": { "type": "Polygon", "coordinates": [ [ [ 34.755429, -3.777755 ], [ 34.76897, -3.764215 ], [ 34.777801, -3.747142 ], [ 34.792225, -3.729774 ], [ 34.805471, -3.711229 ], [ 34.754252, -3.723004 ], [ 34.733352, -3.69445 ], [ 34.746893, -3.689741 ], [ 34.761022, -3.688857 ], [ 34.772502, -3.675317 ], [ 34.783394, -3.661187 ], [ 34.805766, -3.64588 ], [ 34.816657, -3.616738 ], [ 34.91733, -3.623509 ], [ 35.010643, -3.584947 ], [ 35.083057, -3.525191 ], [ 35.15547, -3.46102 ], [ 35.175781, -3.448068 ], [ 35.195798, -3.432172 ], [ 35.204923, -3.41451 ], [ 35.214049, -3.397143 ], [ 35.258203, -3.357403 ], [ 35.302652, -3.352694 ], [ 35.325024, -3.399498 ], [ 35.338859, -3.448362 ], [ 35.313544, -3.479859 ], [ 35.272333, -3.494283 ], [ 35.269095, -3.506352 ], [ 35.261147, -3.519598 ], [ 35.242013, -3.526663 ], [ 35.22494, -3.536082 ], [ 35.223763, -3.572584 ], [ 35.249961, -3.583181 ], [ 35.226412, -3.614678 ], [ 35.194621, -3.644408 ], [ 35.172543, -3.65059 ], [ 35.153115, -3.658244 ], [ 35.137514, -3.679143 ], [ 35.119263, -3.69445 ], [ 35.075992, -3.701809 ], [ 35.033309, -3.713878 ], [ 35.008582, -3.716822 ], [ 34.983267, -3.716822 ], [ 34.957657, -3.72683 ], [ 34.932342, -3.738605 ], [ 34.884655, -3.756561 ], [ 34.839029, -3.777755 ], [ 34.799878, -3.792768 ], [ 34.755429, -3.777755 ] ] ] } },
{ "type": "Feature", "properties": { "name": "Lake Natron" }, "geometry": { "type": "Polygon", "coordinates": [ [ [ 36.000001, -2.494328 ], [ 36.015013, -2.519349 ], [ 36.035913, -2.494622 ], [ 36.032087, -2.453117 ], [ 36.000001, -2.422209 ], [ 35.978218, -2.353327 ], [ 35.977924, -2.277676 ], [ 35.964677, -2.197609 ], [ 36.005594, -2.136087 ], [ 36.013836, -2.122252 ], [ 36.022373, -2.108416 ], [ 36.033264, -2.114598 ], [ 36.035913, -2.133437 ], [ 36.069765, -2.157575 ], [ 36.102734, -2.186129 ], [ 36.118041, -2.267079 ], [ 36.098318, -2.343025 ], [ 36.089193, -2.362453 ], [ 36.082423, -2.383058 ], [ 36.083306, -2.4122 ], [ 36.083306, -2.438987 ], [ 36.074475, -2.453117 ], [ 36.061817, -2.466069 ], [ 36.054753, -2.481965 ], [ 36.055636, -2.499921 ], [ 36.037679, -2.538188 ], [ 36.016485, -2.572334 ], [ 35.981456, -2.581754 ], [ 35.94466, -2.583226 ], [ 35.924055, -2.556733 ], [ 35.940245, -2.516405 ], [ 35.96085, -2.491973 ], [ 36.000001, -2.494328 ] ] ] } },
{ "type": "Feature", "properties": { "name": "Aydar Ko‘l" }, "geometry": { "type": "Polygon", "coordinates": [ [ [ 68.033883, 41.04301 ], [ 68.045952, 41.050369 ], [ 68.058609, 41.055079 ], [ 68.040359, 41.015928 ], [ 68.013866, 40.934389 ], [ 67.975304, 40.861387 ], [ 67.904657, 40.814583 ], [ 67.889055, 40.813111 ], [ 67.859619, 40.818704 ], [ 67.846078, 40.818999 ], [ 67.830477, 40.812523 ], [ 67.816936, 40.791623 ], [ 67.80369, 40.78338 ], [ 67.789266, 40.783675 ], [ 67.775137, 40.790445 ], [ 67.76189, 40.799571 ], [ 67.748938, 40.806341 ], [ 67.734809, 40.809579 ], [ 67.721562, 40.810756 ], [ 67.708316, 40.809579 ], [ 67.694481, 40.806341 ], [ 67.666516, 40.793389 ], [ 67.617946, 40.75836 ], [ 67.587921, 40.748646 ], [ 67.53052, 40.752178 ], [ 67.501967, 40.747762 ], [ 67.485188, 40.728923 ], [ 67.490781, 40.719503 ], [ 67.574675, 40.651211 ], [ 67.591748, 40.632077 ], [ 67.602345, 40.610294 ], [ 67.603817, 40.595871 ], [ 67.602345, 40.565551 ], [ 67.6047, 40.550538 ], [ 67.612648, 40.53847 ], [ 67.623539, 40.525223 ], [ 67.630604, 40.512566 ], [ 67.627366, 40.501085 ], [ 67.60676, 40.497259 ], [ 67.577029, 40.506384 ], [ 67.528165, 40.531699 ], [ 67.51639, 40.539941 ], [ 67.490192, 40.565551 ], [ 67.477534, 40.57291 ], [ 67.438678, 40.585568 ], [ 67.421605, 40.595576 ], [ 67.364499, 40.644735 ], [ 67.326231, 40.668578 ], [ 67.309453, 40.688595 ], [ 67.312396, 40.706257 ], [ 67.322993, 40.724802 ], [ 67.329469, 40.746585 ], [ 67.32211, 40.766013 ], [ 67.302093, 40.771312 ], [ 67.251757, 40.769251 ], [ 67.227914, 40.776021 ], [ 67.179049, 40.798099 ], [ 67.156089, 40.801042 ], [ 67.133128, 40.793389 ], [ 67.117233, 40.782792 ], [ 67.100748, 40.775138 ], [ 67.074844, 40.776021 ], [ 67.047468, 40.78603 ], [ 66.884979, 40.883464 ], [ 66.852599, 40.893473 ], [ 66.492886, 40.943367 ], [ 66.133173, 40.993262 ], [ 66.114629, 41.003565 ], [ 66.121693, 41.016223 ], [ 66.128464, 41.017694 ], [ 66.155545, 41.016223 ], [ 66.148775, 41.016223 ], [ 66.229136, 41.013868 ], [ 66.275646, 41.026525 ], [ 66.300667, 41.023287 ], [ 66.348059, 41.009452 ], [ 66.443728, 41.002682 ], [ 66.457268, 41.005037 ], [ 66.481112, 41.015928 ], [ 66.49377, 41.019461 ], [ 66.508193, 41.018872 ], [ 66.544989, 41.00592 ], [ 66.769294, 40.993851 ], [ 66.835821, 41.002387 ], [ 66.984769, 41.001504 ], [ 67.036283, 40.993262 ], [ 67.084853, 40.977072 ], [ 67.11635, 40.953229 ], [ 67.137838, 40.952934 ], [ 67.177577, 40.960882 ], [ 67.197888, 40.961471 ], [ 67.211135, 40.958527 ], [ 67.232035, 40.950285 ], [ 67.267358, 40.946753 ], [ 67.273834, 40.940865 ], [ 67.272363, 40.917316 ], [ 67.289141, 40.891118 ], [ 67.328586, 40.880226 ], [ 67.408359, 40.87375 ], [ 67.398939, 40.859621 ], [ 67.384515, 40.849907 ], [ 67.368914, 40.84137 ], [ 67.353901, 40.831362 ], [ 67.372741, 40.82047 ], [ 67.396584, 40.818115 ], [ 67.476357, 40.824297 ], [ 67.53994, 40.820765 ], [ 67.764834, 40.881698 ], [ 67.905245, 40.952051 ], [ 67.956759, 40.990613 ], [ 67.996793, 41.040655 ], [ 68.020342, 41.060966 ], [ 68.020636, 41.059494 ], [ 68.033883, 41.04301 ] ] ] } },
{ "type": "Feature", "properties": { "name": "Great Bitter Lake" }, "geometry": { "type": "Polygon", "coordinates": [ [ [ 32.560062, 30.179502 ], [ 32.550642, 30.195692 ], [ 32.550642, 30.200107 ], [ 32.547993, 30.203345 ], [ 32.543577, 30.209527 ], [ 32.536807, 30.203345 ], [ 32.536807, 30.229838 ], [ 32.532391, 30.230427 ], [ 32.53092, 30.229249 ], [ 32.526504, 30.233076 ], [ 32.520617, 30.241318 ], [ 32.512669, 30.249266 ], [ 32.491769, 30.265456 ], [ 32.487059, 30.266928 ], [ 32.464688, 30.249266 ], [ 32.461155, 30.243084 ], [ 32.457623, 30.240729 ], [ 32.447615, 30.244262 ], [ 32.437312, 30.24956 ], [ 32.413468, 30.271343 ], [ 32.398161, 30.280174 ], [ 32.361072, 30.291654 ], [ 32.344293, 30.298719 ], [ 32.331341, 30.309905 ], [ 32.309852, 30.336103 ], [ 32.296606, 30.3467 ], [ 32.306025, 30.374371 ], [ 32.310441, 30.380847 ], [ 32.305731, 30.399686 ], [ 32.326337, 30.413227 ], [ 32.372257, 30.428534 ], [ 32.386092, 30.422352 ], [ 32.393157, 30.408517 ], [ 32.432602, 30.362596 ], [ 32.437901, 30.359064 ], [ 32.44261, 30.354648 ], [ 32.447615, 30.3467 ], [ 32.449675, 30.336103 ], [ 32.448792, 30.327567 ], [ 32.448792, 30.319913 ], [ 32.454091, 30.313143 ], [ 32.449969, 30.30284 ], [ 32.459683, 30.291949 ], [ 32.475285, 30.282823 ], [ 32.48912, 30.277819 ], [ 32.526799, 30.272815 ], [ 32.537984, 30.266633 ], [ 32.550642, 30.250443 ], [ 32.552703, 30.253093 ], [ 32.553291, 30.25427 ], [ 32.554174, 30.255447 ], [ 32.557412, 30.257802 ], [ 32.559473, 30.254564 ], [ 32.559473, 30.253387 ], [ 32.560062, 30.252504 ], [ 32.564183, 30.250443 ], [ 32.564183, 30.245733 ], [ 32.562417, 30.24485 ], [ 32.559473, 30.245439 ], [ 32.557412, 30.244262 ], [ 32.571542, 30.236608 ], [ 32.565066, 30.236019 ], [ 32.563594, 30.234548 ], [ 32.564183, 30.229838 ], [ 32.573014, 30.211882 ], [ 32.569481, 30.190099 ], [ 32.560062, 30.179502 ] ] ] } },
{ "type": "Feature", "properties": { "name": "Qypshaq Kli" }, "geometry": { "type": "Polygon", "coordinates": [ [ [ 68.44246, 50.150341 ], [ 68.451291, 50.140627 ], [ 68.453057, 50.096767 ], [ 68.451291, 50.089408 ], [ 68.434512, 50.080871 ], [ 68.416556, 50.082049 ], [ 68.402132, 50.091174 ], [ 68.396539, 50.106481 ], [ 68.386531, 50.116195 ], [ 68.321182, 50.130325 ], [ 68.33119, 50.150341 ], [ 68.33384, 50.165943 ], [ 68.340021, 50.179483 ], [ 68.361804, 50.192435 ], [ 68.380938, 50.185959 ], [ 68.418911, 50.195673 ], [ 68.431274, 50.185076 ], [ 68.417733, 50.169769 ], [ 68.426564, 50.159172 ], [ 68.44246, 50.150341 ] ] ] } },
{ "type": "Feature", "properties": { "name": "Ozero Shalkar" }, "geometry": { "type": "Polygon", "coordinates": [ [ [ 70.006417, 50.512998 ], [ 70.016131, 50.495042 ], [ 70.024962, 50.472964 ], [ 70.02084, 50.445883 ], [ 70.003767, 50.4241 ], [ 69.97963, 50.410265 ], [ 69.953725, 50.407321 ], [ 69.932237, 50.419096 ], [ 69.920757, 50.434992 ], [ 69.891026, 50.49357 ], [ 69.872481, 50.515647 ], [ 69.852464, 50.526833 ], [ 69.805955, 50.538019 ], [ 69.779756, 50.56775 ], [ 69.777107, 50.57923 ], [ 69.795063, 50.583057 ], [ 69.816257, 50.578052 ], [ 69.835685, 50.56775 ], [ 69.852759, 50.55362 ], [ 69.866888, 50.538313 ], [ 69.882195, 50.529777 ], [ 69.903684, 50.523006 ], [ 69.923406, 50.513881 ], [ 69.932237, 50.497397 ], [ 69.937535, 50.472081 ], [ 69.951665, 50.450887 ], [ 69.971387, 50.441468 ], [ 69.992876, 50.452653 ], [ 69.981101, 50.459424 ], [ 69.97698, 50.469138 ], [ 69.975803, 50.480618 ], [ 69.972859, 50.49357 ], [ 69.963439, 50.514175 ], [ 69.956375, 50.523301 ], [ 69.945778, 50.534487 ], [ 69.961085, 50.541551 ], [ 69.977569, 50.54214 ], [ 69.993465, 50.537136 ], [ 70.007005, 50.527716 ], [ 70.006417, 50.512998 ] ] ] } },
{ "type": "Feature", "properties": { "name": "South Aral Sea" }, "geometry": { "type": "Polygon", "coordinates": [ [ [ 58.312075, 45.06201 ], [ 58.326844, 45.076779 ], [ 58.357029, 45.103283 ], [ 58.37249, 45.130523 ], [ 58.37838, 45.174696 ], [ 58.386478, 45.202673 ], [ 58.403411, 45.223287 ], [ 58.410037, 45.23433 ], [ 58.407152, 45.252121 ], [ 58.410236, 45.275671 ], [ 58.412885, 45.283619 ], [ 58.417007, 45.290684 ], [ 58.455988, 45.328925 ], [ 58.469119, 45.348444 ], [ 58.487399, 45.358379 ], [ 58.489858, 45.360817 ], [ 58.499304, 45.364273 ], [ 58.523599, 45.389673 ], [ 58.532434, 45.395195 ], [ 58.546054, 45.402925 ], [ 58.549367, 45.40771 ], [ 58.548291, 45.422776 ], [ 58.549176, 45.42462 ], [ 58.549013, 45.43252 ], [ 58.553416, 45.449307 ], [ 58.552552, 45.464575 ], [ 58.553784, 45.470657 ], [ 58.557465, 45.480228 ], [ 58.56446, 45.489063 ], [ 58.570349, 45.507468 ], [ 58.571454, 45.524033 ], [ 58.57403, 45.532132 ], [ 58.580288, 45.538758 ], [ 58.592644, 45.548691 ], [ 58.596569, 45.557967 ], [ 58.600395, 45.570919 ], [ 58.60275, 45.5771 ], [ 58.604361, 45.57914 ], [ 58.614062, 45.583575 ], [ 58.634309, 45.587256 ], [ 58.638358, 45.590201 ], [ 58.639462, 45.594618 ], [ 58.638423, 45.614882 ], [ 58.638663, 45.615662 ], [ 58.639546, 45.62361 ], [ 58.639536, 45.624259 ], [ 58.635781, 45.639528 ], [ 58.64065, 45.654391 ], [ 58.640997, 45.657432 ], [ 58.647192, 45.668977 ], [ 58.647192, 45.686193 ], [ 58.649153, 45.691422 ], [ 58.652714, 45.721985 ], [ 58.658385, 45.731638 ], [ 58.668911, 45.741863 ], [ 58.669205, 45.763605 ], [ 58.671856, 45.771311 ], [ 58.677009, 45.784932 ], [ 58.685476, 45.80076 ], [ 58.694745, 45.815693 ], [ 58.695712, 45.818054 ], [ 58.711704, 45.834903 ], [ 58.727164, 45.845578 ], [ 58.738944, 45.850731 ], [ 58.745938, 45.851468 ], [ 58.751092, 45.848891 ], [ 58.758454, 45.844105 ], [ 58.765816, 45.844473 ], [ 58.77097, 45.847418 ], [ 58.7787, 45.848155 ], [ 58.79821, 45.844473 ], [ 58.815879, 45.840056 ], [ 58.832076, 45.834534 ], [ 58.838334, 45.834166 ], [ 58.840542, 45.837111 ], [ 58.839438, 45.841897 ], [ 58.821401, 45.861407 ], [ 58.814039, 45.874659 ], [ 58.81367, 45.881653 ], [ 58.81772, 45.896377 ], [ 58.822505, 45.903371 ], [ 58.837229, 45.912942 ], [ 58.849377, 45.918096 ], [ 58.861525, 45.921409 ], [ 58.870728, 45.921409 ], [ 58.87993, 45.918096 ], [ 58.886188, 45.912942 ], [ 58.892814, 45.91147 ], [ 58.903857, 45.911838 ], [ 58.930361, 45.907052 ], [ 58.945822, 45.903371 ], [ 58.9657, 45.904844 ], [ 58.989259, 45.898218 ], [ 58.99883, 45.898218 ], [ 59.006192, 45.906316 ], [ 59.017236, 45.907788 ], [ 59.025702, 45.906684 ], [ 59.041531, 45.895641 ], [ 59.049997, 45.893432 ], [ 59.059936, 45.894536 ], [ 59.065458, 45.899322 ], [ 59.066562, 45.907052 ], [ 59.06509, 45.915887 ], [ 59.069139, 45.931716 ], [ 59.079078, 45.943495 ], [ 59.095275, 45.949017 ], [ 59.116257, 45.951225 ], [ 59.149019, 45.946808 ], [ 59.164848, 45.942391 ], [ 59.172578, 45.937237 ], [ 59.176627, 45.929875 ], [ 59.179204, 45.925826 ], [ 59.185462, 45.930979 ], [ 59.189879, 45.9446 ], [ 59.196873, 45.956011 ], [ 59.209757, 45.967422 ], [ 59.224482, 45.975153 ], [ 59.240311, 45.993926 ], [ 59.25982, 46.001289 ], [ 59.280066, 46.006074 ], [ 59.294055, 46.006074 ], [ 59.302889, 46.002393 ], [ 59.309147, 45.994663 ], [ 59.309793, 45.993752 ], [ 59.309515, 45.977361 ], [ 59.301417, 45.95822 ], [ 59.283379, 45.929139 ], [ 59.243992, 45.892328 ], [ 59.224744, 45.882957 ], [ 59.172578, 45.874843 ], [ 59.150328, 45.877714 ], [ 59.104846, 45.896745 ], [ 59.104478, 45.890487 ], [ 59.098588, 45.88607 ], [ 59.084232, 45.882389 ], [ 59.077883, 45.878081 ], [ 59.072452, 45.877787 ], [ 59.067707, 45.87563 ], [ 59.059568, 45.877603 ], [ 59.052574, 45.87834 ], [ 59.045212, 45.875027 ], [ 59.031592, 45.863615 ], [ 59.02607, 45.853676 ], [ 59.019215, 45.843657 ], [ 59.013644, 45.838471 ], [ 58.986656, 45.819603 ], [ 58.959074, 45.810055 ], [ 58.930152, 45.796223 ], [ 58.924472, 45.796619 ], [ 58.914165, 45.794779 ], [ 58.909747, 45.790729 ], [ 58.909485, 45.775277 ], [ 58.909011, 45.774716 ], [ 58.903121, 45.739378 ], [ 58.901649, 45.689315 ], [ 58.87809, 45.617165 ], [ 58.869437, 45.596097 ], [ 58.807413, 45.570047 ], [ 58.766184, 45.562685 ], [ 58.75146, 45.546488 ], [ 58.735263, 45.506732 ], [ 58.710231, 45.486118 ], [ 58.671948, 45.459614 ], [ 58.661641, 45.439 ], [ 58.638082, 45.353598 ], [ 58.629247, 45.302063 ], [ 58.629247, 45.263779 ], [ 58.641027, 45.243165 ], [ 58.663113, 45.204881 ], [ 58.683727, 45.148929 ], [ 58.682255, 45.129787 ], [ 58.670475, 45.103283 ], [ 58.643971, 45.072362 ], [ 58.54679, 45.007574 ], [ 58.568877, 45.004629 ], [ 58.588019, 44.989905 ], [ 58.592436, 44.973708 ], [ 58.588019, 44.950149 ], [ 58.568877, 44.929535 ], [ 58.567036, 44.915178 ], [ 58.578816, 44.896037 ], [ 58.609737, 44.876895 ], [ 58.622989, 44.854808 ], [ 58.624462, 44.817997 ], [ 58.61121, 44.790021 ], [ 58.595013, 44.772352 ], [ 58.562619, 44.772352 ], [ 58.578816, 44.756155 ], [ 58.54495, 44.657501 ], [ 58.524336, 44.569155 ], [ 58.483107, 44.504367 ], [ 58.416847, 44.443997 ], [ 58.364275, 44.42472 ], [ 58.344299, 44.423487 ], [ 58.304574, 44.423751 ], [ 58.27807, 44.426696 ], [ 58.260032, 44.431481 ], [ 58.244572, 44.441788 ], [ 58.235001, 44.46093 ], [ 58.233528, 44.506576 ], [ 58.236776, 44.524463 ], [ 58.246044, 44.538969 ], [ 58.262241, 44.557375 ], [ 58.276229, 44.564737 ], [ 58.289481, 44.563265 ], [ 58.302733, 44.56032 ], [ 58.313776, 44.570627 ], [ 58.321139, 44.603021 ], [ 58.316163, 44.630032 ], [ 58.281383, 44.689159 ], [ 58.256351, 44.731123 ], [ 58.237946, 44.765726 ], [ 58.229111, 44.796647 ], [ 58.221012, 44.84671 ], [ 58.222485, 44.869533 ], [ 58.227638, 44.887938 ], [ 58.235016, 44.901275 ], [ 58.236509, 44.908195 ], [ 58.262977, 44.945363 ], [ 58.281383, 44.963769 ], [ 58.2858, 44.988064 ], [ 58.300157, 45.015631 ], [ 58.299788, 45.028925 ], [ 58.304942, 45.049539 ], [ 58.311666, 45.059033 ], [ 58.312075, 45.06201 ] ] ] } },
{ "type": "Feature", "properties": { "name": "Barsakelmes Lake" }, "geometry": { "type": "Polygon", "coordinates": [ [ [ 59.728654, 46.082839 ], [ 59.591672, 46.209087 ], [ 59.530566, 46.289335 ], [ 59.504062, 46.318784 ], [ 59.517038, 46.323836 ], [ 59.547499, 46.326882 ], [ 59.570322, 46.323937 ], [ 59.583574, 46.315839 ], [ 59.589463, 46.304059 ], [ 59.614495, 46.309949 ], [ 59.660141, 46.31952 ], [ 59.694743, 46.320256 ], [ 59.730822, 46.321671 ], [ 59.75953, 46.309213 ], [ 59.784562, 46.284181 ], [ 59.800759, 46.256941 ], [ 59.80545, 46.243873 ], [ 59.802231, 46.218658 ], [ 59.802231, 46.195835 ], [ 59.807385, 46.181111 ], [ 59.814747, 46.161233 ], [ 59.817692, 46.139882 ], [ 59.813275, 46.123685 ], [ 59.797814, 46.109697 ], [ 59.728654, 46.082839 ] ] ] } },
{ "type": "Feature", "properties": { "name": "North Aral Sea" }, "geometry": { "type": "Polygon", "coordinates": [ [ [ 60.782878, 46.085954 ], [ 60.752342, 46.117724 ], [ 60.796057, 46.148461 ], [ 60.807538, 46.158764 ], [ 60.816663, 46.170538 ], [ 60.82255, 46.184668 ], [ 60.824905, 46.198503 ], [ 60.824808, 46.201046 ], [ 60.810026, 46.233566 ], [ 60.747447, 46.318232 ], [ 60.737876, 46.339582 ], [ 60.728305, 46.349889 ], [ 60.722416, 46.363877 ], [ 60.722416, 46.374185 ], [ 60.705814, 46.375191 ], [ 60.684868, 46.339582 ], [ 60.672353, 46.335901 ], [ 60.66499, 46.327066 ], [ 60.655419, 46.324121 ], [ 60.637014, 46.329275 ], [ 60.634805, 46.318232 ], [ 60.629652, 46.319704 ], [ 60.625234, 46.325594 ], [ 60.615664, 46.327803 ], [ 60.605356, 46.321177 ], [ 60.595049, 46.303507 ], [ 60.587687, 46.296145 ], [ 60.579589, 46.2932 ], [ 60.560447, 46.295409 ], [ 60.507439, 46.317495 ], [ 60.471364, 46.330747 ], [ 60.440443, 46.352834 ], [ 60.41762, 46.368295 ], [ 60.380809, 46.388909 ], [ 60.348415, 46.402897 ], [ 60.331482, 46.405106 ], [ 60.318966, 46.397007 ], [ 60.30277, 46.388909 ], [ 60.287309, 46.382283 ], [ 60.265222, 46.379338 ], [ 60.221785, 46.378602 ], [ 60.196754, 46.374921 ], [ 60.183612, 46.367752 ], [ 60.176876, 46.359092 ], [ 60.169882, 46.354675 ], [ 60.153317, 46.353938 ], [ 60.133439, 46.356515 ], [ 60.102149, 46.369031 ], [ 60.077118, 46.381915 ], [ 60.065706, 46.392222 ], [ 60.049878, 46.403633 ], [ 60.054663, 46.408419 ], [ 60.023006, 46.41799 ], [ 60.013435, 46.423879 ], [ 60.003864, 46.425352 ], [ 59.995029, 46.428297 ], [ 59.988403, 46.437868 ], [ 59.98325, 46.454801 ], [ 59.97736, 46.481305 ], [ 59.981777, 46.507809 ], [ 59.989876, 46.550509 ], [ 60.001655, 46.57186 ], [ 60.003771, 46.573447 ], [ 60.004807, 46.575878 ], [ 60.011045, 46.584255 ], [ 60.03635, 46.601125 ], [ 60.055859, 46.607014 ], [ 60.076105, 46.610696 ], [ 60.102978, 46.614377 ], [ 60.115861, 46.619162 ], [ 60.132426, 46.634255 ], [ 60.161507, 46.650083 ], [ 60.185066, 46.661863 ], [ 60.199054, 46.665544 ], [ 60.214515, 46.67806 ], [ 60.237338, 46.695729 ], [ 60.253535, 46.700146 ], [ 60.270468, 46.703091 ], [ 60.286665, 46.700146 ], [ 60.306543, 46.688367 ], [ 60.332942, 46.669227 ], [ 60.349244, 46.648611 ], [ 60.367649, 46.616953 ], [ 60.38311, 46.579406 ], [ 60.394889, 46.544068 ], [ 60.405933, 46.498422 ], [ 60.405447, 46.489148 ], [ 60.410868, 46.482523 ], [ 60.416218, 46.500016 ], [ 60.417505, 46.502875 ], [ 60.418082, 46.504104 ], [ 60.421025, 46.519312 ], [ 60.428993, 46.52728 ], [ 60.453921, 46.573614 ], [ 60.453419, 46.603241 ], [ 60.450474, 46.612076 ], [ 60.450658, 46.618426 ], [ 60.453419, 46.622383 ], [ 60.459309, 46.627537 ], [ 60.468879, 46.623855 ], [ 60.470907, 46.622452 ], [ 60.474401, 46.622015 ], [ 60.475953, 46.619084 ], [ 60.476978, 46.618426 ], [ 60.472561, 46.610143 ], [ 60.472929, 46.606094 ], [ 60.518206, 46.586216 ], [ 60.535507, 46.575541 ], [ 60.558698, 46.565602 ], [ 60.580049, 46.563025 ], [ 60.606185, 46.56597 ], [ 60.629744, 46.5737 ], [ 60.647781, 46.581063 ], [ 60.670604, 46.589161 ], [ 60.68224, 46.599108 ], [ 60.688615, 46.602959 ], [ 60.691715, 46.605824 ], [ 60.693059, 46.609407 ], [ 60.696595, 46.612944 ], [ 60.758214, 46.634439 ], [ 60.765577, 46.642537 ], [ 60.763529, 46.646632 ], [ 60.764435, 46.64729 ], [ 60.739809, 46.656525 ], [ 60.69858, 46.677139 ], [ 60.635265, 46.715423 ], [ 60.57195, 46.736037 ], [ 60.541765, 46.743399 ], [ 60.525568, 46.750762 ], [ 60.521151, 46.760332 ], [ 60.519679, 46.769903 ], [ 60.524832, 46.777266 ], [ 60.542502, 46.777266 ], [ 60.566612, 46.780357 ], [ 60.570794, 46.782697 ], [ 60.580049, 46.783892 ], [ 60.594037, 46.781683 ], [ 60.605817, 46.775793 ], [ 60.632321, 46.775793 ], [ 60.652935, 46.769167 ], [ 60.674285, 46.761805 ], [ 60.691954, 46.761069 ], [ 60.717722, 46.755179 ], [ 60.76484, 46.755179 ], [ 60.788399, 46.755179 ], [ 60.810767, 46.747149 ], [ 60.817848, 46.738982 ], [ 60.822266, 46.727203 ], [ 60.819321, 46.712478 ], [ 60.794289, 46.663887 ], [ 60.787663, 46.619714 ], [ 60.77583, 46.59282 ], [ 60.776041, 46.591185 ], [ 60.777875, 46.588056 ], [ 60.776068, 46.581431 ], [ 60.784166, 46.566706 ], [ 60.812879, 46.547565 ], [ 60.839383, 46.508545 ], [ 60.892391, 46.473206 ], [ 60.946871, 46.459954 ], [ 61.011658, 46.461427 ], [ 61.083808, 46.459954 ], [ 61.133871, 46.449647 ], [ 61.144555, 46.453493 ], [ 61.157831, 46.4546 ], [ 61.197805, 46.467541 ], [ 61.197709, 46.468053 ], [ 61.226635, 46.468053 ], [ 61.244304, 46.476151 ], [ 61.267127, 46.49971 ], [ 61.267863, 46.513698 ], [ 61.256084, 46.527687 ], [ 61.239151, 46.535049 ], [ 61.230316, 46.547565 ], [ 61.233997, 46.557135 ], [ 61.236206, 46.569651 ], [ 61.220009, 46.566706 ], [ 61.206021, 46.570387 ], [ 61.206757, 46.579958 ], [ 61.216328, 46.588057 ], [ 61.233261, 46.580695 ], [ 61.296576, 46.61088 ], [ 61.30173, 46.632966 ], [ 61.314981, 46.647691 ], [ 61.366517, 46.649163 ], [ 61.384186, 46.663887 ], [ 61.409218, 46.672722 ], [ 61.426887, 46.657998 ], [ 61.456336, 46.672722 ], [ 61.528486, 46.677139 ], [ 61.506399, 46.638856 ], [ 61.479895, 46.627076 ], [ 61.453391, 46.602045 ], [ 61.450446, 46.584376 ], [ 61.326761, 46.498974 ], [ 61.310564, 46.475415 ], [ 61.279643, 46.479832 ], [ 61.276985, 46.429339 ], [ 61.287552, 46.418452 ], [ 61.289016, 46.416945 ], [ 61.296576, 46.409155 ], [ 61.300257, 46.38486 ], [ 61.290256, 46.386439 ], [ 61.291178, 46.381597 ], [ 61.288823, 46.372767 ], [ 61.288155, 46.371784 ], [ 61.28995, 46.364246 ], [ 61.280379, 46.329643 ], [ 61.265655, 46.30682 ], [ 61.25724, 46.306454 ], [ 61.255266, 46.300059 ], [ 61.247318, 46.289756 ], [ 61.247055, 46.289556 ], [ 61.244304, 46.274427 ], [ 61.231789, 46.250867 ], [ 61.217064, 46.236879 ], [ 61.206065, 46.234577 ], [ 61.200808, 46.230883 ], [ 61.188445, 46.225879 ], [ 61.179061, 46.223959 ], [ 61.165713, 46.215529 ], [ 61.120067, 46.217001 ], [ 61.095035, 46.19197 ], [ 61.040555, 46.18019 ], [ 61.003233, 46.18019 ], [ 60.976685, 46.16988 ], [ 60.946319, 46.140434 ], [ 60.896256, 46.118348 ], [ 60.868279, 46.112458 ], [ 60.862482, 46.090003 ], [ 60.782878, 46.085954 ] ] ] } },
{ "type": "Feature", "properties": { "name": null }, "geometry": { "type": "Polygon", "coordinates": [ [ [ 59.809244, 46.01734 ], [ 59.840745, 46.027654 ], [ 59.865776, 46.04017 ], [ 59.93719, 46.055631 ], [ 59.978418, 46.060048 ], [ 59.981748, 46.060336 ], [ 60.006395, 46.050477 ], [ 60.014493, 46.039679 ], [ 60.023466, 46.031105 ], [ 60.026411, 46.017117 ], [ 60.022729, 45.994294 ], [ 60.011318, 45.970551 ], [ 59.998802, 45.960244 ], [ 59.982237, 45.953986 ], [ 59.97009, 45.944415 ], [ 59.960151, 45.943311 ], [ 59.954629, 45.945888 ], [ 59.953157, 45.95141 ], [ 59.956101, 45.958772 ], [ 59.962165, 45.961878 ], [ 59.958991, 45.966666 ], [ 59.952282, 45.969309 ], [ 59.945656, 45.977775 ], [ 59.942921, 45.990904 ], [ 59.942552, 45.991462 ], [ 59.943448, 46.007592 ], [ 59.938294, 46.009065 ], [ 59.934613, 46.016427 ], [ 59.927987, 46.020844 ], [ 59.921729, 46.022869 ], [ 59.892786, 46.000184 ], [ 59.86746, 45.988743 ], [ 59.860761, 45.987208 ], [ 59.854674, 45.988114 ], [ 59.809262, 46.012442 ], [ 59.808581, 46.013804 ], [ 59.809244, 46.01734 ] ] ] } }
]
}
